sunday night speaker mtg.|Location is: key largo florida|1|20:00:00|21:00:00|98.8 oceanside, key_largo, FL 
noontimers 7am|Location is: St Francis|2|07:00:00|08:00:00|101 I don&#39;t know it, gulf_breeze, FL 
Deltona/Debary Group|Location is: Orange City, Fla|6|20:00:00|21:00:00|First Congregational Church W. University Ave., orange_city, FL 
Back To Basics Group|Location is: Resurrection Lutheran Church|3|12:00:00|13:00:00|Corner of Main & Memorial , AVON PARK, FL 33825
Back To Basics Group|Location is: Resurrection Lutheran Church|5|12:00:00|13:00:00|Corner of Main & Memorial , AVON PARK, FL 33825
Back To Basics Group|Location is: Resurrection Lutheran Church|7|12:00:00|13:00:00|Corner of Main & Memorial , AVON PARK, FL 33825
High Noon Meeting|Location is: Holy Cross Episcopal Church|2|00:00:00|01:00:00|3600 Cypress Gardens Road, WINTER HAVEN, FL 33884
High Noon Meeting|Location is: Holy Cross Episcopal Church|4|00:00:00|01:00:00|3600 Cypress Gardens Road, WINTER HAVEN, FL 33884
High Noon Meeting|Location is: Holy Cross Episcopal Church|6|00:00:00|01:00:00|3600 Cypress Gardens Road, WINTER HAVEN, FL 33884
Young People_s Meeting|Location is: Families of Polk County|5|19:45:00|20:45:00|970A Main Street East, BARTOW, FL 33830
Bartow Big Book Study Group|Location is: Holy Trinity Episcopal Church|2|20:00:00|21:00:00|Corner of Stuart St. & Floral Ave., BARTOW, FL 33830
Bartow Thursday Night Group|Location is: Holy Trinity Episcopal Church|5|20:00:00|21:00:00|Floral Avenue and Stuart Street, BARTOW, FL 33830
Open Discussion Meeting|Location is: Holy Trinity Episcopal Church|7|18:00:00|19:00:00|Corner of Floral and Stuart, BARTOW, FL 33830
Women_s Meeting|Location is: Lake Placid Health Care Conf. Rm.|4|19:00:00|20:00:00|725 Tomoka Boulevard, LAKE PLACID, FL 33852
As Bill Sees It Group|Location is: As Bill Sees It Group|2|18:00:00|19:00:00|Corner of Merrill Ave. & 3rd St., DUNDEE, FL 33838
AGAPE Group Women_s Meeting|Location is: Tri-County Rehab Service|4|19:00:00|20:00:00|759 Carroll Avenue SW, WINTER HAVEN, FL 33880
Lake Alfred Group|Location is: First Presbyterian Church|2|20:00:00|21:00:00|Glencruiten & E. Haines Street, LAKE ALFRED, FL 33850
Sober Lunch Bunch|Location is: Grace Lutheran Church|2|00:00:00|01:00:00|745 S. Ingraham Avenue, LAKELAND, FL 33801
Sober Lunch Bunch|Location is: Grace Lutheran Church|3|00:00:00|01:00:00|745 S. Ingraham Avenue, LAKELAND, FL 33801
Sober Lunch Bunch|Location is: Grace Lutheran Church|4|00:00:00|01:00:00|745 S. Ingraham Avenue, LAKELAND, FL 33801
Sober Lunch Bunch|Location is: Grace Lutheran Church|5|00:00:00|01:00:00|745 S. Ingraham Avenue, LAKELAND, FL 33801
Sober Lunch Bunch|Location is: Grace Lutheran Church|6|00:00:00|01:00:00|745 S. Ingraham Avenue, LAKELAND, FL 33801
Sober Lunch Bunch|Location is: Grace Lutheran Church|7|00:00:00|01:00:00|745 S. Ingraham Avenue, LAKELAND, FL 33801
Sober Lunch Bunch 2|Location is: Grace Lutheran Church|7|20:00:00|21:00:00|745 S. Ingraham Avenue, LAKELAND, FL 33801
Young, Sober & Free|Location is: Grace Lutheran Church|1|15:30:00|16:30:00|745 S. Ingraham Avenue, LAKELAND, FL 33801
Phoenix Group|Location is: Aldersgate House|2|07:00:00|08:00:00|722 E. Walnut, LAKELAND, FL 33801
Phoenix Group|Location is: Aldersgate House|4|07:00:00|08:00:00|722 E. Walnut, LAKELAND, FL 33801
Phoenix Group|Location is: Aldersgate House|6|07:00:00|08:00:00|722 E. Walnut, LAKELAND, FL 33801
Living Sober|Location is: Westminster Presbyterian Church|4|20:00:00|21:00:00|730 S Florida Ave, Lakeland, FL 33801
Downtown Group|Location is: Westminster Presbyterian Church|5|20:00:00|21:00:00|730 S. Florida Avenue, LAKELAND, FL 33801
Anniversary Group|Location is: Westminster Presbyterian Church|7|10:00:00|11:00:00|730 S. Florida Avenue, LAKELAND, FL 33801
Downtown Group 2|Location is: Westminster Presbyterian Church|1|18:30:00|19:30:00|730 S. Florida Avenue, LAKELAND, FL 33801
Downtown Group|Location is: Westminster Presbyterian Church|1|20:00:00|21:00:00|730 S. Florida Avenue, LAKELAND, FL 33801
Keep It Real|Location is: Venus United Methodist Church|2|18:30:00|19:30:00|958 CR 731, Venus, FL 33960
Ridgeland Community Church|Location is: Ridgeland Community Church|2|19:00:00|20:00:00|8681 W Hwy192, Kissimmee, FL 
OBJECTIVO PRIMORDAL|Location is: OBJECTIVO PRIMORDAL|4|19:30:00|20:30:00|9 W DARLINGTON AVE, KISSIMMEE, FL 34741
OBJECTIVO PRIMORDAL|Location is: OBJECTIVO PRIMORDAL|5|19:30:00|20:30:00|9 W DARLINGTON AVE, KISSIMMEE, FL 34741
OBJECTIVO PRIMORDAL|Location is: OBJECTIVO PRIMORDAL|6|19:30:00|20:30:00|9 W DARLINGTON AVE, KISSIMMEE, FL 34741
RENACER|Location is: OBJECTIVO PRIMORDAL|1|19:30:00|20:30:00|9 W DARLINGTON AVE, KISSIMMEE, FL 34741
RENACER|Location is: OBJECTIVO PRIMORDAL|3|19:30:00|20:30:00|9 W DARLINGTON AVE, KISSIMMEE, FL 34741
RENACER|Location is: OBJECTIVO PRIMORDAL|7|19:30:00|20:30:00|9 W DARLINGTON AVE, KISSIMMEE, FL 34741
SYCAMORE MENS GROUP|Location is: SYCAMORE MENS GROUP|7|10:00:00|11:00:00|CORNER OF CLYDE AND JUNE, KISSIMMEE, FL 34741
NARCOOSSEE NO NAME GROUP|Location is: NARCOOSSEE BAPTIST CHURCH|5|20:00:00|21:00:00|870 NARCOOSSEE ROAD, NARCOOSSEE, FL 34771
In the Wind|Location is: 301 House|2|19:30:00|20:30:00|8601 Bowles Rd., Tampa, FL 33637
Attitude of Gratitude|Location is: 301 House|7|10:30:00|11:30:00|8601 Bowles Rd., Tampa, FL 33637
Attitude of Gratitude|Location is: 301 House|2|12:00:00|13:00:00|8601 Bowles Rd., Tampa, FL 33637
High nooners|Location is: 20th St. |1|01:00:00|02:00:00|7th Ave, Zephyrhills, FL 33542
La Seguda Oportunidad de Felsmere|Location is: La Seguda Oportunidad de Felsmere|1|10:00:00|11:00:00|9 S. Mulberry St, Vero Beach, FL 32948
La Seguda Oportunidad de Felsmere|Location is: La Seguda Oportunidad de Felsmere|2|10:00:00|11:00:00|9 S. Mulberry St, Vero Beach, FL 32948
La Seguda Oportunidad de Felsmere|Location is: La Seguda Oportunidad de Felsmere|3|20:00:00|21:00:00|9 S. Mulberry St, Vero Beach, FL 32948
La Seguda Oportunidad de Felsmere|Location is: La Seguda Oportunidad de Felsmere|4|20:00:00|21:00:00|9 S. Mulberry St, Vero Beach, FL 32948
La Seguda Oportunidad de Felsmere|Location is: La Seguda Oportunidad de Felsmere|5|20:00:00|21:00:00|9 S. Mulberry St, Vero Beach, FL 32948
Young People's 101 |Location is: Orlando |2|19:00:00|20:00:00|99 St. Marks St., Orlando, FL 32803
FROM THE HEART|Location is: CHRIST CHURCH UNITY|7|10:00:00|11:00:00|771 W HOLDEN AVE, ORLANDO, FL 32839
SUNDAY BEGINNERS GROUP|Location is: MEADOWLAND WORSHIP CENTER|1|19:00:00|20:00:00|8893 Fruitville Rd., Sarasota, FL 34240
ESPERANZA|Location is: ESPERANZA|1|15:00:00|16:00:00|800 E MICHIGAN ST, ORLANDO, FL 32806
ESPERANZA|Location is: ESPERANZA|3|19:00:00|20:00:00|800 E MICHIGAN ST, ORLANDO, FL 32806
ESPERANZA|Location is: ESPERANZA|4|12:00:00|13:00:00|800 E MICHIGAN ST, ORLANDO, FL 32806
ESPERANZA|Location is: ESPERANZA|5|19:00:00|20:00:00|800 E MICHIGAN ST, ORLANDO, FL 32806
ESPERANZA|Location is: ESPERANZA|7|17:00:00|18:00:00|800 E MICHIGAN ST, ORLANDO, FL 32806
MEN & WOMEN of SERENITY|Location is: Emmanuel Baptist Church|7|16:00:00|17:00:00|8305 US HWY 301 N, Parrish, FL 34219
TATUM RIDGE|Location is: Tatum Ridge Baptist|5|19:00:00|20:00:00|7811 Kennedy Lane, Sarasota, FL 34240
EARLY BIG BOOK/STEP|Location is: St Patrick's Catholic Church|2|19:00:00|20:00:00|7900 Bee Ridge Rd, Sarasota, FL 34241
HEARING IMPAIRED BIG BOOK/STEP|Location is: St Patrick's Catholic Church|2|19:00:00|20:00:00|7900 Bee Ridge Rd, Sarasota, FL 34241
MANANTIAL DE VIDA 5|Location is: MANANTIAL DE VIDA|1|10:00:00|11:00:00|900 W LANDCASTER ROAD, ORLANDO, FL 
MANANTIAL DE VIDA 6|Location is: MANANTIAL DE VIDA|1|19:30:00|20:30:00|900 W LANDCASTER ROAD, ORLANDO, FL 
MANANTIAL DE VIDA|Location is: MANANTIAL DE VIDA|2|12:00:00|13:00:00|900 W LANDCASTER ROAD, ORLANDO, FL 
MANANTIAL DE VIDA 2|Location is: MANANTIAL DE VIDA|2|20:00:00|21:00:00|900 W LANDCASTER ROAD, ORLANDO, FL 
MANANTIAL DE VIDA 2|Location is: MANANTIAL DE VIDA|3|20:00:00|21:00:00|900 W LANDCASTER ROAD, ORLANDO, FL 
MANANTIAL DE VIDA 3|Location is: MANANTIAL DE VIDA|4|18:30:00|19:30:00|900 W LANDCASTER ROAD, ORLANDO, FL 
MANANTIAL DE VIDA 2|Location is: MANANTIAL DE VIDA|4|20:00:00|21:00:00|900 W LANDCASTER ROAD, ORLANDO, FL 
MANANTIAL DE VIDA 2|Location is: MANANTIAL DE VIDA|5|20:00:00|21:00:00|900 W LANDCASTER ROAD, ORLANDO, FL 
MANANTIAL DE VIDA 2|Location is: MANANTIAL DE VIDA|6|20:00:00|21:00:00|900 W LANDCASTER ROAD, ORLANDO, FL 
MANANTIAL DE VIDA 2|Location is: MANANTIAL DE VIDA|7|20:00:00|21:00:00|900 W LANDCASTER ROAD, ORLANDO, FL 
MANANTIAL DE VIDA 4|Location is: MANANTIAL DE VIDA|7|null|N/A|900 W LANDCASTER ROAD, ORLANDO, FL 
FIRST EDITION GROUP|Location is: Sarasota Alliance Church|1|19:00:00|20:00:00|7221 Bee Ridge Rd, Sarasota, FL 34240
The Hope Group|Location is: Oakland|4|12:00:00|13:00:00|218 E Oakland Ave, Oakland, FL 34760
Central|Location is: Orlando|1|20:00:00|21:00:00|310 E Colonial Dr, Orlando, FL 32801
PINK CLOUD|Location is: ATONEMENT LUTHERAN CHURCH|3|19:00:00|20:00:00|7525 LAKE UNDERHILL ROAD, ORLANDO, FL 32822
AZALEA PARK GROUP|Location is: ST STEPHEN PRESBYTARIAN CHURCH|4|20:00:00|21:00:00|8601 LAKE UNDERHILL ROAD, ORLANDO, FL 32825
POSITEVELY SOBER|Location is: GLBCC|1|19:00:00|20:00:00|946 N MILLS AVE, ORLANDO, FL 32803
WAKE UP CALL|Location is: GLBCC|1|10:00:00|11:00:00|946 N MILLS AVE, ORLANDO, FL 32803
WAKE UP CALL|Location is: GLBCC|6|19:00:00|20:00:00|946 N MILLS AVE, ORLANDO, FL 32803
WAKE UP CALL|Location is: GLBCC|7|19:00:00|20:00:00|946 N MILLS AVE, ORLANDO, FL 32803
UNDER THE RAINBOW|Location is: Church of the Trinity MCC|5|19:00:00|20:00:00|7225 N. Lockwood Ridge Rd., Sarasota, FL 34243
UNDER THE RAINBOW|Location is: Church of the Trinity MCC|1|19:00:00|20:00:00|7225 N. Lockwood Ridge Rd., Sarasota, FL 34243
Together We Can|Location is: 1153 10th St Unit C|1|12:00:00|13:00:00|Clermont, FL, clermont, FL 
ORLO VISTA GROUP|Location is: SILVER STAR CHURCH|2|12:00:00|13:00:00|7501 SILVER STAR ROAD, ORLANDO, FL 32818
ORLO VISTA GROUP 2|Location is: SILVER STAR CHURCH|2|18:30:00|19:30:00|7501 SILVER STAR ROAD, ORLANDO, FL 32818
ORLO VISTA GROUP|Location is: SILVER STAR CHURCH|3|12:00:00|13:00:00|7501 SILVER STAR ROAD, ORLANDO, FL 32818
ORLO VISTA GROUP|Location is: SILVER STAR CHURCH|4|12:00:00|13:00:00|7501 SILVER STAR ROAD, ORLANDO, FL 32818
ORLO VISTA GROUP|Location is: SILVER STAR CHURCH|5|12:00:00|13:00:00|7501 SILVER STAR ROAD, ORLANDO, FL 32818
ORLO VISTA GROUP|Location is: SILVER STAR CHURCH|6|12:00:00|13:00:00|7501 SILVER STAR ROAD, ORLANDO, FL 32818
Clermont Lunch Bunch|Location is: 1st United Methodist|3|00:00:00|01:00:00|960 7th St, Clermont, FL 34711
Clermont Lunch Bunch|Location is: First United Methodist Church|5|00:00:00|01:00:00|950 7th St, Clermont, FL 34711
OSSABAW|Location is: St. Elizabeth’s Episcopal Church|4|20:00:00|21:00:00|901 Clearmont Street, Sebastian, FL 32958
lighthouse campfire meeting|Location is: lutz|6|20:30:00|21:30:00|countyline rd., lutz, FL 
Lunch Bunch|Location is: Sebastian Yacht Club|3|12:00:00|13:00:00|820 Indian River Dr., Vero Beach, FL 32958
Lunch Bunch|Location is: Sebastian Yacht Club|6|12:00:00|13:00:00|820 Indian River Dr., Vero Beach, FL 32958
GRUPO HISPANO GENESIS|Location is: GRUPO HISPANO GENESIS|2|20:00:00|21:00:00|731 Lime Ave., Sarasota, FL 34237
GRUPO HISPANO GENESIS|Location is: GRUPO HISPANO GENESIS|3|20:00:00|21:00:00|731 Lime Ave., Sarasota, FL 34237
GRUPO HISPANO GENESIS|Location is: GRUPO HISPANO GENESIS|4|20:00:00|21:00:00|731 Lime Ave., Sarasota, FL 34237
GRUPO HISPANO GENESIS|Location is: GRUPO HISPANO GENESIS|5|20:00:00|21:00:00|731 Lime Ave., Sarasota, FL 34237
GRUPO HISPANO GENESIS|Location is: GRUPO HISPANO GENESIS|6|20:00:00|21:00:00|731 Lime Ave., Sarasota, FL 34237
GRUPO HISPANO GENESIS|Location is: GRUPO HISPANO GENESIS|7|20:00:00|21:00:00|731 Lime Ave., Sarasota, FL 34237
GRUPO HISPANO GENESIS|Location is: GRUPO HISPANO GENESIS|1|20:00:00|21:00:00|731 Lime Ave., Sarasota, FL 34237
greenhouse|Location is: winter park|4|12:00:00|13:00:00|922 lewis ave, winter_park, FL 32789
GREENHOUSE 7|Location is: GREENHOUSE|1|11:00:00|12:00:00|990 LEWIS DR, WINTER PARK, FL 32789
GREENHOUSE 8|Location is: GREENHOUSE|1|19:00:00|20:00:00|990 LEWIS DR, WINTER PARK, FL 32789
GREENHOUSE 2|Location is: GREENHOUSE|2|18:00:00|19:00:00|990 LEWIS DR, WINTER PARK, FL 32789
GREENHOUSE 3|Location is: GREENHOUSE|2|20:00:00|21:00:00|990 LEWIS DR, WINTER PARK, FL 32789
GREENHOUSE 2|Location is: GREENHOUSE|3|18:00:00|19:00:00|990 LEWIS DR, WINTER PARK, FL 32789
GREENHOUSE 3|Location is: GREENHOUSE|3|20:00:00|21:00:00|990 LEWIS DR, WINTER PARK, FL 32789
GREENHOUSE 4|Location is: GREENHOUSE|4|06:30:00|07:30:00|990 LEWIS DR, WINTER PARK, FL 32789
GREENHOUSE 2|Location is: GREENHOUSE|4|18:00:00|19:00:00|990 LEWIS DR, WINTER PARK, FL 32789
GREENHOUSE 3|Location is: GREENHOUSE|4|20:00:00|21:00:00|990 LEWIS DR, WINTER PARK, FL 32789
GREENHOUSE 2|Location is: GREENHOUSE|5|18:00:00|19:00:00|990 LEWIS DR, WINTER PARK, FL 32789
GREENHOUSE 3|Location is: GREENHOUSE|5|20:00:00|21:00:00|990 LEWIS DR, WINTER PARK, FL 32789
GREENHOUSE 2|Location is: GREENHOUSE|6|18:00:00|19:00:00|990 LEWIS DR, WINTER PARK, FL 32789
GREENHOUSE 3|Location is: GREENHOUSE|6|20:00:00|21:00:00|990 LEWIS DR, WINTER PARK, FL 32789
GREENHOUSE 5|Location is: GREENHOUSE|6|22:30:00|23:30:00|990 LEWIS DR, WINTER PARK, FL 32789
GREENHOUSE 6|Location is: GREENHOUSE|7|09:00:00|10:00:00|990 LEWIS DR, WINTER PARK, FL 32789
GREENHOUSE 2|Location is: GREENHOUSE|7|18:00:00|19:00:00|990 LEWIS DR, WINTER PARK, FL 32789
GREENHOUSE 3|Location is: GREENHOUSE|7|20:00:00|21:00:00|990 LEWIS DR, WINTER PARK, FL 32789
The Green House Group|Location is: Winter Park|1|10:00:00|11:00:00|990 Lewis Rd, winter_park, FL 32789
Green House|Location is: Winter Park|1|11:00:00|12:00:00|990 Lewis Rd, winter_park, FL 32789
DRUNKARDS AWAKENING|Location is: LIONS CLUB|4|19:30:00|20:30:00|7406 EDGEWATER DR, ORLANDO, FL 32810
Miracles Happen|Location is: church|7|20:00:00|21:00:00|990 Belvedere Rd, orlando, FL 32820
MIRACLES HAPPEN|Location is: MIRACLES HAPPEN|2|20:00:00|21:00:00|990 N BELVEDERE ROAD, BITHLO, FL 32820
MIRACLES HAPPEN|Location is: MIRACLES HAPPEN|6|20:00:00|21:00:00|990 N BELVEDERE ROAD, BITHLO, FL 32820
TANGLEWOOD GROUP|Location is: ST RICHARDS EPISCOPAL CHURCH|6|20:00:00|21:00:00|5161 LAKE HOWELL ROAD, WINTER PARK, FL 32792
Sober Rainbow - Gay|Location is: Unity Church|5|19:30:00|20:30:00|950 43rd Avenue, Vero Beach, FL 32960
Sobriety to Serenity|Location is: Unity Church|7|12:00:00|13:00:00|950 43rd Avenue, Vero Beach, FL 32960
APPLIED BIG BOOK|Location is: 911 Clubhouse|5|19:30:00|20:30:00|911 Central, Sarasota, FL 34236
911 SOBER|Location is: 911 Clubhouse|6|19:30:00|20:30:00|911 Central, Sarasota, FL 34236
MAIN STREET MEN_S|Location is: 911 Clubhouse|7|10:00:00|11:00:00|911 Central Ave, Sarasota, FL 34236
63rd AVENUE|Location is: St. George Episcopal Church|2|19:30:00|20:30:00|912 63rd Ave. W., Bradenton, FL 34207
TODAYS WOMEN|Location is: LAKE HOWELL PLAZA|2|09:30:00|10:30:00|5407 LAKE HOWELL ROAD, WINTER PARK, FL 32792
WINTER PARK GROUP|Location is: LAKE HOWELL PLAZA|1|06:30:00|07:30:00|5407 LAKE HOWELL ROAD, WINTER PARK, FL 32792
WINTER PARK GROUP 9|Location is: LAKE HOWELL PLAZA|1|10:00:00|11:00:00|5407 LAKE HOWELL ROAD, WINTER PARK, FL 32792
WINTER PARK GROUP 10|Location is: LAKE HOWELL PLAZA|1|13:00:00|14:00:00|5407 LAKE HOWELL ROAD, WINTER PARK, FL 32792
WINTER PARK GROUP 3|Location is: LAKE HOWELL PLAZA|1|17:30:00|18:30:00|5407 LAKE HOWELL ROAD, WINTER PARK, FL 32792
WINTER PARK GROUP 4|Location is: LAKE HOWELL PLAZA|1|20:00:00|21:00:00|5407 LAKE HOWELL ROAD, WINTER PARK, FL 32792
WINTER PARK GROUP 5|Location is: LAKE HOWELL PLAZA|1|22:30:00|23:30:00|5407 LAKE HOWELL ROAD, WINTER PARK, FL 32792
WINTER PARK GROUP|Location is: LAKE HOWELL PLAZA|2|06:30:00|07:30:00|5407 LAKE HOWELL ROAD, WINTER PARK, FL 32792
WINTER PARK GROUP 2|Location is: LAKE HOWELL PLAZA|2|12:00:00|13:00:00|5407 LAKE HOWELL ROAD, WINTER PARK, FL 32792
WINTER PARK GROUP 3|Location is: LAKE HOWELL PLAZA|2|17:30:00|18:30:00|5407 LAKE HOWELL ROAD, WINTER PARK, FL 32792
WINTER PARK GROUP 4|Location is: LAKE HOWELL PLAZA|2|20:00:00|21:00:00|5407 LAKE HOWELL ROAD, WINTER PARK, FL 32792
WINTER PARK GROUP 5|Location is: LAKE HOWELL PLAZA|2|22:30:00|23:30:00|5407 LAKE HOWELL ROAD, WINTER PARK, FL 32792
WINTER PARK GROUP|Location is: LAKE HOWELL PLAZA|3|06:30:00|07:30:00|5407 LAKE HOWELL ROAD, WINTER PARK, FL 32792
WINTER PARK GROUP 2|Location is: LAKE HOWELL PLAZA|3|12:00:00|13:00:00|5407 LAKE HOWELL ROAD, WINTER PARK, FL 32792
WINTER PARK GROUP 3|Location is: LAKE HOWELL PLAZA|3|17:30:00|18:30:00|5407 LAKE HOWELL ROAD, WINTER PARK, FL 32792
WINTER PARK GROUP 6|Location is: LAKE HOWELL PLAZA|3|18:45:00|19:45:00|5407 LAKE HOWELL ROAD, WINTER PARK, FL 32792
WINTER PARK GROUP 4|Location is: LAKE HOWELL PLAZA|3|20:00:00|21:00:00|5407 LAKE HOWELL ROAD, WINTER PARK, FL 32792
WINTER PARK GROUP 5|Location is: LAKE HOWELL PLAZA|3|22:30:00|23:30:00|5407 LAKE HOWELL ROAD, WINTER PARK, FL 32792
WINTER PARK GROUP|Location is: LAKE HOWELL PLAZA|4|06:30:00|07:30:00|5407 LAKE HOWELL ROAD, WINTER PARK, FL 32792
WINTER PARK GROUP 2|Location is: LAKE HOWELL PLAZA|4|12:00:00|13:00:00|5407 LAKE HOWELL ROAD, WINTER PARK, FL 32792
WINTER PARK GROUP 3|Location is: LAKE HOWELL PLAZA|4|17:30:00|18:30:00|5407 LAKE HOWELL ROAD, WINTER PARK, FL 32792
WINTER PARK GROUP 4|Location is: LAKE HOWELL PLAZA|4|20:00:00|21:00:00|5407 LAKE HOWELL ROAD, WINTER PARK, FL 32792
WINTER PARK GROUP 5|Location is: LAKE HOWELL PLAZA|4|22:30:00|23:30:00|5407 LAKE HOWELL ROAD, WINTER PARK, FL 32792
WINTER PARK GROUP|Location is: LAKE HOWELL PLAZA|5|06:30:00|07:30:00|5407 LAKE HOWELL ROAD, WINTER PARK, FL 32792
WINTER PARK GROUP 2|Location is: LAKE HOWELL PLAZA|5|12:00:00|13:00:00|5407 LAKE HOWELL ROAD, WINTER PARK, FL 32792
WINTER PARK GROUP 3|Location is: LAKE HOWELL PLAZA|5|17:30:00|18:30:00|5407 LAKE HOWELL ROAD, WINTER PARK, FL 32792
WINTER PARK GROUP 6|Location is: LAKE HOWELL PLAZA|5|18:45:00|19:45:00|5407 LAKE HOWELL ROAD, WINTER PARK, FL 32792
WINTER PARK GROUP 4|Location is: LAKE HOWELL PLAZA|5|20:00:00|21:00:00|5407 LAKE HOWELL ROAD, WINTER PARK, FL 32792
WINTER PARK GROUP 5|Location is: LAKE HOWELL PLAZA|5|22:30:00|23:30:00|5407 LAKE HOWELL ROAD, WINTER PARK, FL 32792
WINTER PARK GROUP|Location is: LAKE HOWELL PLAZA|6|06:30:00|07:30:00|5407 LAKE HOWELL ROAD, WINTER PARK, FL 32792
WINTER PARK GROUP 2|Location is: LAKE HOWELL PLAZA|6|12:00:00|13:00:00|5407 LAKE HOWELL ROAD, WINTER PARK, FL 32792
WINTER PARK GROUP 3|Location is: LAKE HOWELL PLAZA|6|17:30:00|18:30:00|5407 LAKE HOWELL ROAD, WINTER PARK, FL 32792
WINTER PARK GROUP 4|Location is: LAKE HOWELL PLAZA|6|20:00:00|21:00:00|5407 LAKE HOWELL ROAD, WINTER PARK, FL 32792
WINTER PARK GROUP 5|Location is: LAKE HOWELL PLAZA|6|22:30:00|23:30:00|5407 LAKE HOWELL ROAD, WINTER PARK, FL 32792
WINTER PARK GROUP|Location is: LAKE HOWELL PLAZA|7|06:30:00|07:30:00|5407 LAKE HOWELL ROAD, WINTER PARK, FL 32792
WINTER PARK GROUP 7|Location is: LAKE HOWELL PLAZA|7|09:00:00|10:00:00|5407 LAKE HOWELL ROAD, WINTER PARK, FL 32792
WINTER PARK GROUP 8|Location is: LAKE HOWELL PLAZA|7|10:30:00|11:30:00|5407 LAKE HOWELL ROAD, WINTER PARK, FL 32792
WINTER PARK GROUP 2|Location is: LAKE HOWELL PLAZA|7|12:00:00|13:00:00|5407 LAKE HOWELL ROAD, WINTER PARK, FL 32792
WINTER PARK GROUP 3|Location is: LAKE HOWELL PLAZA|7|17:30:00|18:30:00|5407 LAKE HOWELL ROAD, WINTER PARK, FL 32792
WINTER PARK GROUP 4|Location is: LAKE HOWELL PLAZA|7|20:00:00|21:00:00|5407 LAKE HOWELL ROAD, WINTER PARK, FL 32792
WINTER PARK GROUP 5|Location is: LAKE HOWELL PLAZA|7|22:30:00|23:30:00|5407 LAKE HOWELL ROAD, WINTER PARK, FL 32792
Winter park group|Location is: Winter Park|7|20:00:00|21:00:00|5407 LAKE HOWELL ROAD, winter park, FL 32792
Winter park group|Location is: Winter Park|6|20:00:00|21:00:00|5407 LAKE HOWELL ROAD, winter park, FL 32792
Winter park group|Location is: Winter Park|5|20:00:00|21:00:00|5407 LAKE HOWELL ROAD, winter park, FL 32792
Winter park group|Location is: Winter Park|4|20:00:00|21:00:00|5407 LAKE HOWELL ROAD, winter park, FL 32792
Winter park group|Location is: Winter Park|3|20:00:00|21:00:00|5407 LAKE HOWELL ROAD, winter park, FL 32792
Winter park group|Location is: Winter Park|2|20:00:00|21:00:00|5407 LAKE HOWELL ROAD, winter park, FL 32792
GULF GATE NOON|Location is: Presbyterian Church Of The Covenant|2|00:00:00|01:00:00|7950 S. Tamiami Trail, Sarasota, FL 34231
MIDWAY|Location is: Presbyterian Church Of The Covenant|2|19:30:00|20:30:00|7950 S. Tamiami Trail, Sarasota, FL 34231
GULF GATE NOON|Location is: Presbyterian Church Of The Covenant|3|00:00:00|01:00:00|7950 S. Tamiami Trail, Sarasota, FL 34231
GULF GATE NOON|Location is: Presbyterian Church Of The Covenant|4|00:00:00|01:00:00|7950 S. Tamiami Trail, Sarasota, FL 34231
GULF GATE NOON|Location is: Presbyterian Church Of The Covenant|5|00:00:00|01:00:00|7950 S. Tamiami Trail, Sarasota, FL 34231
MIDWAY|Location is: Presbyterian Church Of The Covenant|5|19:30:00|20:30:00|7950 S. Tamiami Trail, Sarasota, FL 34231
GULF GATE NOON|Location is: Presbyterian Church Of The Covenant|6|00:00:00|01:00:00|7950 S. Tamiami Trail, Sarasota, FL 34231
ATTITUDE ADJUSTMENT|Location is: Presbyterian Church Of The Covenant|7|07:30:00|08:30:00|7950 S. Tamiami Trail, Sarasota, FL 34231
MAKE TODAY COUNT|Location is: Presbyterian Church Of The Covenant|7|19:30:00|20:30:00|7950 S. Tamiami Trail, Sarasota, FL 34231
Spanish Speaking|Location is: Spanish Speaking|6|20:00:00|21:00:00|857 W. Myers Blvd, Mascotte, FL 34753
Spanish Speaking|Location is: Spanish Speaking|2|20:00:00|21:00:00|857 W Myers Blvd, Mascotte, FL 34753
Spanish Speaking|Location is: Spanish Speaking|3|20:00:00|21:00:00|857 W. Myers Blvd, Mascotte, FL 34753
11th Step Group|Location is: Cocoa, Florida|6|18:00:00|19:00:00|629 Brevard Ave, cocoa, FL 32922
Tropic Meeting|Location is: Cub Scout House|4|19:00:00|20:00:00|At the Park, Tropic, FL 34229
Barefoot Bay|Location is: Barefoot Bay|2|13:30:00|14:30:00|Call (772) 664-3927 or 664-5323 for location, Vero Beach, FL 
Lakewood Park Group|Location is: The Crossings|6|19:00:00|20:00:00|8103 Indrio Rd, Fort Pierce, FL 34951
Lakewood Park Group|Location is: The Crossings|5|19:00:00|20:00:00|8103 Indrio Rd, Fort Pierce, FL 34951
Lakewood Park Group|Location is: The Crossings|4|19:00:00|20:00:00|8103 Indrio Rd, Fort Pierce, FL 34951
Lakewood Park|Location is: The Crossings|2|19:00:00|20:00:00|8103 Indrio Rd, Fort Pierce, FL 34951
Lakewood Park Group|Location is: The Crossings|1|19:00:00|20:00:00|8103 Indrio Rd, Fort Pierce, FL 34951
Lakewood Park Group|Location is: The Crossings|2|19:00:00|20:00:00|8103 Indrio Rd, Fort Pierce, FL 34951
Lakewood Park|Location is: The Crossings|4|19:00:00|20:00:00|8103 Indrio Rd, Fort Pierce, FL 34951
Lakewood Park|Location is: The Crossings|5|19:00:00|20:00:00|8103 Indrio Rd, Fort Pierce, FL 34951
Lakewood Park|Location is: The Crossings|6|19:00:00|20:00:00|8103 Indrio Rd, Fort Pierce, FL 34951
Lakewood Park|Location is: The Crossings|1|19:00:00|20:00:00|8103 Indrio Rd, Fort Pierce, FL 34951
L|Location is: The Crossing (church)|5|19:00:00|20:00:00|8102 Indrio Rd, fort pierce, FL 34951
Lakewood Park Group|Location is: The Crossing (church)|2|19:00:00|20:00:00|8102 Indrio Rd, fort pierce, FL 34951
Lakewood Park Group|Location is: The Crossing (church)|6|19:00:00|20:00:00|8102 Indrio Rd, fort pierce, FL 34951
Lakewood Park Group|Location is: The Crossing (church)|4|19:00:00|20:00:00|8102 Indrio Rd, fort pierce, FL 34951
Lakewood Park Group|Location is: The Crossing (church)|1|19:00:00|20:00:00|8102 Indrio Rd, fort pierce, FL 34951
A CUP OF SERENITY|Location is: First Baptist Church of Nokomis|6|18:30:00|19:30:00|727 Shore Road, Nokomis, FL 34275
Gator Wednesday|Location is: Community Church|4|17:00:00|18:00:00|Circle, Everglades City, FL 32703
South Vero 4|Location is: Glendale Industrial|1|07:30:00|08:30:00|755 8th Ct, Vero Beach, FL 32962
South Vero - Women Only|Location is: Glendale Industrial|1|09:00:00|10:00:00|755 8th Ct, Vero Beach, FL 32962
South Vero 2|Location is: Glendale Industrial|1|12:00:00|13:00:00|755 8th Ct, Vero Beach, FL 32962
South Vero|Location is: Glendale Industrial|1|17:30:00|18:30:00|755 8th Ct, Vero Beach, FL 32962
South Vero|Location is: Glendale Industrial|2|17:30:00|18:30:00|755 8th Ct, Vero Beach, FL 32962
South Vero|Location is: Glendale Industrial|3|17:30:00|18:30:00|755 8th Ct, Vero Beach, FL 32962
South Vero 2|Location is: Glendale Industrial|4|12:00:00|13:00:00|755 8th Ct, Vero Beach, FL 32962
South Vero|Location is: Glendale Industrial|4|17:30:00|18:30:00|755 8th Ct, Vero Beach, FL 32962
South Vero|Location is: Glendale Industrial|5|17:30:00|18:30:00|755 8th Ct, Vero Beach, FL 32962
South Vero 3|Location is: Glendale Industrial|6|10:00:00|11:00:00|755 8th Ct, Vero Beach, FL 32962
South Vero|Location is: Glendale Industrial|6|17:30:00|18:30:00|755 8th Ct, Vero Beach, FL 32962
South Vero 4|Location is: Glendale Industrial|7|07:30:00|08:30:00|755 8th Ct, Vero Beach, FL 32962
South Vero 5|Location is: Glendale Industrial|7|09:00:00|10:00:00|755 8th Ct, Vero Beach, FL 32962
South Vero|Location is: Glendale Industrial|7|17:30:00|18:30:00|755 8th Ct, Vero Beach, FL 32962
SIESTA MEN_S|Location is: Siesta Beach Shelter|2|08:00:00|09:00:00|948 Beach Road, Siesta Key, FL 34242
SIESTA MEN_S|Location is: Siesta Beach Shelter|3|08:00:00|09:00:00|948 Beach Road, Siesta Key, FL 34242
SIESTA MEN_S|Location is: Siesta Beach Shelter|4|08:00:00|09:00:00|948 Beach Road, Siesta Key, FL 34242
SIESTA MEN_S|Location is: Siesta Beach Shelter|5|08:00:00|09:00:00|948 Beach Road, Siesta Key, FL 34242
SIESTA MEN_S|Location is: Siesta Beach Shelter|6|08:00:00|09:00:00|948 Beach Road, Siesta Key, FL 34242
SIESTA SUNRISE WOMEN'S|Location is: Siesta Beach Shelter|7|08:00:00|09:00:00|948 Beach Road, Siesta Key, FL 34242
_AS BILL SEES IT_|Location is: Siesta Beach Shelter|1|08:00:00|09:00:00|948 Beach Road, Siesta Key, FL 34242
IF|Location is: Faith United Methodist Church - Banner Hall|2|10:00:00|11:00:00|7215 1st Avenue West, Bradenton, FL 34209
IF|Location is: Faith United Methodist Church - Banner Hall|3|10:00:00|11:00:00|7215 1st Avenue West, Bradenton, FL 34209
NORTHWEST BRADENTON|Location is: Faith United Methodist Church - Banner Hall|3|00:00:00|01:00:00|7215 1st Avenue West, Bradenton, FL 34209
IF|Location is: Faith United Methodist Church - Banner Hall|4|10:00:00|11:00:00|7215 1st Avenue West, Bradenton, FL 34209
LANGUAGE OF THE HEART|Location is: Faith United Methodist Church - Banner Hall|4|19:30:00|20:30:00|7215 1st Avenue West, Bradenton, FL 34209
IF|Location is: Faith United Methodist Church - Banner Hall|5|10:00:00|11:00:00|7215 1st Avenue West, Bradenton, FL 34209
IF|Location is: Faith United Methodist Church - Banner Hall|6|10:00:00|11:00:00|7215 1st Avenue West, Bradenton, FL 34209
IF|Location is: Faith United Methodist Church - Banner Hall|7|10:00:00|11:00:00|7215 1st Avenue West, Bradenton, FL 34209
APOPKA GROUP|Location is: EPISCOPAL CHURCH|2|20:00:00|21:00:00|EAST 6TH STREET AND SOUTH HIGHLAND AVE, APOPKA, FL 32703
Living Sober|Location is: Apopka|4|20:00:00|21:00:00|261 S Mcgee Ave, apopka, FL 32703
Farmington Friends|Location is: Friends Church (Hall)|3|00:00:00|01:00:00|County Rd #8 @ Sheldon Rd, Farmington, FL 
SPIRIT OF LIFE|Location is: SPIRIT OF LIFE CHURCH|2|12:00:00|13:00:00|906 SOUTH OBT, APOPKA, FL 
Sunset Group |Location is: All Saints Church|3|19:00:00|20:00:00|Curtis Blvd, Cocoa, FL 32927
Hi Noon|Location is: United Methodist Church|2|12:00:00|13:00:00|81 Pondella Rd, fort_myers, FL 33903
No Name Group|Location is: Christ Methodist Church|4|12:00:00|13:00:00|755 North A1A, Vero Beach, FL 32963
PASS-IT-ON|Location is: Cross Point Fellowship|2|10:30:00|11:30:00|8605 Gulf Drive, Holmes Beach, FL 34217
HIGH NOON GROUP|Location is: HOLY CROSS LUTHERAN CHURCH|2|12:00:00|13:00:00|760 N SUN DR, LAKE MARY, FL 32746
HIGH NOON GROUP|Location is: HOLY CROSS LUTHERAN CHURCH|3|12:00:00|13:00:00|760 N SUN DR, LAKE MARY, FL 32746
HIGH NOON GROUP|Location is: HOLY CROSS LUTHERAN CHURCH|4|12:00:00|13:00:00|760 N SUN DR, LAKE MARY, FL 32746
HIGH NOON GROUP|Location is: HOLY CROSS LUTHERAN CHURCH|5|12:00:00|13:00:00|760 N SUN DR, LAKE MARY, FL 32746
HIGH NOON GROUP|Location is: HOLY CROSS LUTHERAN CHURCH|6|12:00:00|13:00:00|760 N SUN DR, LAKE MARY, FL 32746
HIGH NOON GROUP|Location is: HOLY CROSS LUTHERAN CHURCH|7|12:00:00|13:00:00|760 N SUN DR, LAKE MARY, FL 32746
SPEAK FROM YOUR HEART|Location is: HOLY CROSS LUTHERAN CHURCH|3|19:30:00|20:30:00|760 N SUN DR, LAKE MARY, FL 32746
Sobriety in the park|Location is: Bay pines  VA|1|09:00:00|10:00:00|9400 Bay Pines  Blvd, bay_pines, FL 33708
Men’s Sat. Morning|Location is: AI-.An Club|7|08:00:00|09:00:00|76I Cass SI., Titusville, FL 
Beach bunch|Location is: 150th and Gulf blvd|6|09:00:00|10:00:00|Archibald park, seminole, FL 
Beach bunch|Location is: 150th and Gulf blvd|7|09:00:00|10:00:00|Archibald park, seminole, FL 
Your Place|Location is: VFW|6|19:00:00|20:00:00|Behind Fire Station, Mount Plymouth, FL 
Your Place|Location is: VFW|3|19:00:00|20:00:00|Behind Fire Station, Mount Plymouth, FL 
Southern Women|Location is: Church of the Cross|6|18:00:00|19:00:00|Daniels Pkway, fort myers, FL 33912
The Tough Love Group|Location is: Riverside Church|3|20:00:00|21:00:00|8660 Daniels Pkwy, Fort Myers, FL 33912
KEEP IT SIMPLE WOMENS GROUP|Location is: JOYFUL SPIRIT LUTHERAN CHURCH|3|12:00:00|13:00:00|8812 OLD CR 54, NEW PORT RICHEY, FL 34655
SERENITY GROUP|Location is: ST THOMAS AQUINAS|6|20:00:00|21:00:00|8320 OLD CR. 54, NEW PORT RICHEY, FL 34655
The Plan of Recovery Men's Group|Location is: Cypress Lake United Methodist Church|5|20:00:00|21:00:00|8570 Cypress Lake Dr, Fort Myers, FL 33919
STEPS TO NEW BEGINNINGS|Location is: ST MICHAELS CATHOLIC CHURCH|6|19:30:00|20:30:00|8014 SR 52, PORT RICHEY, FL 34654
NEW HOPE|Location is: ST MICHAELS CATHOLIC CHURCH|5|18:45:00|19:45:00|8014 SR 52, PORT RICHEY, FL 34654
Dunedin Group|Location is: Kirk of Dunedin Church|1|20:00:00|21:00:00|Alt 19, dunedin, FL 34698
NPR KISS GROUP|Location is: RIVER RIDGE PRESBYTARIAN CHURCH|6|20:00:00|21:00:00|9330 RIDGE ROAD, NEW PORT RICHEY, FL 34654
NPR KISS GROUP|Location is: RIVER RIDGE PRESBYTARIAN CHURCH|2|18:45:00|19:45:00|9330 RIDGE ROAD, NEW PORT RICHEY, FL 34654
SURRENDER GROUP|Location is: ST. TIMOTHY LUTHERAN CHURH|6|20:00:00|21:00:00|812 E TARPON ROAD, TARPON SPRINGS, FL 34689
Today's Women Grp|Location is: First United Methodist|3|11:00:00|12:00:00|800 Grove St, Eustis, FL 32726
Morning Eye Opener|Location is: EDI Club|7|07:00:00|08:00:00|802 South Bay St, Eustis, FL 32726
Sober For Lunch Bunch|Location is: EDI Club|7|00:00:00|01:00:00|802 South Bay St, Eustis, FL 32726
Happy Hour|Location is: EDI Club|7|17:30:00|18:30:00|802 South Bay St, Eustis, FL 32726
Morning Eye Opener|Location is: EDI Club|1|07:00:00|08:00:00|802 South Bay St, Eustis, FL 32726
Sober For Lunch Bunch|Location is: EDI Club|1|00:00:00|01:00:00|802 South Bay St, Eustis, FL 32726
Happy Hour|Location is: EDI Club|1|17:30:00|18:30:00|802 South Bay St, Eustis, FL 32726
Keep It Simple|Location is: EDI Club|1|20:00:00|21:00:00|802 South Bay St, Eustis, FL 32726
Morning Eye Opener|Location is: EDI Club|6|07:00:00|08:00:00|802 South Bay St, Eustis, FL 32726
Sober For Lunch Bunch|Location is: EDI Club|6|00:00:00|01:00:00|802 South Bay St, Eustis, FL 32726
Happy Hour|Location is: EDI Club|6|17:30:00|18:30:00|802 South Bay St, Eustis, FL 32726
Keep It Simple|Location is: EDI Club|6|20:30:00|21:30:00|802 South Bay St, Eustis, FL 32726
Morning Eye Opener|Location is: EDI Club|5|07:00:00|08:00:00|802 South Bay St, Eustis, FL 32726
Sober For Lunch Bunch|Location is: EDI Club|5|00:00:00|01:00:00|802 South Bay St, Eustis, FL 32726
Happy Hour|Location is: EDI Club|5|17:30:00|18:30:00|802 South Bay St, Eustis, FL 32726
Morning Eye Opener|Location is: EDI Club|2|07:00:00|08:00:00|802 South Bay St, Eustis, FL 32726
Sober For Lunch Bunch|Location is: EDI Club|2|00:00:00|01:00:00|802 South Bay St, Eustis, FL 32726
Happy Hour|Location is: EDI Club|2|17:30:00|18:30:00|802 South Bay St, Eustis, FL 32726
Morning Eye Opener|Location is: EDI Club|3|07:00:00|08:00:00|802 South Bay St, Eustis, FL 32726
Sober For Lunch Bunch|Location is: EDI Club|3|00:00:00|01:00:00|802 South Bay St, Eustis, FL 32726
Happy Hour|Location is: EDI Club|3|17:30:00|18:30:00|802 South Bay St, Eustis, FL 32726
Keep It Simple|Location is: EDI Club|3|20:00:00|21:00:00|802 South Bay St, Eustis, FL 32726
Morning Eye Opener|Location is: EDI Club|4|07:00:00|08:00:00|802 South Bay St, Eustis, FL 32726
Sober For Lunch Bunch|Location is: EDI Club|4|00:00:00|01:00:00|802 South Bay St, Eustis, FL 32726
Happy Hour|Location is: EDI Club|4|17:30:00|18:30:00|802 South Bay St, Eustis, FL 32726
Keep It Simple|Location is: EDI Club|4|20:00:00|21:00:00|802 South Bay St, Eustis, FL 32726
LIFE RECOVERY|Location is: COUNCILL SQUARE II|6|18:00:00|19:00:00|ACRESS FROM GOVT CENTER ON LITTLE ROAD, NEW PORT RICHEY, FL 
We Can Fly|Location is: American Legion Hall|5|00:00:00|01:00:00|Corner of Bay and Citrus, Eustis, FL 32726
TRIANGLE GROUP|Location is: REGENCY BAPTIST CHURCH|6|12:00:00|13:00:00|CORNER OR PINEHILL AND N WASHINGTON, PORT RICHEY, FL 
SPRING HILL MEETING|Location is: Peace Lutheran Church|2|13:00:00|14:00:00|762 Beechcroft Road (HWY 247), Spring Hill, FL 
HOW IMPORTANT IS IT?|Location is: ST MARKS PRESBYTARIAN CHURCH|4|19:30:00|20:30:00|7922 S.R. 52, PORT RICHEY, FL 34668
Friendship Group|Location is: Methodist Church|2|18:00:00|19:00:00|9th & Roberts, Immokalee, FL 34142
Friendship Group|Location is: Methodist Church|5|18:00:00|19:00:00|9th & Roberts, Immokalee, FL 34142
EMBB|Location is: Community United Methodist|2|19:00:00|20:00:00|CR466A & College Ave, Fruitland Park, FL 34731
COMMUNITY CENTER|Location is: COMMUNITY CENTER|5|20:00:00|21:00:00|COMMUNITY CENTER CIRCLE 595, ARIPEKA, FL 
ARIPEKA GROUP|Location is: COMMUNITY CENTER|3|20:00:00|21:00:00|COMMUNITY CENTER CIRCLE 595, ARIPEKA, FL 
thursday night big book study group|Location is: chapel by the sea|1|20:00:00|21:00:00|estero blvd, fort_myers_beach, FL 
Working Together|Location is: Guava St Community Center|1|19:00:00|20:00:00|Guava St., Lady Lake, FL 32159
Lady Lake Thursday|Location is: Community Building|5|20:00:00|21:00:00|Guava St, Lady Lake, FL 32159
Take It Easy Men's|Location is: North Lake Presbyterian Church|6|19:30:00|20:30:00|975 Rolling Acres Rd, Lady Lake, FL 32159
Take It Easy Women's|Location is: North Lake Presbyterian Church|6|19:30:00|20:30:00|975 Rolling Acres Rd, Lady Lake, FL 32159
Sunlight of the Spirit|Location is: Liberty Light. Church|2|20:00:00|21:00:00|corner of Felts & Reynolds, BONITA SPRINGS, FL 34135
We Care|Location is: St Mary_s Episcopal|1|18:30:00|19:30:00|9801 Bonita Beach Rd., BONITA SPRINGS, FL 34135
Sat. Night Discussion|Location is: St Mary_s Episcopal|7|20:00:00|21:00:00|9801 Bonita Beach Rd., BONITA SPRINGS, FL 34135
Bonita Men|Location is: Presbyterian Church|1|08:00:00|09:00:00|9751 Bonita Beach Road, BONITA SPRINGS, FL 34135
Barefoot Beach Beginners|Location is: Presbyterian Church|1|09:00:00|10:00:00|9751 Bonita Beach Road, BONITA SPRINGS, FL 34135
Footprints in the Sand|Location is: Presbyterian Church|1|09:00:00|10:00:00|9751 Bonita Beach Road, BONITA SPRINGS, FL 34135
Women_s step|Location is: Presbyterian Church|2|10:00:00|11:00:00|9751 Bonita Beach Road, BONITA SPRINGS, FL 34135
Bonita Banyan|Location is: Presbyterian Church|2|00:00:00|01:00:00|9751 Bonita Beach Road, BONITA SPRINGS, FL 34135
Bonita Step Group|Location is: Presbyterian Church|3|20:00:00|21:00:00|9751 Bonita Beach Road, BONITA SPRINGS, FL 34135
Bonita Women|Location is: Presbyterian Church|4|10:00:00|11:00:00|9751 Bonita Beach Road, BONITA SPRINGS, FL 34135
Bonita Banyan|Location is: Presbyterian Church|4|00:00:00|01:00:00|9751 Bonita Beach Road, BONITA SPRINGS, FL 34135
Bonita Beginners|Location is: Presbyterian Church|4|20:00:00|21:00:00|9751 Bonita Beach Road, BONITA SPRINGS, FL 34135
Bonita Friday Night|Location is: Presbyterian Church|6|20:00:00|21:00:00|9751 Bonita Beach Road, BONITA SPRINGS, FL 34135
Bonita Women|Location is: Presbyterian Church|7|10:00:00|11:00:00|9751 Bonita Beach Road, BONITA SPRINGS, FL 34135
As Bill Sees It|Location is: Mulberry Regional Center|4|09:30:00|10:30:00|8445 SE 165 Mulberry Ln, The Villages, FL 32162
Swamp Group|Location is: Cornerstone United Meth|7|19:00:00|20:00:00|8200 Immokalee, North Naples, FL 34119
Wednesday Night Reflection|Location is: Wellington, FL|4|19:00:00|20:00:00|St David&#39;s in the Pines, west palm beach, FL 33414
Newcomers|Location is: Emmanuel Lutheran|2|17:30:00|18:30:00|777 Mooring Line Drive, South Naples, FL 34103
Common Solutions|Location is: Emmanuel Lutheran|3|17:30:00|18:30:00|777 Mooring Line Drive, South Naples, FL 34103
Banyan Primary Purpose|Location is: Emmanuel Lutheran|3|20:00:00|21:00:00|777 Mooring Line Drive, South Naples, FL 34103
Common Solutions|Location is: Emmanuel Lutheran|6|17:30:00|18:30:00|777 Mooring Line Drive, South Naples, FL 34103
Common Solutions|Location is: Emmanuel Lutheran|7|09:30:00|10:30:00|777 Mooring Line Drive, South Naples, FL 34103
Common Solutions|Location is: Emmanuel Lutheran|1|17:30:00|18:30:00|777 Moringline Drive, naples, FL 34103
Common Solutions|Location is: Emmanuel Lutheran|3|17:30:00|18:30:00|777 Moringline Drive, naples, FL 34103
Common Solutions|Location is: Emmanuel Lutheran|6|17:30:00|18:30:00|777 Moringline Drive, naples, FL 34103
Common Solutions|Location is: Emmanuel Lutheran|7|09:30:00|10:30:00|777 Moringline Drive, naples, FL 34103
Common Solutions|Location is: Emmanuel Lutheran|2|17:30:00|18:30:00|777 Moringline Drive, naples, FL 34103
Common Solutions Big Book |Location is: Emmanuel Lutheran|5|17:30:00|18:30:00|777 Moringline Drive, naples, FL 34103
Common Solutions Woman&#39;s BB|Location is: Emmanuel Lutheran|4|19:45:00|20:45:00|777 Moringline Drive, naples, FL 34103
Free Spirited Women|Location is: St. Marks|7|09:30:00|10:30:00|Burns Rd, west_palm_beach, FL 33410
Celebrate Recovery|Location is: Tropical Sands Christian Church|3|19:00:00|20:00:00|Burns Rd, west_palm_beach, FL 33410
Don't Quit Before the Miracle Happens|Location is: St David's in the Pines|5|19:30:00|20:30:00|Forest Hill Blvd & Wellington Trace, Wellington, FL 33414
Living Sober|Location is: Serenity Club|1|19:00:00|20:00:00|Collier Blvd, naples, FL 
Brown Bag|Location is: Intergroup Office Meeting Room|1|00:00:00|01:00:00|85 12th Street South, South Naples, FL 34102
Brown Bag|Location is: Intergroup Office Meeting Room|2|00:00:00|01:00:00|85 12th Street South, South Naples, FL 34102
Brown Bag|Location is: Intergroup Office Meeting Room|3|00:00:00|01:00:00|85 12th Street South, South Naples, FL 34102
Brown Bag|Location is: Intergroup Office Meeting Room|4|00:00:00|01:00:00|85 12th Street South, South Naples, FL 34102
Brown Bag|Location is: Intergroup Office Meeting Room|5|00:00:00|01:00:00|85 12th Street South, South Naples, FL 34102
Brown Bag|Location is: Intergroup Office Meeting Room|6|00:00:00|01:00:00|85 12th Street South, South Naples, FL 34102
Brown Bag|Location is: Intergroup Office Meeting Room|7|00:00:00|01:00:00|85 12th Street South, South Naples, FL 34102
Brown Bag|Location is: Central Office|1|12:00:00|13:00:00|85 12th Street, naples, FL 34102
Sunset Serenity|Location is: Sunset Serenity|4|17:30:00|18:30:00|Broad Ave., South Naples, FL 34102
Getting Started Beginners|Location is: West Palm Beach |7|10:00:00|11:00:00|Forest Hill Blvd, West Palm Beach, FL 33413
Living Sober Group|Location is: Congregational Church ( rear )|6|19:30:00|20:30:00|7171 Florida 200, Ocala, FL 34476
candlelight group|Location is: new attitudes club|1|22:30:00|23:30:00|bayshore dr., naples, FL 34112
Morning Reflections|Location is: new attitudes club|2|08:00:00|09:00:00|bayshore dr., naples, FL 34112
Morning Reflections|Location is: new attitudes club|3|08:00:00|09:00:00|bayshore dr., naples, FL 34112
Morning Reflections|Location is: new attitudes club|5|08:00:00|09:00:00|bayshore dr., naples, FL 34112
Morning Reflections|Location is: new attitudes club|6|08:00:00|09:00:00|bayshore dr., naples, FL 34112
Straight w/o a Chaser|Location is: new attitudes club|7|20:30:00|21:30:00|bayshore dr., naples, FL 34112
Morning Reflections|Location is: new attitudes club|4|08:00:00|09:00:00|bayshore dr., naples, FL 34112
Morning Reflections|Location is: new attitudes club|7|08:00:00|09:00:00|bayshore dr., naples, FL 34112
Morning Reflections|Location is: new attitudes club|1|08:00:00|09:00:00|bayshore dr., naples, FL 34112
East Trail|Location is: The Willough|1|20:00:00|21:00:00|9001 Tamiami Trail East, East Naples, FL 34113
East Trail|Location is: The Willough|3|20:00:00|21:00:00|9001 Tamiami Trail East, East Naples, FL 34113
East Trail|Location is: The Willough|5|20:00:00|21:00:00|9001 Tamiami Trail East, East Naples, FL 34113
Ocala Group|Location is: St.Marks United Methodist|3|17:30:00|18:30:00|1839 N.E. 8th ave, ocala, FL 34470
High noon|Location is: EASY DOES IT CLUB|2|00:00:00|01:00:00|FOREST HILL  BLVD., west_palm_beach, FL 
Big Book Step Study|Location is: Big Book Step Study|4|19:30:00|20:30:00|Halifax & Amsden, Ormond Beach, FL 32176
Living Sober|Location is: Community Center|2|07:30:00|08:30:00|Capri Road, Isle Of Capri, FL 
Living Sober|Location is: Community Center|4|07:30:00|08:30:00|Capri Road, Isle Of Capri, FL 
Living Sober|Location is: Community Center|6|07:30:00|08:30:00|Capri Road, Isle Of Capri, FL 
Tradition # Group|Location is: Crossroads|4|17:30:00|18:30:00|Crossroads Club, delray beach, FL 33444
Sunrise on the Beach|Location is: A1A & Atlantic on the Beach|7|07:00:00|08:00:00|Florida A1A & E Atlantic Ave, Delray Beach, FL 33483
One Page at a Time|Location is: On the beach|2|19:00:00|20:00:00|Florida A1A & E Atlantic Ave, Delray Beach, FL 33483
CORAL SPRINGS GROUP|Location is: FIRST UNITED METHODIST CHURCH|2|19:00:00|20:00:00|8650 W SAMPLE ROAD, CORAL SPRINGS, FL 33065
CORAL SPRINGS GROUP|Location is: FIRST UNITED METHODIST CHURCH|5|19:00:00|20:00:00|8650 W SAMPLE ROAD, CORAL SPRINGS, FL 33065
CORAL SPRINGS GROUP 2|Location is: FIRST UNITED METHODIST CHURCH|5|20:30:00|21:30:00|8650 W SAMPLE ROAD, CORAL SPRINGS, FL 33065
AS BILL SEES IT|Location is: FIRST UNITED METHODIST CHURCH|4|19:00:00|20:00:00|8650 W SAMPLE ROAD, CORAL SPRINGS, FL 33065
INTO ACTION GROUP|Location is: ROYAL PALM CHRISTIAN CHURCH|3|19:00:00|20:00:00|9600 Royal Palm Blvd, Coral Springs, FL 33065
All Aboard|Location is: Boca Raton|2|19:30:00|20:30:00|Dixie Hwy, Boca Raton, FL 33432
SISTERS IN SOBRIETY|Location is: UNIVERSITY PAVILION HOSPITAL|1|18:30:00|19:30:00|7425 N UNIVERSITY DRIVE, TAMARAC, FL 33321
TAMARAC GROUP|Location is: UNIVERSITY PAVILION HOSPITAL|3|19:15:00|20:15:00|7425 N UNIVERSITY DRIVE, TAMARAC, FL 33321
TAMARAC GROUP|Location is: UNIVERSITY PAVILION HOSPITAL|6|19:15:00|20:15:00|7425 N UNIVERSITY DRIVE, TAMARAC, FL 33321
DEERFIELD HAPPY HOUR GROUP|Location is: WOMENS CLUB|2|17:30:00|18:30:00|910 HILLSBORO BLVD, DEERFIELD BEACH, FL 33442
DEERFIELD HAPPY HOUR GROUP|Location is: WOMENS CLUB|4|17:30:00|18:30:00|910 HILLSBORO BLVD, DEERFIELD BEACH, FL 33442
DEERFIELD HAPPY HOUR GROUP|Location is: WOMENS CLUB|5|17:30:00|18:30:00|910 HILLSBORO BLVD, DEERFIELD BEACH, FL 33442
DEERFIELD HAPPY HOUR GROUP|Location is: WOMENS CLUB|6|17:30:00|18:30:00|910 HILLSBORO BLVD, DEERFIELD BEACH, FL 33442
PROMISES GROUP|Location is: WOMENS CLUB|3|17:30:00|18:30:00|910 HILLSBORO BLVD, DEERFIELD BEACH, FL 33442
Lucky To Be Here|Location is: Lucky To Be Here|1|09:00:00|10:00:00|800 S. Daytona Avenue, Flagler Beach, FL 32136
11th Step Prayer and Meditation|Location is: Deerfield Beach|5|20:30:00|21:30:00|823 SE 8th Avenue Ste.100, Deerfield Beach, FL 
THE BOTTOM LINE GROUP 2|Location is: Deerfield Beach|2|10:00:00|11:00:00|823 SE 8th Avenue Ste.100, Deerfield Beach, FL 
THE BOTTOM LINE GROUP 2|Location is: Deerfield Beach|3|10:00:00|11:00:00|823 SE 8th Avenue Ste.100, Deerfield Beach, FL 
THE BOTTOM LINE GROUP 2|Location is: Deerfield Beach|4|10:00:00|11:00:00|823 SE 8th Avenue Ste.100, Deerfield Beach, FL 
THE BOTTOM LINE GROUP 2|Location is: Deerfield Beach|5|10:00:00|11:00:00|823 SE 8th Avenue Ste.100, Deerfield Beach, FL 
THE BOTTOM LINE GROUP 2|Location is: Deerfield Beach|6|10:00:00|11:00:00|823 SE 8th Avenue Ste.100, Deerfield Beach, FL 
THE BOTTOM LINE GROUP 2|Location is: Deerfield Beach|7|10:00:00|11:00:00|823 SE 8th Avenue Ste.100, Deerfield Beach, FL 
THE BOTTOM LINE GROUP 3|Location is: Deerfield Beach|1|12:00:00|13:00:00|823 SE 8th Avenue Ste.100, Deerfield Beach, FL 
THE BOTTOM LINE GROUP 3|Location is: Deerfield Beach|2|12:00:00|13:00:00|823 SE 8th Avenue Ste.100, Deerfield Beach, FL 
THE BOTTOM LINE GROUP 3|Location is: Deerfield Beach|3|12:00:00|13:00:00|823 SE 8th Avenue Ste.100, Deerfield Beach, FL 
THE BOTTOM LINE GROUP 3|Location is: Deerfield Beach|4|12:00:00|13:00:00|823 SE 8th Avenue Ste.100, Deerfield Beach, FL 
THE BOTTOM LINE GROUP 3|Location is: Deerfield Beach|5|12:00:00|13:00:00|823 SE 8th Avenue Ste.100, Deerfield Beach, FL 
THE BOTTOM LINE GROUP 3|Location is: Deerfield Beach|6|12:00:00|13:00:00|823 SE 8th Avenue Ste.100, Deerfield Beach, FL 
THE BOTTOM LINE GROUP 3|Location is: Deerfield Beach|7|12:00:00|13:00:00|823 SE 8th Avenue Ste.100, Deerfield Beach, FL 
THE BOTTOM LINE GROUP 4|Location is: Deerfield Beach|1|17:30:00|18:30:00|823 SE 8th Avenue Ste.100, Deerfield Beach, FL 
THE BOTTOM LINE GROUP 4|Location is: Deerfield Beach|2|17:30:00|18:30:00|823 SE 8th Avenue Ste.100, Deerfield Beach, FL 
THE BOTTOM LINE GROUP 4|Location is: Deerfield Beach|3|17:30:00|18:30:00|823 SE 8th Avenue Ste.100, Deerfield Beach, FL 
THE BOTTOM LINE GROUP 4|Location is: Deerfield Beach|4|17:30:00|18:30:00|823 SE 8th Avenue Ste.100, Deerfield Beach, FL 
THE BOTTOM LINE GROUP 4|Location is: Deerfield Beach|5|17:30:00|18:30:00|823 SE 8th Avenue Ste.100, Deerfield Beach, FL 
THE BOTTOM LINE GROUP 4|Location is: Deerfield Beach|6|17:30:00|18:30:00|823 SE 8th Avenue Ste.100, Deerfield Beach, FL 
THE BOTTOM LINE GROUP 4|Location is: Deerfield Beach|7|17:30:00|18:30:00|823 SE 8th Avenue Ste.100, Deerfield Beach, FL 
THE BOTTOM LINE GROUP 5|Location is: Deerfield Beach|4|19:00:00|20:00:00|823 SE 8th Avenue Ste.100, Deerfield Beach, FL 
THE BOTTOM LINE GROUP 6|Location is: Deerfield Beach|1|20:30:00|21:30:00|823 SE 8th Avenue Ste.100, Deerfield Beach, FL 
THE BOTTOM LINE GROUP 6|Location is: Deerfield Beach|2|20:30:00|21:30:00|823 SE 8th Avenue Ste.100, Deerfield Beach, FL 
THE BOTTOM LINE GROUP 6|Location is: Deerfield Beach|3|20:30:00|21:30:00|823 SE 8th Avenue Ste.100, Deerfield Beach, FL 
THE BOTTOM LINE GROUP 6|Location is: Deerfield Beach|4|20:30:00|21:30:00|823 SE 8th Avenue Ste.100, Deerfield Beach, FL 
THE BOTTOM LINE GROUP 6|Location is: Deerfield Beach|5|20:30:00|21:30:00|823 SE 8th Avenue Ste.100, Deerfield Beach, FL 
THE BOTTOM LINE GROUP 6|Location is: Deerfield Beach|6|20:30:00|21:30:00|823 SE 8th Avenue Ste.100, Deerfield Beach, FL 
THE BOTTOM LINE GROUP 6|Location is: Deerfield Beach|7|20:30:00|21:30:00|823 SE 8th Avenue Ste.100, Deerfield Beach, FL 
11th Step Prayer & Meditation|Location is: Deerfield Beach|5|20:30:00|21:30:00|823 SE 8th Avenue Ste.100, Deerfield Beach, FL 
DEERFIELD BEACH SAT NIGHT|Location is: ZION LUTHERAN CHURCH|7|19:30:00|20:30:00|954 SE 6TH AVE, DEERFIELD BEACH, FL 33441
1st Church of Pembroke|Location is: 1st Church of Pembroke|6|20:30:00|21:30:00|Center St., Rte. 14, Pembroke, FL 
EARLY RISERS GROUP|Location is: ST BERNARDS PARISH CENTER|1|09:00:00|10:00:00|8279 SUNSET STRIP, SUNRISE, FL 33322
Lauderdale Lakes Here and Now|Location is: NannyRose Sober A Living Home|3|19:00:00|20:00:00|4451 west oakland park blvd, fort lauderdale, FL 33313
Lauderdale Lakes Here and Now|Location is: Lauderdale Lakes|3|19:00:00|20:00:00|4451 West Orkland Park Blvd, fort lauderdale, FL 33313
JOURNEY TO FREEDOM GROUP|Location is: JOURNEY TO FREEDOM GROUP|2|19:00:00|20:00:00|971 SOUTH DIXIE HWY WEST, POMPANO BEACH, FL 33060
NINTH CHAPTER GROUP|Location is: OUR SAVIOR LUTHERAN CHURCH|7|20:00:00|21:00:00|8001 NW 5TH STREET, PLANTATION, FL 33324
TUE NIGHT STEP GROUP|Location is: ST BENEDICTS EPISCOPAL CHURCH|3|19:30:00|20:30:00|7801 NW 5TH STREET, PLANTATION, FL 33324
ROAD TO RECOVERY|Location is: ST BENEDICTS EPISCOPAL CHURCH|2|19:00:00|20:00:00|7801 NW 5TH STREET, PLANTATION, FL 33324
Pompano Beach Group|Location is: Pompano|6|22:00:00|23:00:00|725 south federal hwy, pompano_beach, FL 33060
KEEPING THE FAITH|Location is: KEEPING THE FAITH|1|19:30:00|20:30:00|999 W PROSPECT ROAD, OAKLAND PARK, FL 33309
KEEPING THE FAITH|Location is: FOUNDATIONS|1|19:30:00|20:30:00|999 W PROSPECT ROAD, FORT LAUDERDALE, FL 33309
STEPS UNDER THE STARS|Location is: FOUNDATIONS|2|19:30:00|20:30:00|999 W PROSPECT ROAD, FORT LAUDERDALE, FL 33309
STEPS UNDER THE STARS|Location is: FOUNDATIONS|4|19:30:00|20:30:00|999 W PROSPECT ROAD, FORT LAUDERDALE, FL 33309
STEPS UNDER THE STARS|Location is: FOUNDATIONS|6|19:00:00|20:00:00|999 W PROSPECT ROAD, FORT LAUDERDALE, FL 33309
FOUNDATIONS STEP STUDY GROUP|Location is: FOUNDATIONS|6|20:30:00|21:30:00|999 W PROSPECT ROAD, FORT LAUDERDALE, FL 33309
Touchstones|Location is: St Fransis Mission|1|20:00:00|21:00:00|8 ave, fort lauderdale, FL 33316
Grateful Alcoholics Worldwide|Location is: Skype Online |1|20:00:00|21:00:00|Add skype id: grateful.alcoholics, Micanopy, FL 32667
Micanopy Group|Location is: Episcopal Church|1|19:30:00|20:30:00|Cholokka Blvd, Micanopy, FL 
HOUSE OF HOPE|Location is: HOUSE OF HOPE|2|20:30:00|21:30:00|908 SW 1ST STREET, FORT LAUDERDALE, FL 33312
HOUSE OF HOPE|Location is: HOUSE OF HOPE|5|20:30:00|21:30:00|908 SW 1ST STREET, FORT LAUDERDALE, FL 33312
THU EASY DOES IT GROUP|Location is: HOUSE OF HOPE|5|19:00:00|20:00:00|908 SW 1 STREET, FORT LAUDERDALE, FL 33312
WESTERN OASIS GROUP|Location is: WALTER YOUNG CENTER|4|19:30:00|20:30:00|901 NW 129 AVE, PEMBROKE PINES, FL 33028
Living Young and Sober|Location is: 12 Step House|5|19:30:00|20:30:00|Fort Lauderdale, fort_lauderdale, FL 
10pm (est) AA Meeting ITR Chat|Location is: In the Rooms|6|22:00:00|23:00:00|Community Chat, fort_lauderdale, FL 
TOUCH LOVE|Location is: ST ANTHONY’S CATHOLIC CHURCH|6|19:30:00|20:30:00|850 NE 3RD STREET, FORT LAUDERDALE, FL 33301
WED LOS OLAS|Location is: ST ANTHONY’S|4|19:30:00|20:30:00|820 NE 2ND STREET, FORT LAUDERDALE, FL 33301
SEEKING SERENITY|Location is: ST ANTHONY’S|2|12:00:00|13:00:00|901 NE 2ND STREET, FORT LAUDERDALE, FL 33301
WOMENS NOON TIME BOOST GROUP|Location is: ST ANTHONY’S|3|12:05:00|13:05:00|901 NE 2ND STREET, FORT LAUDERDALE, FL 33301
NAUTICAL GROUP|Location is: ST ANTHONY’S|4|12:00:00|13:00:00|901 NE 2ND STREET, FORT LAUDERDALE, FL 33301
LIVING PROOF GROUP|Location is: ST ANTHONY’S|5|12:00:00|13:00:00|901 NE 2ND STREET, FORT LAUDERDALE, FL 33301
STAYING SOVER|Location is: ST ANTHONY’S|6|12:00:00|13:00:00|901 NE 2ND STREET, FORT LAUDERDALE, FL 33301
CIRCLES OF UNITY|Location is: ST ANTHONY’S|4|19:00:00|20:00:00|901 NE 2ND STREET, FORT LAUDERDALE, FL 33301
CONSCIOUS CONTACT|Location is: ST ANTHONY’S|5|19:00:00|20:00:00|901 NE 2ND STREET, FORT LAUDERDALE, FL 33301
SURRENDER GROUP|Location is: FAITH PRESBYTERIAN CHURCH|3|20:00:00|21:00:00|CORNER OF TAFT AND 97TH AVE, PEMBROKE PINES, FL 33024
Beginner s Group|Location is: Beginner s Group|3|20:00:00|21:00:00|Francis & Hwy 20, Interlachen, FL 
RISE AND SHINE|Location is: STIRLING ROOM|1|09:00:00|10:00:00|7331 DAVIE ROAD EXT, DAVIE, FL 33024
RISE AND SHINE|Location is: STIRLING ROOM|2|09:00:00|10:00:00|7331 DAVIE ROAD EXT, DAVIE, FL 33024
RISE AND SHINE|Location is: STIRLING ROOM|3|09:00:00|10:00:00|7331 DAVIE ROAD EXT, DAVIE, FL 33024
RISE AND SHINE|Location is: STIRLING ROOM|4|09:00:00|10:00:00|7331 DAVIE ROAD EXT, DAVIE, FL 33024
RISE AND SHINE|Location is: STIRLING ROOM|5|09:00:00|10:00:00|7331 DAVIE ROAD EXT, DAVIE, FL 33024
RISE AND SHINE|Location is: STIRLING ROOM|6|09:00:00|10:00:00|7331 DAVIE ROAD EXT, DAVIE, FL 33024
RISE AND SHINE|Location is: STIRLING ROOM|7|09:00:00|10:00:00|7331 DAVIE ROAD EXT, DAVIE, FL 33024
SUNRISE MEETING|Location is: STIRLING ROOM|6|08:30:00|09:30:00|7331 DAVIE ROAD EXT, DAVIE, FL 33024
STIRLING ROOM|Location is: STIRLING ROOM|1|12:30:00|13:30:00|7331 DAVIE ROAD EXT, DAVIE, FL 33024
STIRLING GROUP|Location is: STIRLING ROOM|7|12:30:00|13:30:00|7331 DAVIE ROAD EXT, DAVIE, FL 33024
HAPPY HOUR|Location is: STIRLING ROOM|1|17:30:00|18:30:00|7331 DAVIE ROAD EXT, DAVIE, FL 33024
HAPPY HOUR|Location is: STIRLING ROOM|2|17:30:00|18:30:00|7331 DAVIE ROAD EXT, DAVIE, FL 33024
HAPPY HOUR|Location is: STIRLING ROOM|3|17:30:00|18:30:00|7331 DAVIE ROAD EXT, DAVIE, FL 33024
HAPPY HOUR|Location is: STIRLING ROOM|4|17:30:00|18:30:00|7331 DAVIE ROAD EXT, DAVIE, FL 33024
HAPPY HOUR|Location is: STIRLING ROOM|5|17:30:00|18:30:00|7331 DAVIE ROAD EXT, DAVIE, FL 33024
HAPPY HOUR|Location is: STIRLING ROOM|6|17:30:00|18:30:00|7331 DAVIE ROAD EXT, DAVIE, FL 33024
HAPPY HOUR|Location is: STIRLING ROOM|7|17:30:00|18:30:00|7331 DAVIE ROAD EXT, DAVIE, FL 33024
PINK CLOUD|Location is: STIRLING ROOM|1|20:30:00|21:30:00|7331 DAVIE ROAD EXT, DAVIE, FL 33024
STIRLING ROOM|Location is: STIRLING ROOM|2|20:30:00|21:30:00|7331 DAVIE ROAD EXT, DAVIE, FL 33024
PINK CLOUD|Location is: STIRLING ROOM|3|20:30:00|21:30:00|7331 DAVIE ROAD EXT, DAVIE, FL 33024
K.I.S.S.|Location is: STIRLING ROOM|1|22:30:00|23:30:00|7331 DAVIE ROAD EXT, DAVIE, FL 33024
K.I.S.S.|Location is: STIRLING ROOM|2|22:30:00|23:30:00|7331 DAVIE ROAD EXT, DAVIE, FL 33024
K.I.S.S.|Location is: STIRLING ROOM|3|22:30:00|23:30:00|7331 DAVIE ROAD EXT, DAVIE, FL 33024
K.I.S.S.|Location is: STIRLING ROOM|4|22:30:00|23:30:00|7331 DAVIE ROAD EXT, DAVIE, FL 33024
K.I.S.S.|Location is: STIRLING ROOM|5|22:30:00|23:30:00|7331 DAVIE ROAD EXT, DAVIE, FL 33024
K.I.S.S.|Location is: STIRLING ROOM|6|22:30:00|23:30:00|7331 DAVIE ROAD EXT, DAVIE, FL 33024
K.I.S.S.|Location is: STIRLING ROOM|7|22:30:00|23:30:00|7331 DAVIE ROAD EXT, DAVIE, FL 33024
THE NEW LEAF|Location is: FAITH CHRISTIAN CHURCH|4|17:30:00|18:30:00|7676 DAVIE ROAD, DAVIE, FL 33024
OPEN DOOR|Location is: FAITH CHRISTIAN CHURCH|6|20:30:00|21:30:00|7676 DAVIE ROAD, HOLLYWOOD, FL 33024
STEP BY STEP|Location is: SHARE UNIT|6|20:30:00|21:30:00|801 SW DOUGLAS ROAD, PEMBROKE PINES, FL 33024
TO STAY ALIVE SAT NIGHT GROUP|Location is: SHARE UNIT|7|20:00:00|21:00:00|801 SW DOUGLAS ROAD, PEMBROKE PINES, FL 33024
SMELL THE COFFEE|Location is: EPWORTH UNITED METHODIST CHURCH|6|19:30:00|20:30:00|7651 JOHNSON ST, HOLLYWOOD, FL 33024
The Primary Purpose Group|Location is: 7680 NW 186th Street|2|20:30:00|21:30:00|7680 NW 186th Street, Hialeah, FL 
The Primary Purpose Group|Location is: 7680 NW 186th Street|3|20:30:00|21:30:00|7680 NW 186th Street, Hialeah, FL 
The Primary Purpose Group|Location is: 7680 NW 186th Street|5|20:30:00|21:30:00|7680 NW 186th Street, Hialeah, FL 
The Primary Purpose Group|Location is: 7680 NW 186th Street|6|20:30:00|21:30:00|7680 NW 186th Street, Hialeah, FL 
The Primary Purpose Group|Location is: 7680 NW 186th Street|7|20:30:00|21:30:00|7680 NW 186th Street, Hialeah, FL 
The Primary Purpose Group|Location is: 7680 NW 186th Street|1|20:30:00|21:30:00|7680 NW 186th Street, Hialeah, FL 
Back To Basics|Location is: 7680 NW 186th Street|1|10:30:00|11:30:00|7680 NW 186th Street, Miami Lakes, FL 33015
Friendship Club 5|Location is: 7680 NW 186th Street|7|10:00:00|11:00:00|7680 NW 186th Street, Miami Lakes, FL 33015
Friendship Club 6|Location is: 7680 NW 186th Street|1|10:30:00|11:30:00|7680 NW 186th Street, Miami Lakes, FL 33015
Friendship Club|Location is: 7680 NW 186th Street|2|12:15:00|13:15:00|7680 NW 186th Street, Miami Lakes, FL 33015
Friendship Club|Location is: 7680 NW 186th Street|3|12:15:00|13:15:00|7680 NW 186th Street, Miami Lakes, FL 33015
Friendship Club|Location is: 7680 NW 186th Street|4|12:15:00|13:15:00|7680 NW 186th Street, Miami Lakes, FL 33015
Friendship Club|Location is: 7680 NW 186th Street|5|12:15:00|13:15:00|7680 NW 186th Street, Miami Lakes, FL 33015
Friendship Club|Location is: 7680 NW 186th Street|6|12:15:00|13:15:00|7680 NW 186th Street, Miami Lakes, FL 33015
Friendship Club 2|Location is: 7680 NW 186th Street|2|17:30:00|18:30:00|7680 NW 186th Street, Miami Lakes, FL 33015
Friendship Club 2|Location is: 7680 NW 186th Street|3|17:30:00|18:30:00|7680 NW 186th Street, Miami Lakes, FL 33015
Friendship Club 2|Location is: 7680 NW 186th Street|4|17:30:00|18:30:00|7680 NW 186th Street, Miami Lakes, FL 33015
Friendship Club 2|Location is: 7680 NW 186th Street|5|17:30:00|18:30:00|7680 NW 186th Street, Miami Lakes, FL 33015
Friendship Club 2|Location is: 7680 NW 186th Street|6|17:30:00|18:30:00|7680 NW 186th Street, Miami Lakes, FL 33015
Friendship Club 2|Location is: 7680 NW 186th Street|7|17:30:00|18:30:00|7680 NW 186th Street, Miami Lakes, FL 33015
Friendship Club 2|Location is: 7680 NW 186th Street|1|17:30:00|18:30:00|7680 NW 186th Street, Miami Lakes, FL 33015
Friendship Club 4 Women Meeting|Location is: 7680 NW 186th Street|5|19:00:00|20:00:00|7680 NW 186th Street, Miami Lakes, FL 33015
Friendship Club|Location is: 7680 NW 186th Street|7|10:00:00|11:00:00|7680 NW 186th Street, Miami Lakes, FL 33015
Friendship Club|Location is: 7680 NW 186th Street|1|10:30:00|11:30:00|7680 NW 186th Street, Miami Lakes, FL 33015
Back To Basics|Location is: 7680 NW 186th Street|2|09:00:00|10:00:00|7680 NW 186th Street, Miami Lakes, FL 33015
Back To Basics|Location is: 7680 NW 186th Street|3|09:00:00|10:00:00|7680 NW 186th Street, Miami Lakes, FL 33015
Back To Basics|Location is: 7680 NW 186th Street|4|09:00:00|10:00:00|7680 NW 186th Street, Miami Lakes, FL 33015
Back To Basics|Location is: 7680 NW 186th Street|5|09:00:00|10:00:00|7680 NW 186th Street, Miami Lakes, FL 33015
Back To Basics|Location is: 7680 NW 186th Street|6|09:00:00|10:00:00|7680 NW 186th Street, Miami Lakes, FL 33015
Back To Basics|Location is: 7680 NW 186th Street|7|10:00:00|11:00:00|7680 NW 186th Street, Miami Lakes, FL 33015
Back to Basics|Location is: Friendship Club|6|09:00:00|10:00:00|7680 NW 186 St, Hialeah, FL 33015
Back to Basics|Location is: Friendship Club|5|09:00:00|10:00:00|7680 NW 186 St, Hialeah, FL 33015
Back to Basics|Location is: Friendship Club|4|09:00:00|10:00:00|7680 NW 186 St, Hialeah, FL 33015
Back to Basics|Location is: Friendship Club|3|09:00:00|10:00:00|7680 NW 186 St, Hialeah, FL 33015
Back to Basics|Location is: Friendship Club|2|09:00:00|10:00:00|7680 NW 186 St, Hialeah, FL 33015
ONE DAY AT A TIME|Location is: ST BARTHOLOMEW SCHOOL HALL|4|20:00:00|21:00:00|8005 MIRAMAR PARKWAY, MIRAMAR, FL 33025
Noontime Sobriety|Location is: Fouth Dimension Club|1|12:00:00|13:00:00|4307 Hollywood Blvd, Hollywood, FL 33021
Noontime Sobriety|Location is: Fouth Dimension Club|2|12:00:00|13:00:00|4307 Hollywood Blvd, Hollywood, FL 33021
Noontime Sobriety|Location is: Fouth Dimension Club|3|12:00:00|13:00:00|4307 Hollywood Blvd, Hollywood, FL 33021
Noontime Sobriety|Location is: Fouth Dimension Club|4|12:00:00|13:00:00|4307 Hollywood Blvd, Hollywood, FL 33021
Noontime Sobriety|Location is: Fouth Dimension Club|5|12:00:00|13:00:00|4307 Hollywood Blvd, Hollywood, FL 33021
Noontime Sobriety|Location is: Fouth Dimension Club|6|12:00:00|13:00:00|4307 Hollywood Blvd, Hollywood, FL 33021
Noontime Sobriety|Location is: Fouth Dimension Club|7|12:00:00|13:00:00|4307 Hollywood Blvd, Hollywood, FL 33021
North Miami|Location is: 822 NE 125 Street, Suite 111|2|12:00:00|13:00:00|822 NE 125 Street, Suite 111, North Miami, FL 33161
North Miami|Location is: 822 NE 125 Street, Suite 111|3|12:00:00|13:00:00|822 NE 125 Street, Suite 111, North Miami, FL 33161
North Miami|Location is: 822 NE 125 Street, Suite 111|4|12:00:00|13:00:00|822 NE 125 Street, Suite 111, North Miami, FL 33161
North Miami|Location is: 822 NE 125 Street, Suite 111|5|12:00:00|13:00:00|822 NE 125 Street, Suite 111, North Miami, FL 33161
North Miami|Location is: 822 NE 125 Street, Suite 111|6|12:00:00|13:00:00|822 NE 125 Street, Suite 111, North Miami, FL 33161
North Miami|Location is: 822 NE 125 Street, Suite 111|7|12:00:00|13:00:00|822 NE 125 Street, Suite 111, North Miami, FL 33161
Big Book Study|Location is: Upper Room|2|18:00:00|19:00:00|822 NE 125 Street, Suite 111, North Miami, FL 33161
Big Book Study|Location is: Upper Room|3|18:00:00|19:00:00|822 NE 125 Street, Suite 111, North Miami, FL 33161
Big Book Study|Location is: Upper Room|4|18:00:00|19:00:00|822 NE 125 Street, Suite 111, North Miami, FL 33161
Big Book Study|Location is: Upper Room|5|18:00:00|19:00:00|822 NE 125 Street, Suite 111, North Miami, FL 33161
North Miami 4|Location is: 822 NE 125 Street, Suite 111|7|19:00:00|20:00:00|822 NE 125 Street, Suite 111, North Miami, FL 33161
North Miami 4|Location is: 822 NE 125 Street, Suite 111|1|19:00:00|20:00:00|822 NE 125 Street, Suite 111, North Miami, FL 33161
North Miami 3|Location is: 822 NE 125 Street, Suite 111|2|20:30:00|21:30:00|822 NE 125 Street, Suite 111, North Miami, FL 33161
North Miami 3|Location is: 822 NE 125 Street, Suite 111|3|20:30:00|21:30:00|822 NE 125 Street, Suite 111, North Miami, FL 33161
North Miami 3|Location is: 822 NE 125 Street, Suite 111|4|20:30:00|21:30:00|822 NE 125 Street, Suite 111, North Miami, FL 33161
North Miami 3|Location is: 822 NE 125 Street, Suite 111|5|20:30:00|21:30:00|822 NE 125 Street, Suite 111, North Miami, FL 33161
North Miami 3|Location is: 822 NE 125 Street, Suite 111|6|20:30:00|21:30:00|822 NE 125 Street, Suite 111, North Miami, FL 33161
Principles|Location is: Miami Shores Community Church|2|20:30:00|21:30:00|9823 NE 4th Ave., Miami Shores, FL 33138
Principles|Location is: Miami Shores Community Church|6|20:30:00|21:30:00|9823 NE 4th Ave., Miami Shores, FL 33138
79th St. Bb Group|Location is: 755 NE 79th Street|1|09:00:00|10:00:00|755 NE 79th Street, Miami, FL 33138
Each Day A New Beginning|Location is: 755 NE 79th Street|1|17:30:00|18:30:00|755 NE 79th Street, Miami, FL 33138
Free Thinkers|Location is: 755 NE 79th Street|1|11:00:00|12:00:00|755 NE 79th Street, Miami, FL 33138
Good Morning|Location is: 755 NE 79th Street|2|10:00:00|11:00:00|755 NE 79th Street, Miami, FL 33138
Good Morning|Location is: 755 NE 79th Street|3|10:00:00|11:00:00|755 NE 79th Street, Miami, FL 33138
Good Morning|Location is: 755 NE 79th Street|4|10:00:00|11:00:00|755 NE 79th Street, Miami, FL 33138
Good Morning|Location is: 755 NE 79th Street|5|10:00:00|11:00:00|755 NE 79th Street, Miami, FL 33138
Good Morning|Location is: 755 NE 79th Street|6|10:00:00|11:00:00|755 NE 79th Street, Miami, FL 33138
Renacer Espiritual|Location is: 755 NE 79th Street|2|19:00:00|20:00:00|755 NE 79th Street, Miami, FL 33138
Renacer Espiritual|Location is: 755 NE 79th Street|6|19:00:00|20:00:00|755 NE 79th Street, Miami, FL 33138
Sober Way Out|Location is: 755 NE 79th Street|3|13:00:00|14:00:00|755 NE 79th Street, Miami, FL 33138
Sober Way Out|Location is: 755 NE 79th Street|5|13:00:00|14:00:00|755 NE 79th Street, Miami, FL 33138
Sober Way Out|Location is: 755 NE 79th Street|6|13:00:00|14:00:00|755 NE 79th Street, Miami, FL 33138
Sober Way Out|Location is: 755 NE 79th Street|7|13:00:00|14:00:00|755 NE 79th Street, Miami, FL 33138
Sober Way Out|Location is: 755 NE 79th Street|1|13:00:00|14:00:00|755 NE 79th Street, Miami, FL 33138
Sober Way Out 3|Location is: 755 NE 79th Street|7|17:30:00|18:30:00|755 NE 79th Street, Miami, FL 33138
Sober Way Out 2|Location is: 755 NE 79th Street|3|20:30:00|21:30:00|755 NE 79th Street, Miami, FL 33138
Sober Way Out 2|Location is: 755 NE 79th Street|6|20:30:00|21:30:00|755 NE 79th Street, Miami, FL 33138
Little River Club 4|Location is: 755 NE 79th Street|7|11:00:00|12:00:00|755 NE 79th Street, Miami, FL 33138
Little River Club|Location is: 755 NE 79th Street|2|13:00:00|14:00:00|755 NE 79th Street, Miami, FL 33138
Little River Club|Location is: 755 NE 79th Street|4|13:00:00|14:00:00|755 NE 79th Street, Miami, FL 33138
Little River Club 2|Location is: 755 NE 79th Street|2|17:30:00|18:30:00|755 NE 79th Street, Miami, FL 33138
Little River Club 2|Location is: 755 NE 79th Street|3|17:30:00|18:30:00|755 NE 79th Street, Miami, FL 33138
Little River Club 2|Location is: 755 NE 79th Street|4|17:30:00|18:30:00|755 NE 79th Street, Miami, FL 33138
Little River Club 2|Location is: 755 NE 79th Street|5|17:30:00|18:30:00|755 NE 79th Street, Miami, FL 33138
Little River Club 2|Location is: 755 NE 79th Street|6|17:30:00|18:30:00|755 NE 79th Street, Miami, FL 33138
Little River Club 3|Location is: 755 NE 79th Street|2|20:30:00|21:30:00|755 NE 79th Street, Miami, FL 33138
Little River Club 3|Location is: 755 NE 79th Street|4|20:30:00|21:30:00|755 NE 79th Street, Miami, FL 33138
Little River Club 3|Location is: 755 NE 79th Street|5|20:30:00|21:30:00|755 NE 79th Street, Miami, FL 33138
Little River Club 3|Location is: 755 NE 79th Street|7|20:30:00|21:30:00|755 NE 79th Street, Miami, FL 33138
Little River Club 3|Location is: 755 NE 79th Street|1|20:30:00|21:30:00|755 NE 79th Street, Miami, FL 33138
Little River Club 5|Location is: 755 NE 79th Street|7|22:30:00|23:30:00|755 NE 79th Street, Miami, FL 33138
Little River Men's|Location is: 755 NE 79th Street|4|19:00:00|20:00:00|755 NE 79th Street, Miami, FL 33138
Nite Owl Group|Location is: 755 NE 79th Street|7|22:00:00|23:00:00|755 NE 79th Street, Miami, FL 33138
Little river club|Location is: Biscayne|7|11:00:00|12:00:00|79th and ne 8 ct, miami, FL 33138
The Way Home|Location is: Unity Church|5|17:30:00|18:30:00|8801 NW 39th Avenue, Gainesville, FL 32606
STEP BY STEP BEGINNER'S|Location is: Shands at Vista - Health Park|1|19:00:00|20:00:00|8900 NW 39th Avenue, Gainesville, FL 32606
DESIGN FOR LIVING BEGINNER'S|Location is: Shands at Vista - Health Park|4|19:30:00|20:30:00|8900 NW 39th Avenue, Gainesville, FL 32606
A VISIONFOR YOU BEGINNER'S|Location is: Shands at Vista - Health Park|7|19:30:00|20:30:00|8900 NW 39th Avenue, Gainesville, FL 32606
Sunset|Location is: 8342 SW 40th Street (Bird Road)|2|09:30:00|10:30:00|8342 SW 40th Street (Bird Road), Miami, FL 
Sunset|Location is: 8342 SW 40th Street (Bird Road)|3|09:30:00|10:30:00|8342 SW 40th Street (Bird Road), Miami, FL 
Sunset|Location is: 8342 SW 40th Street (Bird Road)|4|09:30:00|10:30:00|8342 SW 40th Street (Bird Road), Miami, FL 
Sunset|Location is: 8342 SW 40th Street (Bird Road)|5|09:30:00|10:30:00|8342 SW 40th Street (Bird Road), Miami, FL 
Sunset|Location is: 8342 SW 40th Street (Bird Road)|6|09:30:00|10:30:00|8342 SW 40th Street (Bird Road), Miami, FL 
Sunset|Location is: 8342 SW 40th Street (Bird Road)|1|09:30:00|10:30:00|8342 SW 40th Street (Bird Road), Miami, FL 
Sunset 7|Location is: 8342 SW 40th Street (Bird Road)|7|11:00:00|12:00:00|8342 SW 40th Street (Bird Road), Miami, FL 
Sunset 2|Location is: 8342 SW 40th Street (Bird Road)|2|13:00:00|14:00:00|8342 SW 40th Street (Bird Road), Miami, FL 
Sunset 2|Location is: 8342 SW 40th Street (Bird Road)|3|13:00:00|14:00:00|8342 SW 40th Street (Bird Road), Miami, FL 
Sunset 2|Location is: 8342 SW 40th Street (Bird Road)|4|13:00:00|14:00:00|8342 SW 40th Street (Bird Road), Miami, FL 
Sunset 2|Location is: 8342 SW 40th Street (Bird Road)|5|13:00:00|14:00:00|8342 SW 40th Street (Bird Road), Miami, FL 
Sunset 2|Location is: 8342 SW 40th Street (Bird Road)|6|13:00:00|14:00:00|8342 SW 40th Street (Bird Road), Miami, FL 
Sunset 2|Location is: 8342 SW 40th Street (Bird Road)|1|13:00:00|14:00:00|8342 SW 40th Street (Bird Road), Miami, FL 
Sunset 3|Location is: 8342 SW 40th Street (Bird Road)|2|17:30:00|18:30:00|8342 SW 40th Street (Bird Road), Miami, FL 
Sunset 3|Location is: 8342 SW 40th Street (Bird Road)|3|17:30:00|18:30:00|8342 SW 40th Street (Bird Road), Miami, FL 
Sunset 3|Location is: 8342 SW 40th Street (Bird Road)|4|17:30:00|18:30:00|8342 SW 40th Street (Bird Road), Miami, FL 
Sunset 3|Location is: 8342 SW 40th Street (Bird Road)|5|17:30:00|18:30:00|8342 SW 40th Street (Bird Road), Miami, FL 
Sunset 3|Location is: 8342 SW 40th Street (Bird Road)|6|17:30:00|18:30:00|8342 SW 40th Street (Bird Road), Miami, FL 
Sunset 3|Location is: 8342 SW 40th Street (Bird Road)|7|17:30:00|18:30:00|8342 SW 40th Street (Bird Road), Miami, FL 
Sunset 3|Location is: 8342 SW 40th Street (Bird Road)|1|17:30:00|18:30:00|8342 SW 40th Street (Bird Road), Miami, FL 
Sunset 4|Location is: 8342 SW 40th Street (Bird Road)|2|19:00:00|20:00:00|8342 SW 40th Street (Bird Road), Miami, FL 
Sunset 4|Location is: 8342 SW 40th Street (Bird Road)|4|19:00:00|20:00:00|8342 SW 40th Street (Bird Road), Miami, FL 
Sunset 5|Location is: 8342 SW 40th Street (Bird Road)|2|20:30:00|21:30:00|8342 SW 40th Street (Bird Road), Miami, FL 
Sunset 5|Location is: 8342 SW 40th Street (Bird Road)|3|20:30:00|21:30:00|8342 SW 40th Street (Bird Road), Miami, FL 
Sunset 5|Location is: 8342 SW 40th Street (Bird Road)|4|20:30:00|21:30:00|8342 SW 40th Street (Bird Road), Miami, FL 
Sunset 5|Location is: 8342 SW 40th Street (Bird Road)|5|20:30:00|21:30:00|8342 SW 40th Street (Bird Road), Miami, FL 
Sunset 5|Location is: 8342 SW 40th Street (Bird Road)|7|20:30:00|21:30:00|8342 SW 40th Street (Bird Road), Miami, FL 
Sunset 5|Location is: 8342 SW 40th Street (Bird Road)|1|20:30:00|21:30:00|8342 SW 40th Street (Bird Road), Miami, FL 
Sunset 6|Location is: 8342 SW 40th Street (Bird Road)|6|22:00:00|23:00:00|8342 SW 40th Street (Bird Road), Miami, FL 
Sunset 8|Location is: 8342 SW 40th Street (Bird Road)|7|23:00:00|00:00:00|8342 SW 40th Street (Bird Road), Miami, FL 
Acceptance|Location is: St. Paul's Lutheran Church|5|20:30:00|21:30:00|SW 107th Ave. &amp; SW 56th Stree, Miami, FL 33165
Rivermont House Group|Location is: 789 NW 13 Ave.|2|20:30:00|21:30:00|789 NW 13 Ave., Miami, FL 33125
Rivermont House Group|Location is: 789 NW 13 Ave.|4|20:30:00|21:30:00|789 NW 13 Ave., Miami, FL 33125
Rivermont House Group|Location is: 789 NW 13 Ave.|6|20:30:00|21:30:00|789 NW 13 Ave., Miami, FL 33125
Rivermont House Group|Location is: 789 NW 13 Ave.|7|20:30:00|21:30:00|789 NW 13 Ave., Miami, FL 33125
Rivermont House Group|Location is: 789 NW 13 Ave.|1|20:30:00|21:30:00|789 NW 13 Ave., Miami, FL 33125
Resurreccion|Location is: 7241 SW 48th Street|2|20:30:00|21:30:00|7241 SW 48th Street, Miami, FL 33155
Resurreccion|Location is: 7241 SW 48th Street|3|20:30:00|21:30:00|7241 SW 48th Street, Miami, FL 33155
Resurreccion|Location is: 7241 SW 48th Street|4|20:30:00|21:30:00|7241 SW 48th Street, Miami, FL 33155
Resurreccion|Location is: 7241 SW 48th Street|5|20:30:00|21:30:00|7241 SW 48th Street, Miami, FL 33155
Resurreccion|Location is: 7241 SW 48th Street|6|20:30:00|21:30:00|7241 SW 48th Street, Miami, FL 33155
Resurreccion|Location is: 7241 SW 48th Street|7|20:30:00|21:30:00|7241 SW 48th Street, Miami, FL 33155
Miami Beach Back To Basics|Location is: 3716 Garden Ave. &amp; Meridian Ave.|5|20:30:00|21:30:00|3716 Garden Ave. &amp; Meridian Ave., Miami Beach, FL 33140
Trail's End|Location is: Miccossukee Reservation|5|19:00:00|20:00:00|8th Street - 20 Miles W. of Krome, Miami, FL 
Night Owl Group|Location is: Night Owl Group|4|12:00:00|13:00:00|Cathedral Street, St Augustine, FL 
Night Owl Group|Location is: Night Owl Group|2|12:00:00|13:00:00|Cathedral Street, St Augustine, FL 
Night Owl Group|Location is: Night Owl Group|7|12:00:00|13:00:00|Cathedral Street, St Augustine, FL 
Keynote|Location is: South Miami Lutheran Church|3|13:00:00|14:00:00|72 Ave. &amp; Sunset Dr., Miami, FL 33143
Keynote|Location is: South Miami Lutheran Church|6|13:00:00|14:00:00|72 Ave. &amp; Sunset Dr., Miami, FL 33143
Kendall Men's Group|Location is: Kendall Community Church of God|1|18:30:00|19:30:00|8795 SW 112 Street Room 12, Miami, FL 33176
Killian Pines|Location is: Kendall Church of God|6|20:30:00|21:30:00|8795 SW 112 St., Miami, FL 33176
Hampton Hole in the Wall|Location is: City Hall|2|18:00:00|19:00:00|County Road 18, Hampton, FL 32044
Hampton Hole in the Wall|Location is: City Hall|4|18:00:00|19:00:00|County Road 18, Hampton, FL 32044
Key Biscayne Group|Location is: St. Christopher's by the Sea|2|20:30:00|21:30:00|95 Harbor Dr., Key Biscayne, FL 33149
Key Biscayne Group|Location is: St. Christopher's by the Sea|6|20:30:00|21:30:00|95 Harbor Dr., Key Biscayne, FL 33149
Palatka|Location is: Palatka|3|12:00:00|13:00:00|809 St. Johns Ave., Jacksonville, FL 32043
Palatka|Location is: Palatka|5|12:00:00|13:00:00|809 St. Johns Ave., Jacksonville, FL 32043
Middleburg Group|Location is: Middleburg Group|6|18:30:00|19:30:00|Blanding & Rosemary, Jacksonville, FL 32068
Middleburg Group|Location is: Middleburg Group|2|20:00:00|21:00:00|Blanding & Rosemary, Jacksonville, FL 32068
Larks and Sparrows|Location is: Larks and Sparrows|7|08:00:00|09:00:00|895 Palm Valley Road, Ponte Vedra, FL 
Step of Faith|Location is: Step of Faith|5|20:00:00|21:00:00|895 Palm Valley Rd, Ponte Vedra Beach, FL 32082
Baymeadows Group|Location is: Baymeadows Group|2|20:00:00|21:00:00|9800 Baymeadows Rd, Jacksonville, FL 32256
Stepping Up Group|Location is: Stepping Up Group|4|12:00:00|13:00:00|7500 Southside Blvd., Jacksonville, FL 32256
Stepping Up Group|Location is: Stepping Up Group|6|12:00:00|13:00:00|7500 Southside Blvd., Jacksonville, FL 32256
San Jose Group|Location is: San Jose Group|5|20:00:00|21:00:00|7423 San Jose Blvd, Jacksonville, FL 32217
San Man Group|Location is: San Man Group|3|20:00:00|21:00:00|7423 San Jose Blvd., Jacksonville, FL 32217
Winners|Location is: Murray Hill|2|20:00:00|21:00:00|Edgewater Dr, Jacksonville, FL 32210
Surrender To Win|Location is: Surrender To Win|4|20:00:00|21:00:00|800 Shetter Ave, Jax Beach, FL 32250
12 Step Meeting|Location is: Church of The Good Shepherd|6|18:30:00|19:30:00|Corner of Stockton and Park, Jacksonville, FL 32203
Winners|Location is: Winners|2|09:30:00|10:30:00|911 S. Edgewood Ave., Jacksonville, FL 32205
Winners|Location is: Winners|3|09:30:00|10:30:00|911 S. Edgewood Ave., Jacksonville, FL 32205
Winners|Location is: Winners|4|09:30:00|10:30:00|911 S. Edgewood Ave., Jacksonville, FL 32205
Winners|Location is: Winners|5|09:30:00|10:30:00|911 S. Edgewood Ave., Jacksonville, FL 32205
Winners|Location is: Winners|6|09:30:00|10:30:00|911 S. Edgewood Ave., Jacksonville, FL 32205
Winners 6|Location is: Winners|1|10:00:00|11:00:00|911 S. Edgewood Ave., Jacksonville, FL 32205
Winners 2|Location is: Winners|2|12:00:00|13:00:00|911 S. Edgewood Ave., Jacksonville, FL 32205
Winners 2|Location is: Winners|3|12:00:00|13:00:00|911 S. Edgewood Ave., Jacksonville, FL 32205
Winners 2|Location is: Winners|4|12:00:00|13:00:00|911 S. Edgewood Ave., Jacksonville, FL 32205
Winners 2|Location is: Winners|5|12:00:00|13:00:00|911 S. Edgewood Ave., Jacksonville, FL 32205
Winners 2|Location is: Winners|6|12:00:00|13:00:00|911 S. Edgewood Ave., Jacksonville, FL 32205
Winners 5|Location is: Winners|1|13:00:00|14:00:00|911 S. Edgewood Ave., Jacksonville, FL 32205
Winners 5|Location is: Winners|7|13:00:00|14:00:00|911 S. Edgewood Ave., Jacksonville, FL 32205
Winners 3|Location is: Winners|3|17:30:00|18:30:00|911 S. Edgewood Ave., Jacksonville, FL 32205
Winners 3|Location is: Winners|2|17:30:00|18:30:00|911 S. Edgewood Ave., Jacksonville, FL 32205
Winners 3|Location is: Winners|4|17:30:00|18:30:00|911 S. Edgewood Ave., Jacksonville, FL 32205
Winners 3|Location is: Winners|5|17:30:00|18:30:00|911 S. Edgewood Ave., Jacksonville, FL 32205
Winners 3|Location is: Winners|6|17:30:00|18:30:00|911 S. Edgewood Ave., Jacksonville, FL 32205
Winners 4|Location is: Winners|5|20:00:00|21:00:00|911 S. Edgewood Ave., Jacksonville, FL 32205
Winners 4|Location is: Winners|6|20:00:00|21:00:00|911 S. Edgewood Ave., Jacksonville, FL 32205
Winners 4|Location is: Winners|4|20:00:00|21:00:00|911 S. Edgewood Ave., Jacksonville, FL 32205
Winners 4|Location is: Winners|1|20:00:00|21:00:00|911 S. Edgewood Ave., Jacksonville, FL 32205
Winners 4|Location is: Winners|2|20:00:00|21:00:00|911 S. Edgewood Ave., Jacksonville, FL 32205
Winners 4|Location is: Winners|3|20:00:00|21:00:00|911 S. Edgewood Ave., Jacksonville, FL 32205
Winners 4|Location is: Winners|7|20:00:00|21:00:00|911 S. Edgewood Ave., Jacksonville, FL 32205
Winners|Location is: Murray Hill|2|12:00:00|13:00:00|911 Edgewood Ave S, Jacksonville, FL 32205
Jax Beaches YPG|Location is: Jax Beaches YPG|7|18:30:00|19:30:00|751 Atlantic Blvd., Atlantic Beach, FL 32233
Jax Beaches YPG|Location is: Jax Beaches YPG|5|20:00:00|21:00:00|751 Atlantic Blvd., Atlantic Beach, FL 32233
Marietta Group|Location is: Marietta Group|3|20:00:00|21:00:00|Hammond Blvd. & Calhoon, Jacksonville, FL 32220
Marietta Group|Location is: Marietta Group|6|20:00:00|21:00:00|Hammond Blvd. & Calhoon, Jacksonville, FL 32220
Salvation Army Group|Location is: Salvation Army Group|6|19:30:00|20:30:00|900 W. Adams, Jacksonville, FL 32204
Welaka|Location is: Welaka|5|13:00:00|14:00:00|Emmanuel Episcopal, Jacksonville, FL 
Living in the Light|Location is: Living in the Light|7|09:30:00|10:30:00|900 Bridier St, Jacksonville, FL 32206
Alumni Group|Location is: Living in the Light|5|18:00:00|19:00:00|900 Bridier St, Jacksonville, FL 32206
Living in the Light|Location is: Living in the Light|3|18:00:00|19:00:00|900 Bridier St, Jacksonville, FL 32206
Living in the Light|Location is: Living in the Light|4|20:00:00|21:00:00|900 Bridier St, Jacksonville, FL 32206
Living in the Light|Location is: Living in the Light|6|20:00:00|21:00:00|900 Bridier St, Jacksonville, FL 32206
Riverview Study Group 2|Location is: Riverview Study Group|1|10:00:00|11:00:00|7944 Smyrna St, Jacksonville, FL 32208
Riverview Study Group|Location is: Riverview Study Group|1|20:00:00|21:00:00|7944 Smyrna St, Jacksonville, FL 32208
Riverview Study Group|Location is: Riverview Study Group|4|20:00:00|21:00:00|7944 Smyrna St, Jacksonville, FL 32208
Riverview Study Group|Location is: Riverview Study Group|7|20:00:00|21:00:00|7944 Smyrna St, Jacksonville, FL 32208
Riverview Study Group|Location is: Riverview Study Group|5|20:00:00|21:00:00|7944 Smyrna St, Jacksonville, FL 32208
Riverview Study Group|Location is: Riverview Study Group|2|20:00:00|21:00:00|7944 Smyrna St, Jacksonville, FL 32208
Riverview Study Group|Location is: Riverview Study Group|6|20:00:00|21:00:00|7944 Smyrna St, Jacksonville, FL 32208
Trout River Group 3|Location is: Trout River Club|1|10:00:00|11:00:00|9745 Lem Turner, Jacksonville, FL 32208
Trout River Group 2|Location is: Trout River Club|5|17:30:00|18:30:00|9745 Lem Turner, Jacksonville, FL 32208
Trout River Group|Location is: Trout River Club|5|20:00:00|21:00:00|9745 Lem Turner, Jacksonville, FL 32208
Trout River Group|Location is: Trout River Club|3|20:00:00|21:00:00|9745 Lem Turner, Jacksonville, FL 32208
Trout River Group|Location is: Trout River Club|1|20:00:00|21:00:00|9745 Lem Turner, Jacksonville, FL 32208
Trout River Group|Location is: Trout River Club|2|20:00:00|21:00:00|9745 Lem Turner, Jacksonville, FL 32208
Trout River Group|Location is: Trout River Club|4|20:00:00|21:00:00|9745 Lem Turner, Jacksonville, FL 32208
Trout River Group|Location is: Trout River Club|7|20:00:00|21:00:00|9745 Lem Turner, Jacksonville, FL 32208
Trout River Group|Location is: Trout River Club|6|20:00:00|21:00:00|9745 Lem Turner, Jacksonville, FL 32208
BIG PINE PRISON GROUP|Location is: BIG PINE ROAD PRISON|6|19:30:00|20:30:00|BIG PINE KEY, BIG PINE, FL 
BIG COPPITT GROUP|Location is: FIRST BAPTIST CHURCH|3|19:00:00|20:00:00|Big Coppitt Key, , FL  USA, FL 
Alcoholics Anonymous|Location is: Serenity House|3|18:00:00|19:00:00|E Central Ave, Kingsland, FL 31548
Alcoholics Anonymous|Location is: Serenity House|6|12:00:00|13:00:00|E Central Ave, Kingsland, FL 31548
Alcoholics Anomymous|Location is: Serenity House|6|18:00:00|19:00:00|E Central Ave, Kingsland, FL 31548
Folkston Group|Location is: Folkston Group|3|20:00:00|21:00:00|74 Shady Lane, Folkston, FL 31537
Folkston Group|Location is: Folkston Group|5|20:00:00|21:00:00|74 Shady Lane, Folkston, FL 31537
Folkston Group|Location is: Folkston Group|2|20:00:00|21:00:00|74 Shady Lane, Folkston, FL 31537
Folkston Group|Location is: Folkston Group|7|20:00:00|21:00:00|74 Shady Lane, Folkston, FL 31537
4 CORNERS GROUP|Location is: RIDGELAND COMMUNITY CHURCH|2|19:00:00|20:00:00|8681 W HWY 441, KISSIMMEE, FL 
4 CORNERS GROUP|Location is: RIDGELAND COMMUNITY CHURCH|5|19:00:00|20:00:00|8681 W HWY 441, KISSIMMEE, FL 
The Today Group|Location is: Cate Rd.|2|11:30:00|12:30:00|Cate Rd., brunswick, FL 31525
The Today Group|Location is: Cate Rd.|3|11:30:00|12:30:00|Cate Rd., brunswick, FL 31525
The Today Group|Location is: Cate Rd.|4|11:30:00|12:30:00|Cate Rd., brunswick, FL 31525
The Today Group|Location is: Cate Rd.|5|11:30:00|12:30:00|Cate Rd., brunswick, FL 31525
The Today Group|Location is: Cate Rd.|6|11:30:00|12:30:00|Cate Rd., brunswick, FL 31525
The Today Group|Location is: Cate Rd.|7|11:30:00|12:30:00|Cate Rd., brunswick, FL 31525
EAST POINT MEETING|Location is: METHODIST CHURCH|1|19:30:00|20:30:00|EASTPOINT, APALACHIOLA, FL 
New Beginings|Location is: Waycross|6|18:30:00|19:30:00|Epescopal church, waycross, FL 31501
Milltown Group|Location is: Old High School|1|19:30:00|20:30:00|Church St, lakeland, FL 31635
Sun. A.M.|Location is: John Cuming Bldg.|1|09:00:00|10:00:00|Donaldson Rd., 1st Fl., Concord, FL 
SIEZE THE DAY|Location is: SIEZE THE DAY|1|09:30:00|10:30:00|909 N GADSEN ST, TALLAHASSEE, FL 
CENTRAL GROUP|Location is: SIEZE THE DAY|1|12:00:00|13:00:00|909 N GADSEN ST, TALLAHASSEE, FL 
CENTRAL GROUP 2|Location is: SIEZE THE DAY|1|17:30:00|18:30:00|909 N GADSEN ST, TALLAHASSEE, FL 
CENTRAL GROUP 3|Location is: SIEZE THE DAY|1|20:15:00|21:15:00|909 N GADSEN ST, TALLAHASSEE, FL 
SIEZE THE DAY|Location is: SIEZE THE DAY|2|07:45:00|08:45:00|909 N GADSEN ST, TALLAHASSEE, FL 
CENTRAL GROUP|Location is: SIEZE THE DAY|2|20:00:00|21:00:00|909 N GADSEN ST, TALLAHASSEE, FL 
CENTRAL GROUP 2|Location is: SIEZE THE DAY|2|17:30:00|18:30:00|909 N GADSEN ST, TALLAHASSEE, FL 
LAKE JACKSON|Location is: UNITY CHURCH|2|19:30:00|20:30:00|CROWER ROAD, TALLAHASSEE, FL 
CENTRAL GROUP 3|Location is: SIEZE THE DAY|2|20:15:00|21:15:00|909 N GADSEN ST, TALLAHASSEE, FL 
SIEZE THE DAY|Location is: SIEZE THE DAY|3|07:45:00|08:45:00|909 N GADSEN ST, TALLAHASSEE, FL 
CENTRAL GROUP|Location is: SIEZE THE DAY|3|20:00:00|21:00:00|909 N GADSEN ST, TALLAHASSEE, FL 
CENTRAL GROUP 2|Location is: SIEZE THE DAY|3|17:30:00|18:30:00|909 N GADSEN ST, TALLAHASSEE, FL 
WOMENS METING|Location is: SIEZE THE DAY|3|18:45:00|19:45:00|909 N GADSEN ST, TALLAHASSEE, FL 
CENTRAL GROUP 3|Location is: SIEZE THE DAY|3|20:15:00|21:15:00|909 N GADSEN ST, TALLAHASSEE, FL 
SIEZE THE DAY|Location is: SIEZE THE DAY|4|07:45:00|08:45:00|909 N GADSEN ST, TALLAHASSEE, FL 
CENTRAL GROUP|Location is: SIEZE THE DAY|4|20:00:00|21:00:00|909 N GADSEN ST, TALLAHASSEE, FL 
CENTRAL GROUP 2|Location is: SIEZE THE DAY|4|17:30:00|18:30:00|909 N GADSEN ST, TALLAHASSEE, FL 
CENTRAL GROUP 3|Location is: SIEZE THE DAY|4|20:15:00|21:15:00|909 N GADSEN ST, TALLAHASSEE, FL 
CENTRAL GROUP, BEGINNERS|Location is: SIEZE THE DAY|4|20:15:00|21:15:00|909 N GADSEN ST, TALLAHASSEE, FL 
SIEZE THE DAY|Location is: SIEZE THE DAY|5|07:45:00|08:45:00|909 N GADSEN ST, TALLAHASSEE, FL 
CENTRAL GROUP|Location is: SIEZE THE DAY|5|20:00:00|21:00:00|909 N GADSEN ST, TALLAHASSEE, FL 
CENTRAL GROUP 2|Location is: SIEZE THE DAY|5|17:30:00|18:30:00|909 N GADSEN ST, TALLAHASSEE, FL 
SIEZE THE DAY|Location is: SIEZE THE DAY|6|07:45:00|08:45:00|909 N GADSEN ST, TALLAHASSEE, FL 
CENTRAL GROUP|Location is: SIEZE THE DAY|6|20:00:00|21:00:00|909 N GADSEN ST, TALLAHASSEE, FL 
CENTRAL GROUP 2|Location is: SIEZE THE DAY|6|17:30:00|18:30:00|909 N GADSEN ST, TALLAHASSEE, FL 
CENTRAL GROUP 3|Location is: SIEZE THE DAY|6|20:15:00|21:15:00|909 N GADSEN ST, TALLAHASSEE, FL 
CENTRAL GROUP, BEGINNERS|Location is: SIEZE THE DAY|6|20:15:00|21:15:00|909 N GADSEN ST, TALLAHASSEE, FL 
SIEZE THE DAY|Location is: SIEZE THE DAY|7|09:30:00|10:30:00|909 N GADSEN ST, TALLAHASSEE, FL 
CENTRAL GROUP 2|Location is: SIEZE THE DAY|7|17:30:00|18:30:00|909 N GADSEN ST, TALLAHASSEE, FL 
CENTRAL GROUP 3|Location is: SIEZE THE DAY|7|20:15:00|21:15:00|909 N GADSEN ST, TALLAHASSEE, FL 
Tallahassee Young People's Group|Location is: St Peter's Anglican Church|6|19:00:00|20:00:00|901 Thomasville Rd, tallahassee, FL 32303
Wayne County Group|Location is: Jesup, Ga|7|20:00:00|21:00:00|837 E Pine St, jesup, FL 31545
Wayne County Group|Location is: Jesup, Ga|6|08:00:00|09:00:00|837 E Pine St, jesup, FL 31545
Wayne County Group|Location is: Jesup, Ga|5|20:00:00|21:00:00|837 E Pine St, jesup, FL 31545
Wayne County Group|Location is: Jesup, Ga|4|20:00:00|21:00:00|837 E Pine St, jesup, FL 31545
Wayne County Group|Location is: Jesup, Ga|3|20:00:00|21:00:00|837 E Pine St, jesup, FL 31545
Wayne County Group|Location is: Jesup, Ga|2|20:00:00|21:00:00|837 E Pine St, jesup, FL 31545
Wayne County Group|Location is: Jesup, Ga|6|18:00:00|19:00:00|837 E Pine St, jesup, FL 31545
Wayne County Group|Location is: Jesup, Ga|4|18:00:00|19:00:00|837 E Pine St, jesup, FL 31545
Wayne County Group|Location is: Jesup, Ga|2|18:00:00|19:00:00|837 E Pine St, jesup, FL 31545
Wayne County Group|Location is: Jesup, Ga|1|20:00:00|21:00:00|837 E Pine St, jesup, FL 31545
CENTRAL GROUP|Location is: SERENITY JUNCTION AA CLUB|1|09:00:00|10:00:00|922 JENKS AVE, PANAMA CITY, FL 32401
CENTRAL GROUP|Location is: SERENITY JUNCTION AA CLUB|2|19:00:00|20:00:00|922 JENKS AVE, PANAMA CITY, FL 32401
CENTRAL GROUP|Location is: SERENITY JUNCTION AA CLUB|3|19:00:00|20:00:00|922 JENKS AVE, PANAMA CITY, FL 32401
CENTRAL GROUP|Location is: SERENITY JUNCTION AA CLUB|5|19:00:00|20:00:00|922 JENKS AVE, PANAMA CITY, FL 32401
LYNN HAVEN GROUP|Location is: FIRST PRESBYTERIAN CHURCH OF LYNN HAVEN|4|19:00:00|20:00:00|810 GEORGIA AVE, LYNN HAVEN, FL 32444
LYNN HAVEN GROUP|Location is: FIRST PRESBYTERIAN CHURCH OF LYNN HAVEN|6|18:00:00|19:00:00|810 GEORGIA AVE, LYNN HAVEN, FL 32444
LYNN HAVEN GROUP|Location is: FIRST PRESBYTERIAN CHURCH OF LYNN HAVEN|7|19:00:00|20:00:00|810 GEORGIA AVE, LYNN HAVEN, FL 32444
12 AT 12 AND SUNDAY MORNING BB 3|Location is: CAYA AA CLUB|1|09:30:00|10:30:00|8317 FRONT BEACH ROAD, PANAMA CITY BEACH, FL 32407
12 AT 12 Group Noon Meeting|Location is: CAYA AA CLUB|2|12:00:00|13:00:00|8317 FRONT BEACH ROAD, PANAMA CITY BEACH, FL 32407
12 AT 12 Group Noon Meeting|Location is: CAYA AA CLUB|3|12:00:00|13:00:00|8317 FRONT BEACH ROAD, PANAMA CITY BEACH, FL 32407
12 AT 12 Group Noon Meeting|Location is: CAYA AA CLUB|4|12:00:00|13:00:00|8317 FRONT BEACH ROAD, PANAMA CITY BEACH, FL 32407
12 AT 12 Group 7pm meeting|Location is: CAYA AA CLUB|4|19:00:00|20:00:00|8317 FRONT BEACH ROAD, PANAMA CITY BEACH, FL 32407
12 AT 12 Group Noon Meeting|Location is: CAYA AA CLUB|5|12:00:00|13:00:00|8317 FRONT BEACH ROAD, PANAMA CITY BEACH, FL 32407
12 AT 12 Group Noon Meeting|Location is: CAYA AA CLUB|6|12:00:00|13:00:00|8317 FRONT BEACH ROAD, PANAMA CITY BEACH, FL 32407
12 AT 12 Group Noon Meeting|Location is: CAYA AA CLUB|7|12:00:00|13:00:00|8317 FRONT BEACH ROAD, PANAMA CITY BEACH, FL 32407
12 AT 12 Group 7pm meeting|Location is: CAYA AA CLUB|2|19:00:00|20:00:00|8317 FRONT BEACH ROAD, PANAMA CITY BEACH, FL 32407
12 AT 12 Group 7pm meeting|Location is: CAYA AA CLUB|3|19:00:00|20:00:00|8317 FRONT BEACH ROAD, PANAMA CITY BEACH, FL 32407
12 AT 12 Group 7pm meeting|Location is: CAYA AA CLUB|5|19:00:00|20:00:00|8317 FRONT BEACH ROAD, PANAMA CITY BEACH, FL 32407
12 AT 12 Group 7pm meeting|Location is: CAYA AA CLUB|6|19:00:00|20:00:00|8317 FRONT BEACH ROAD, PANAMA CITY BEACH, FL 32407
12 AT 12 Group 7pm meeting|Location is: CAYA AA CLUB|7|19:00:00|20:00:00|8317 FRONT BEACH ROAD, PANAMA CITY BEACH, FL 32407
12 AT 12 Group 7pm meeting|Location is: CAYA AA CLUB|1|19:00:00|20:00:00|8317 FRONT BEACH ROAD, PANAMA CITY BEACH, FL 32407
12 & 12|Location is: Caya Club|3|19:00:00|20:00:00|8317 Front Beach Road, panama city beach, FL 32405
12&12|Location is: Caya Club|1|09:30:00|10:30:00|8317 Front Beach Road, panama city beach, FL 32405
BEACH UNITY GROUP 2|Location is: YANA AA CLUB|5|19:00:00|20:00:00|8715 LAIRD ST, PANAMA CITY BEACH, FL 32408
BEACH UNITY GROUP 3|Location is: YANA AA CLUB|6|21:00:00|22:00:00|8715 LAIRD ST, PANAMA CITY BEACH, FL 32408
BEACH UNITY GROUP|Location is: YANA AA CLUB|7|17:30:00|18:30:00|8715 LAIRD ST, PANAMA CITY BEACH, FL 32408
Beach Unity Group|Location is: Yana Club|3|17:30:00|18:30:00|8715 Laird Street, panama city beach, FL 32405
Beach Unity Group|Location is: Yana Club|7|17:30:00|18:30:00|8715 Laird Street, panama city beach, FL 32405
Navarre Parkway Group|Location is: NCADD Building  Hwy98E|7|07:45:00|08:45:00|8738 Ortega Park Dr, Navarre, FL 32566
Navarre Parkway Group|Location is: NCADD Building  Hwy98E|1|17:00:00|18:00:00|8738 Ortega Park Dr, Navarre, FL 32566
Navarre Parkway  MT|Location is: NCADD Building  Hwy98E|7|07:45:00|08:45:00|8738 Ortega Park Dr, Navarre, FL 32566
EARLY RISERS|Location is: St Augustine Episcopal Church|2|07:00:00|08:00:00|7910 Navarre Pkwy, Navarre, FL 32566
Good morning Ladies|Location is: St Augustine Church|3|11:00:00|12:00:00|7810 Navvare pkwy, Gulf Breeze-Harold, FL 32566
Northpointe Group|Location is: Holy Cross Episcopal Church|7|18:00:00|19:00:00|7979 N 9th Ave, Pensacola, FL 32514
Ferry Pass AA Group|Location is: Holy Cross Episcopal Church|7|18:00:00|19:00:00|7979 N 9th Ave, Pensacola, FL 32514
Awakening Group|Location is: Pensacola|7|12:00:00|13:00:00|7300 North Davis Hwy., pensacola, FL 32514
Awakening Group|Location is: Ferry Pass United Methodist Church|7|12:00:00|13:00:00|7300 North Davis Hwy., pensacola, FL 32514
The Awakening Group|Location is: Ferry Pass United Methodist Church|2|12:00:00|13:00:00|7300 N. Davis Hwy., pensacola, FL 32504
The Awakening Group|Location is: Ferry Pass United Methodist Church|2|12:00:00|13:00:00|7300 N Davis Hwy, pensacola, FL 32504
Baker Ave. Group 4|Location is: Downtown Club|1|12:30:00|13:30:00|937 Murphy Street, Augusta, FL 30904
Baker Ave. Group 5|Location is: Downtown Club|1|19:15:00|20:15:00|937 Murphy Street, Augusta, FL 30904
Baker Ave. Group|Location is: Downtown Club|2|12:00:00|13:00:00|937 Murphy Street, Augusta, FL 30904
Baker Ave. Group 2|Location is: Downtown Club|2|17:30:00|18:30:00|937 Murphy Street, Augusta, FL 30904
Baker Ave. Group|Location is: Downtown Club|3|12:00:00|13:00:00|937 Murphy Street, Augusta, FL 30904
Baker Ave. Group 2|Location is: Downtown Club|3|17:30:00|18:30:00|937 Murphy Street, Augusta, FL 30904
Baker Ave. Group|Location is: Downtown Club|4|12:00:00|13:00:00|937 Murphy Street, Augusta, FL 30904
Baker Ave. Group 2|Location is: Downtown Club|4|17:30:00|18:30:00|937 Murphy Street, Augusta, FL 30904
Baker Ave. Group 3|Location is: Downtown Club|4|20:00:00|21:00:00|937 Murphy Street, Augusta, FL 30904
Baker Ave. Group|Location is: Downtown Club|5|12:00:00|13:00:00|937 Murphy Street, Augusta, FL 30904
Baker Ave. Group 2|Location is: Downtown Club|5|17:30:00|18:30:00|937 Murphy Street, Augusta, FL 30904
Baker Ave. Group|Location is: Downtown Club|6|12:00:00|13:00:00|937 Murphy Street, Augusta, FL 30904
Baker Ave. Group 2|Location is: Downtown Club|6|17:30:00|18:30:00|937 Murphy Street, Augusta, FL 30904
Baker Ave. Group 2|Location is: Downtown Club|7|17:30:00|18:30:00|937 Murphy Street, Augusta, FL 30904
Baker Ave. Group 3|Location is: Downtown Club|7|20:00:00|21:00:00|937 Murphy Street, Augusta, FL 30904
Grace Grit Gratitude|Location is: City Hospital|3|19:30:00|20:30:00|Camilla Ave, Cambridge, FL 
Nite|Location is: City Hospital|7|19:30:00|20:30:00|Camilla Ave, Cambridge, FL 
THE SHEPHERD GROUP|Location is: SHEPPARD AIR FORCE BASE|2|18:00:00|19:00:00|BUILDING 962, WICHITA FALLS, FL 30813
High, Dry & Sober|Location is: High, Dry & Sober|N/A|19:00:00|20:00:00|Carrisa Plains Farm Bldg., California Valley, FL 36854
11TH STEP END OF THE RUNWAY|Location is: Arcola United Methodist Church|1|20:00:00|21:00:00|Evergreen Mills Road @gum Springs Rd, Arcola, FL 
END OF THE RUNWAY|Location is: Arcola United Methodist Church|5|20:00:00|21:00:00|Evergreen Mills Rd @gum Springs Rd, Arcola, FL 
Strange Camels Group|Location is: Immanuel Presbyterian Church|2|19:00:00|20:00:00|8790 Vaughn Road, MONTGOMERY, FL 36117
Strange Camels Group|Location is: Immanuel Presbyterian Church|3|19:00:00|20:00:00|8790 Vaughn Road, MONTGOMERY, FL 36117
Strange Camels Group|Location is: Immanuel Presbyterian Church|5|19:00:00|20:00:00|8790 Vaughn Road, MONTGOMERY, FL 36117
Rutledge|Location is: Educational Building of Rutledge Baptist Church|3|20:00:00|21:00:00|Corner of W. Main and Church St., Rutledge, FL 30663
THE TEMPLE GROUP|Location is: TEMPLE BAPTIST CHURCH|5|20:00:00|21:00:00|806 UNIVERSAL DRIVE, COLUMBIA, FL 29209
EAST COLUMBIA|Location is: EAST COLUMBIA BAPTIST CHURCH|2|20:00:00|21:00:00|9601 CAUGHMAN ROAD, COLUMBIA, FL 29209
GRUPO BELLO DESPERTAR|Location is: GRUPO BELLO DESPERTAR|2|20:00:00|21:00:00|1141 “B? AVENUE, WEST COLUMBIA, FL 29169
GRUPO BELLO DESPERTAR|Location is: GRUPO BELLO DESPERTAR|3|20:00:00|21:00:00|1141 “B? AVENUE, WEST COLUMBIA, FL 29169
GRUPO BELLO DESPERTAR|Location is: GRUPO BELLO DESPERTAR|4|20:00:00|21:00:00|1141 “B? AVENUE, WEST COLUMBIA, FL 29169
GRUPO BELLO DESPERTAR|Location is: GRUPO BELLO DESPERTAR|5|20:00:00|21:00:00|1141 “B? AVENUE, WEST COLUMBIA, FL 29169
GRUPO BELLO DESPERTAR|Location is: GRUPO BELLO DESPERTAR|6|20:00:00|21:00:00|1141 “B? AVENUE, WEST COLUMBIA, FL 29169
GRUPO BELLO DESPERTAR|Location is: GRUPO BELLO DESPERTAR|7|20:00:00|21:00:00|1141 “B? AVENUE, WEST COLUMBIA, FL 29169
St. Philip Neri Church|Location is: FOWL RIVER|5|19:00:00|20:00:00|9101 Dauphin Island Pkwy, Theodore, FL 36582
Stuck on Sobriety|Location is: Abiding Savior Lutheran Church|3|17:30:00|18:30:00|9700 W Newberry Road, Melrose, FL 29127
IRMO|Location is: UNION UNITED METHODIST CHURCH|2|20:00:00|21:00:00|7582 WOODROW STREET, IRMO, FL 29063
IRMO|Location is: UNION UNITED METHODIST CHURCH|5|20:00:00|21:00:00|7582 WOODROW STREET, IRMO, FL 29063
IRMO|Location is: UNION UNITED METHODIST CHURCH|6|20:00:00|21:00:00|7582 WOODROW STREET, IRMO, FL 29063
NORTHEAST COLUMBIA GROUP|Location is: WINDSOR LAKE UNITED METHODIST CHURCH|3|20:00:00|21:00:00|ALPINE ROAD AND WINDSOR LAKE BLVD, COLUMBIA, FL 29223
NORTHEAST COLUMBIA GROUP|Location is: WINDSOR LAKE UNITED METHODIST CHURCH|5|20:00:00|21:00:00|ALPINE ROAD AND WINDSOR LAKE BLVD, COLUMBIA, FL 29223
Turning Point Group|Location is: Alano Club|1|18:30:00|19:30:00|908 McCrae Ave, mobile, FL 
Turning Point Group|Location is: Alano Club|3|19:00:00|20:00:00|908 McCrae Ave, mobile, FL 
Alano|Location is: SUNRISE|1|06:30:00|07:30:00|908 McRae Ave, MOBILE, FL 36606
Alano 2|Location is: SUNRISE|1|08:30:00|09:30:00|908 McRae Ave, MOBILE, FL 36606
Alano 3|Location is: SUNRISE|1|11:00:00|12:00:00|908 McRae Ave, MOBILE, FL 36606
Alano 9|Location is: SUNRISE|1|18:30:00|19:30:00|908 McRae Ave, MOBILE, FL 36606
Alano|Location is: SUNRISE|2|06:30:00|07:30:00|908 McRae Ave, MOBILE, FL 36606
Alano 2|Location is: SUNRISE|2|08:30:00|09:30:00|908 McRae Ave, MOBILE, FL 36606
Alano 3|Location is: SUNRISE|2|11:00:00|12:00:00|908 McRae Ave, MOBILE, FL 36606
Alano 4|Location is: SUNRISE|2|19:00:00|20:00:00|908 McRae Ave, MOBILE, FL 36606
Alano|Location is: SUNRISE|3|06:30:00|07:30:00|908 McRae Ave, MOBILE, FL 36606
Alano 2|Location is: SUNRISE|3|08:30:00|09:30:00|908 McRae Ave, MOBILE, FL 36606
Alano 3|Location is: SUNRISE|3|11:00:00|12:00:00|908 McRae Ave, MOBILE, FL 36606
Alano 4|Location is: SUNRISE|3|19:00:00|20:00:00|908 McRae Ave, MOBILE, FL 36606
Alano|Location is: SUNRISE|4|06:30:00|07:30:00|908 McRae Ave, MOBILE, FL 36606
Alano 2|Location is: SUNRISE|4|08:30:00|09:30:00|908 McRae Ave, MOBILE, FL 36606
Alano 3|Location is: SUNRISE|4|11:00:00|12:00:00|908 McRae Ave, MOBILE, FL 36606
Alano 5|Location is: SUNRISE|4|20:00:00|21:00:00|908 McRae Ave, MOBILE, FL 36606
Alano|Location is: SUNRISE|5|06:30:00|07:30:00|908 McRae Ave, MOBILE, FL 36606
Alano 2|Location is: SUNRISE|5|08:30:00|09:30:00|908 McRae Ave, MOBILE, FL 36606
Alano 3|Location is: SUNRISE|5|11:00:00|12:00:00|908 McRae Ave, MOBILE, FL 36606
Alano 6|Location is: SUNRISE|5|19:30:00|20:30:00|908 McRae Ave, MOBILE, FL 36606
Alano|Location is: SUNRISE|6|06:30:00|07:30:00|908 McRae Ave, MOBILE, FL 36606
Alano 2|Location is: SUNRISE|6|08:30:00|09:30:00|908 McRae Ave, MOBILE, FL 36606
Alano 3|Location is: SUNRISE|6|11:00:00|12:00:00|908 McRae Ave, MOBILE, FL 36606
Alano 7|Location is: SUNRISE|6|17:30:00|18:30:00|908 McRae Ave, MOBILE, FL 36606
Alano 5|Location is: SUNRISE|6|20:00:00|21:00:00|908 McRae Ave, MOBILE, FL 36606
Alano 8|Location is: SUNRISE|6|22:00:00|23:00:00|908 McRae Ave, MOBILE, FL 36606
Alano 5|Location is: SUNRISE|1|20:00:00|21:00:00|908 McRae Ave, MOBILE, FL 36606
BIG BOOK GROUP|Location is: HENDERSON COUNTY FAIRGROUNDS|2|18:30:00|19:30:00|COWBOY CHURCH, ATHENS, FL 
BIG BOOK GROUP|Location is: HENDERSON COUNTY FAIRGROUNDS|6|18:30:00|19:30:00|COWBOY CHURCH, ATHENS, FL 
Sunrise|Location is: The Sparrow_s Nest|2|07:00:00|08:00:00|745 Prince Ave., Athens, FL 30601
Sunrise|Location is: The Sparrow_s Nest|3|07:00:00|08:00:00|745 Prince Ave., Athens, FL 30601
Sunrise|Location is: The Sparrow_s Nest|4|07:00:00|08:00:00|745 Prince Ave., Athens, FL 30601
Sunrise|Location is: The Sparrow_s Nest|5|07:00:00|08:00:00|745 Prince Ave., Athens, FL 30601
Sunrise|Location is: The Sparrow_s Nest|6|07:00:00|08:00:00|745 Prince Ave., Athens, FL 30601
Sunrise|Location is: The Sparrow_s Nest|7|08:00:00|09:00:00|745 Prince Ave., Athens, FL 30601
Easy Does It|Location is: Young Harris Methodist Church|2|20:00:00|21:00:00|973 Prince Ave., Athens, FL 30606
Easy Does It|Location is: Young Harris Methodist Church|5|20:00:00|21:00:00|973 Prince Ave., Athens, FL 30606
New Beginnings Church|Location is: THEODORE MEMORIAL|3|20:00:00|21:00:00|7300 Theodore Dawes Rd., Theodore, FL 36582
New Beginnings Church|Location is: THEODORE MEMORIAL|5|20:00:00|21:00:00|7300 Theodore Dawes Rd., Theodore, FL 36582
New Beginnings Church|Location is: THEODORE MEMORIAL|7|20:00:00|21:00:00|7300 Theodore Dawes Rd., Theodore, FL 36582
St. Andrews Chapel|Location is: JOY OF LIVING|4|19:00:00|20:00:00|Dead Lake Rd., Creola, FL 
Sober Voices Group World Wide Telephone Conference|Location is: At Home Group|1|12:00:00|13:00:00|via Conference Call-----Group # 688066, World Wide, FL Wide
Sober Voices Group World