Burlington|Location is: 1st Christian Curch of Christ|3|14:00:00|15:00:00|415 S Church St., Burlington, VA 27217|38.898244|-77.12673899999999
Burlington|Location is: 1st Christian Curch of Christ|1|14:00:00|15:00:00|415 S Church St., Burlington, VA 27217|38.898244|-77.12673899999999
The Hospital Meeting|Location is: Mariners Hospital|1|09:30:00|10:30:00|MM 91.5,  , VA 27025|38.7096503|-77.79355379999998
Tar Heel|Location is: BINCKLEY BAPTIST CHURCH|4|14:00:00|15:00:00|1712 WILLOW DR, CHAPEL HILL, VA 27514|38.07176010000001|-78.46822859999997
Tar Heel|Location is: BINCKLEY BAPTIST CHURCH|7|14:00:00|15:00:00|1712 WILLOW DR, CHAPEL HILL, VA 27514|38.07176010000001|-78.46822859999997
Young & Restless|Location is: Chapel of the Cross Church|5|20:00:00|21:00:00|304 E. Franklin St, chapel hill, VA 27514|38.0705269|-78.4716937
LIFE OF NEW BEGINNINGS|Location is: Camel 24 Fellowship|1|07:30:00|08:30:00|4015 Spring Forest Road, RALEIGH, VA 27616|37.2408983|-79.979423
CAME TO BELIEVE MEETING|Location is: Camel 24 Fellowship|1|09:00:00|10:00:00|4015 Spring Forest Road, RALEIGH, VA 27616|37.2408983|-79.979423
SPIRITUAL MEETING|Location is: Camel 24 Fellowship|1|11:00:00|12:00:00|4015 Spring Forest Road, RALEIGH, VA 27616|37.2408983|-79.979423
WEEKENDER_S MEETING|Location is: Camel 24 Fellowship|1|17:00:00|18:00:00|4015 Spring Forest Road, RALEIGH, VA 27616|37.2408983|-79.979423
RISE AND SHINE MEETING|Location is: Camel 24 Fellowship|2|08:30:00|09:30:00|4015 Spring Forest Road, RALEIGH, VA 27616|37.2408983|-79.979423
FIRST THINGS FIRST MEETING|Location is: Camel 24 Fellowship|2|12:00:00|13:00:00|4015 Spring Forest Road, RALEIGH, VA 27616|37.2408983|-79.979423
HAPPY HOUR MEETING|Location is: Camel 24 Fellowship|2|17:30:00|18:30:00|4015 Spring Forest Road, RALEIGH, VA 27616|37.2408983|-79.979423
FIRST THINGS FIRST MEETING|Location is: Camel 24 Fellowship|3|12:00:00|13:00:00|4015 Spring Forest Road, RALEIGH, VA 27616|37.2408983|-79.979423
HAPPY HOUR MEETING|Location is: Camel 24 Fellowship|3|17:30:00|18:30:00|4015 Spring Forest Road, RALEIGH, VA 27616|37.2408983|-79.979423
RISE AND SHINE MEETING|Location is: Camel 24 Fellowship|4|08:30:00|09:30:00|4015 Spring Forest Road, RALEIGH, VA 27616|37.2408983|-79.979423
FIRST THINGS FIRST MEETING|Location is: Camel 24 Fellowship|4|12:00:00|13:00:00|4015 Spring Forest Road, RALEIGH, VA 27616|37.2408983|-79.979423
HAPPY HOUR MEETING|Location is: Camel 24 Fellowship|4|17:30:00|18:30:00|4015 Spring Forest Road, RALEIGH, VA 27616|37.2408983|-79.979423
MEN_S MEETING|Location is: Camel 24 Fellowship|4|19:00:00|20:00:00|4015 Spring Forest Road, RALEIGH, VA 27616|37.2408983|-79.979423
FIRST THINGS FIRST MEETING|Location is: Camel 24 Fellowship|5|12:00:00|13:00:00|4015 Spring Forest Road, RALEIGH, VA 27616|37.2408983|-79.979423
HAPPY HOUR MEETING|Location is: Camel 24 Fellowship|5|17:30:00|18:30:00|4015 Spring Forest Road, RALEIGH, VA 27616|37.2408983|-79.979423
TGIF MEETING|Location is: Camel 24 Fellowship|6|11:00:00|12:00:00|4015 Spring Forest Road, RALEIGH, VA 27616|37.2408983|-79.979423
HAPPY HOUR MEETING|Location is: Camel 24 Fellowship|6|17:30:00|18:30:00|4015 Spring Forest Road, RALEIGH, VA 27616|37.2408983|-79.979423
KEEP IT SIMPLE MEETING|Location is: Camel 24 Fellowship|7|08:00:00|09:00:00|4015 Spring Forest Road, RALEIGH, VA 27616|37.2408983|-79.979423
VALLEY GROUP|Location is: St. Giles Presbyterian Church|1|20:00:00|21:00:00|5101 Oak Park Rd., RALEIGH, VA 27612|37.2625169|-79.96553389999997
VALLEY GROUP|Location is: St. Giles Presbyterian Church|4|20:00:00|21:00:00|5101 Oak Park Rd., RALEIGH, VA 27612|37.2625169|-79.96553389999997
PROGRESS NOT PERFECTION GROUP|Location is: Our Lady of Lourdes Church|4|20:00:00|21:00:00|2718 Overbrook Dr., RALEIGH, VA 27608|37.24759239999999|-80.00689310000001
CRABTREE DISCUSSION GROUP|Location is: Highland United Methodist Church|3|20:00:00|21:00:00|1901 Ridge Road, RALEIGH, VA 27607|37.2700035|-80.00879530000003
NON-SMOKING GROUP|Location is: St. Michael_s Episcopal Church|4|20:00:00|21:00:00|1520 Canterbury Rd., RALEIGH, VA 27608|37.2592212|-79.9689687
FAIRVIEW ROAD GROUP|Location is: Hayes Barton Methodist Church|2|20:00:00|21:00:00|2209 Fairview Road, RALEIGH, VA 27608|37.28816|-80.00178900000003
FAIRVIEW ROAD GROUP|Location is: Hayes Barton Methodist Church|5|20:00:00|21:00:00|2209 Fairview Rd., RALEIGH, VA 27608|37.28816|-80.00178900000003
COLLEGE HILL|Location is: METHODIST CHURCH|4|12:10:00|13:10:00|509 S TATE STREET, GREENSBORO, VA 27412|36.8309729|-75.98021779999999
NORTH EAST ST. GROUP|Location is: Emmaus House|4|20:00:00|21:00:00|10 N. East Street, RALEIGH, VA 27601|37.02662189999999|-76.46086309999998
CARY TWELVE STEP GROUP|Location is: Saint Paul_s Episcopal Church|2|20:00:00|21:00:00|221 Union St., CARY, VA 27511|37.5325956|-77.42929579999998
CARY TWELVE STEP GROUP|Location is: St. Paul_s Episcopal Church|7|20:00:00|21:00:00|112 Union Street, CARY, VA 27519|37.5325956|-77.42929579999998
NO RESERVATIONS GROUP|Location is: Pleasant Grove Church|3|18:45:00|19:45:00|1528 Davis Dr., CARY, VA 27523|37.4636449|-77.44274870000004
EXPERIENCE STRENGTH AND HOPE GROUP|Location is: Panther Brach Community Center|1|19:00:00|20:00:00|10900 Ten Ten Rd., GARNER, VA 27529|38.317713|-77.41877599999998
D.C. BEGINNERS|Location is: Ch. Of The Pilgrims|5|19:00:00|20:00:00|2201 P St. At, Northwest, VA 20037|37.468068|-77.66143199999999
NRL GROUP|Location is: Naval Research Lab|1|10:00:00|11:00:00|5813 Bayside Rd., Chesapeake Beach, VA 20732|36.893113|-76.17287899999997
LAUREL ALL AGES|Location is: Laurel Presbyterian Church|2|20:30:00|21:30:00|7610 Sandy Spring Road, Laurel, VA 20707|37.6335993|-77.55826680000001
LAUREL ALL AGES|Location is: Laurel Presby Church|2|20:30:00|21:30:00|7610 Sandy Spring Rd., Laurel, VA 20707|37.6335993|-77.55826680000001
CROSSROADS OF RECOVERY|Location is: Cross Roads|1|00:00:00|01:00:00|102 Washington Boulevard, Laurel, VA 20707|36.6349771|-81.78882169999997
CROSSROADS OF RECOVERY 7|Location is: Cross Roads|1|19:00:00|20:00:00|102 Washington Boulevard, Laurel, VA 20707|36.6349771|-81.78882169999997
CROSSROADS OF RECOVERY 5|Location is: Cross Roads|1|20:30:00|21:30:00|102 Washington Boulevard, Laurel, VA 20707|36.6349771|-81.78882169999997
CROSSROADS OF RECOVERY 2|Location is: Cross Roads|2|08:00:00|09:00:00|102 Washington Boulevard, Laurel, VA 20707|36.6349771|-81.78882169999997
CROSSROADS OF RECOVERY|Location is: Cross Roads|2|00:00:00|01:00:00|102 Washington Boulevard, Laurel, VA 20707|36.6349771|-81.78882169999997
CROSSROADS OF RECOVERY 3|Location is: Cross Roads|2|17:00:00|18:00:00|102 Washington Boulevard, Laurel, VA 20707|36.6349771|-81.78882169999997
CROSSROADS OF RECOVERY 4|Location is: Cross Roads|2|18:30:00|19:30:00|102 Washington Boulevard, Laurel, VA 20707|36.6349771|-81.78882169999997
CROSSROADS OF RECOVERY 5|Location is: Cross Roads|2|20:30:00|21:30:00|102 Washington Boulevard, Laurel, VA 20707|36.6349771|-81.78882169999997
CROSSROADS OF RECOVERY 2|Location is: Cross Roads|3|08:00:00|09:00:00|102 Washington Boulevard, Laurel, VA 20707|36.6349771|-81.78882169999997
CROSSROADS OF RECOVERY|Location is: Cross Roads|3|00:00:00|01:00:00|102 Washington Boulevard, Laurel, VA 20707|36.6349771|-81.78882169999997
CROSSROADS OF RECOVERY 3|Location is: Cross Roads|3|17:00:00|18:00:00|102 Washington Boulevard, Laurel, VA 20707|36.6349771|-81.78882169999997
CROSSROADS OF RECOVERY 4|Location is: Cross Roads|3|18:30:00|19:30:00|102 Washington Boulevard, Laurel, VA 20707|36.6349771|-81.78882169999997
CROSSROADS OF RECOVERY 5|Location is: Cross Roads|3|20:30:00|21:30:00|102 Washington Boulevard, Laurel, VA 20707|36.6349771|-81.78882169999997
CROSSROADS OF RECOVERY|Location is: Cross Roads|4|00:00:00|01:00:00|102 Washington Boulevard, Laurel, VA 20707|36.6349771|-81.78882169999997
CROSSROADS OF RECOVERY 3|Location is: Cross Roads|4|17:00:00|18:00:00|102 Washington Boulevard, Laurel, VA 20707|36.6349771|-81.78882169999997
CROSSROADS OF RECOVERY 4|Location is: Cross Roads|4|18:30:00|19:30:00|102 Washington Boulevard, Laurel, VA 20707|36.6349771|-81.78882169999997
CROSSROADS OF RECOVERY 5|Location is: Cross Roads|4|20:30:00|21:30:00|102 Washington Boulevard, Laurel, VA 20707|36.6349771|-81.78882169999997
CROSSROADS OF RECOVERY 2|Location is: Cross Roads|5|08:00:00|09:00:00|102 Washington Boulevard, Laurel, VA 20707|36.6349771|-81.78882169999997
CROSSROADS OF RECOVERY|Location is: Cross Roads|5|00:00:00|01:00:00|102 Washington Boulevard, Laurel, VA 20707|36.6349771|-81.78882169999997
CROSSROADS OF RECOVERY 3|Location is: Cross Roads|5|17:00:00|18:00:00|102 Washington Boulevard, Laurel, VA 20707|36.6349771|-81.78882169999997
CROSSROADS OF RECOVERY 4|Location is: Cross Roads|5|18:30:00|19:30:00|102 Washington Boulevard, Laurel, VA 20707|36.6349771|-81.78882169999997
CROSSROADS OF RECOVERY 5|Location is: Cross Roads|5|20:30:00|21:30:00|102 Washington Boulevard, Laurel, VA 20707|36.6349771|-81.78882169999997
CROSSROADS OF RECOVERY|Location is: Cross Roads|6|00:00:00|01:00:00|102 Washington Boulevard, Laurel, VA 20707|36.6349771|-81.78882169999997
CROSSROADS OF RECOVERY 3|Location is: Cross Roads|6|17:00:00|18:00:00|102 Washington Boulevard, Laurel, VA 20707|36.6349771|-81.78882169999997
CROSSROADS OF RECOVERY 4|Location is: Cross Roads|6|18:30:00|19:30:00|102 Washington Boulevard, Laurel, VA 20707|36.6349771|-81.78882169999997
CROSSROADS OF RECOVERY 5|Location is: Cross Roads|6|20:30:00|21:30:00|102 Washington Boulevard, Laurel, VA 20707|36.6349771|-81.78882169999997
CROSSROADS OF RECOVERY 6|Location is: Cross Roads|7|10:00:00|11:00:00|102 Washington Boulevard, Laurel, VA 20707|36.6349771|-81.78882169999997
CROSSROADS OF RECOVERY|Location is: Cross Roads|7|00:00:00|01:00:00|102 Washington Boulevard, Laurel, VA 20707|36.6349771|-81.78882169999997
CROSSROADS OF RECOVERY 3|Location is: Cross Roads|7|17:00:00|18:00:00|102 Washington Boulevard, Laurel, VA 20707|36.6349771|-81.78882169999997
CROSSROADS OF RECOVERY 5|Location is: Cross Roads|7|20:30:00|21:30:00|102 Washington Boulevard, Laurel, VA 20707|36.6349771|-81.78882169999997
CROSSROADS OF RECOVERY|Location is: CROSSROADS OF RECOVERY|1|00:00:00|01:00:00|102 Washington Blvd., Laurel, VA 20707|36.6349771|-81.78882169999997
CROSSROADS OF RECOVERY 7|Location is: CROSSROADS OF RECOVERY|1|14:00:00|15:00:00|102 Washington Blvd., Laurel, VA 20707|36.6349771|-81.78882169999997
CROSSROADS OF RECOVERY|Location is: CROSSROADS OF RECOVERY|2|00:00:00|01:00:00|102 Washington Blvd., Laurel, VA 20707|36.6349771|-81.78882169999997
CROSSROADS OF RECOVERY 2|Location is: CROSSROADS OF RECOVERY|2|17:00:00|18:00:00|102 Washington Blvd., Laurel, VA 20707|36.6349771|-81.78882169999997
CROSSROADS OF RECOVERY 5|Location is: CROSSROADS OF RECOVERY|3|08:00:00|09:00:00|102 Washington Blvd., Laurel, VA 20707|36.6349771|-81.78882169999997
CROSSROADS OF RECOVERY|Location is: CROSSROADS OF RECOVERY|3|00:00:00|01:00:00|102 Washington Blvd., Laurel, VA 20707|36.6349771|-81.78882169999997
CROSSROADS OF RECOVERY 2|Location is: CROSSROADS OF RECOVERY|3|17:00:00|18:00:00|102 Washington Blvd., Laurel, VA 20707|36.6349771|-81.78882169999997
CROSSROADS OF RECOVERY 5|Location is: CROSSROADS OF RECOVERY|4|08:00:00|09:00:00|102 Washington Blvd., Laurel, VA 20707|36.6349771|-81.78882169999997
CROSSROADS OF RECOVERY|Location is: CROSSROADS OF RECOVERY|4|00:00:00|01:00:00|102 Washington Blvd., Laurel, VA 20707|36.6349771|-81.78882169999997
CROSSROADS OF RECOVERY 2|Location is: CROSSROADS OF RECOVERY|4|17:00:00|18:00:00|102 Washington Blvd., Laurel, VA 20707|36.6349771|-81.78882169999997
CROSSROADS OF RECOVERY 5|Location is: CROSSROADS OF RECOVERY|5|08:00:00|09:00:00|102 Washington Blvd., Laurel, VA 20707|36.6349771|-81.78882169999997
CROSSROADS OF RECOVERY|Location is: CROSSROADS OF RECOVERY|5|00:00:00|01:00:00|102 Washington Blvd., Laurel, VA 20707|36.6349771|-81.78882169999997
CROSSROADS OF RECOVERY 2|Location is: CROSSROADS OF RECOVERY|5|17:00:00|18:00:00|102 Washington Blvd., Laurel, VA 20707|36.6349771|-81.78882169999997
CROSSROADS OF RECOVERY|Location is: CROSSROADS OF RECOVERY|6|00:00:00|01:00:00|102 Washington Blvd., Laurel, VA 20707|36.6349771|-81.78882169999997
CROSSROADS OF RECOVERY 2|Location is: CROSSROADS OF RECOVERY|6|17:00:00|18:00:00|102 Washington Blvd., Laurel, VA 20707|36.6349771|-81.78882169999997
CROSSROADS OF RECOVERY 6|Location is: CROSSROADS OF RECOVERY|7|10:00:00|11:00:00|102 Washington Blvd., Laurel, VA 20707|36.6349771|-81.78882169999997
CROSSROADS OF RECOVERY|Location is: CROSSROADS OF RECOVERY|7|00:00:00|01:00:00|102 Washington Blvd., Laurel, VA 20707|36.6349771|-81.78882169999997
CROSSROADS OF RECOVERY 2|Location is: CROSSROADS OF RECOVERY|7|17:00:00|18:00:00|102 Washington Blvd., Laurel, VA 20707|36.6349771|-81.78882169999997
CROSSROADS OF RECOVERY 8|Location is: CROSSROADS OF RECOVERY|1|19:00:00|20:00:00|102 Washington Blvd., Laurel, VA 20707|36.6349771|-81.78882169999997
CROSSROADS OF RECOVERY 4|Location is: CROSSROADS OF RECOVERY|1|20:30:00|21:30:00|102 Washington Blvd., Laurel, VA 20707|36.6349771|-81.78882169999997
CROSSROADS OF RECOVERY 3|Location is: CROSSROADS OF RECOVERY|2|18:30:00|19:30:00|102 Washington Blvd., Laurel, VA 20707|36.6349771|-81.78882169999997
CROSSROADS OF RECOVERY 4|Location is: CROSSROADS OF RECOVERY|2|20:30:00|21:30:00|102 Washington Blvd., Laurel, VA 20707|36.6349771|-81.78882169999997
CROSSROADS OF RECOVERY 3|Location is: CROSSROADS OF RECOVERY|4|18:30:00|19:30:00|102 Washington Blvd., Laurel, VA 20707|36.6349771|-81.78882169999997
CROSSROADS OF RECOVERY 4|Location is: CROSSROADS OF RECOVERY|4|20:30:00|21:30:00|102 Washington Blvd., Laurel, VA 20707|36.6349771|-81.78882169999997
CROSSROADS OF RECOVERY 3|Location is: CROSSROADS OF RECOVERY|5|18:30:00|19:30:00|102 Washington Blvd., Laurel, VA 20707|36.6349771|-81.78882169999997
CROSSROADS OF RECOVERY 4|Location is: CROSSROADS OF RECOVERY|5|20:30:00|21:30:00|102 Washington Blvd., Laurel, VA 20707|36.6349771|-81.78882169999997
CROSSROADS OF RECOVERY 3|Location is: CROSSROADS OF RECOVERY|6|18:30:00|19:30:00|102 Washington Blvd., Laurel, VA 20707|36.6349771|-81.78882169999997
CROSSROADS OF RECOVERY 4|Location is: CROSSROADS OF RECOVERY|6|20:30:00|21:30:00|102 Washington Blvd., Laurel, VA 20707|36.6349771|-81.78882169999997
CROSSROADS OF RECOVERY 4|Location is: CROSSROADS OF RECOVERY|7|20:30:00|21:30:00|102 Washington Blvd., Laurel, VA 20707|36.6349771|-81.78882169999997
LAUREL RECOVERY 7|Location is: LAUREL RECOVERY|1|09:00:00|10:00:00|368 Main Street, Laurel, VA 20707|36.758122|-80.7336282
LAUREL RECOVERY 8|Location is: LAUREL RECOVERY|1|11:00:00|12:00:00|368 Main Street, Laurel, VA 20707|36.758122|-80.7336282
LAUREL RECOVERY 9|Location is: LAUREL RECOVERY|1|16:00:00|17:00:00|368 Main Street, Laurel, VA 20707|36.758122|-80.7336282
LAUREL RECOVERY 3|Location is: LAUREL RECOVERY|1|17:30:00|18:30:00|368 Main Street, Laurel, VA 20707|36.758122|-80.7336282
LAUREL RECOVERY 2|Location is: LAUREL RECOVERY|2|08:00:00|09:00:00|368 Main Street, Laurel, VA 20707|36.758122|-80.7336282
LAUREL RECOVERY|Location is: LAUREL RECOVERY|2|00:00:00|01:00:00|368 Main Street, Laurel, VA 20707|36.758122|-80.7336282
LAUREL RECOVERY 3|Location is: LAUREL RECOVERY|2|17:30:00|18:30:00|368 Main Street, Laurel, VA 20707|36.758122|-80.7336282
LAUREL RECOVERY 3|Location is: LAUREL RECOVERY|3|17:30:00|18:30:00|368 Main Street, Laurel, VA 20707|36.758122|-80.7336282
LAUREL RECOVERY 4|Location is: LAUREL RECOVERY|3|20:00:00|21:00:00|368 Main Street, Laurel, VA 20707|36.758122|-80.7336282
LAUREL RECOVERY 5|Location is: LAUREL RECOVERY|3|20:30:00|21:30:00|368 Main Street, Laurel, VA 20707|36.758122|-80.7336282
LAUREL RECOVERY 2|Location is: LAUREL RECOVERY|4|08:00:00|09:00:00|368 Main Street, Laurel, VA 20707|36.758122|-80.7336282
LAUREL RECOVERY|Location is: LAUREL RECOVERY|4|00:00:00|01:00:00|368 Main Street, Laurel, VA 20707|36.758122|-80.7336282
LAUREL RECOVERY 3|Location is: LAUREL RECOVERY|4|17:30:00|18:30:00|368 Main Street, Laurel, VA 20707|36.758122|-80.7336282
LAUREL RECOVERY 4|Location is: LAUREL RECOVERY|4|20:00:00|21:00:00|368 Main Street, Laurel, VA 20707|36.758122|-80.7336282
LAUREL RECOVERY 3|Location is: LAUREL RECOVERY|5|17:30:00|18:30:00|368 Main Street, Laurel, VA 20707|36.758122|-80.7336282
LAUREL RECOVERY 5|Location is: LAUREL RECOVERY|5|20:30:00|21:30:00|368 Main Street, Laurel, VA 20707|36.758122|-80.7336282
LAUREL RECOVERY 2|Location is: LAUREL RECOVERY|6|08:00:00|09:00:00|368 Main Street, Laurel, VA 20707|36.758122|-80.7336282
LAUREL RECOVERY|Location is: LAUREL RECOVERY|6|00:00:00|01:00:00|368 Main Street, Laurel, VA 20707|36.758122|-80.7336282
LAUREL RECOVERY 3|Location is: LAUREL RECOVERY|6|17:30:00|18:30:00|368 Main Street, Laurel, VA 20707|36.758122|-80.7336282
LAUREL RECOVERY 4|Location is: LAUREL RECOVERY|6|20:00:00|21:00:00|368 Main Street, Laurel, VA 20707|36.758122|-80.7336282
LAUREL RECOVERY 6|Location is: LAUREL RECOVERY|6|12:00:00|13:00:00|368 Main Street, Laurel, VA 20707|36.758122|-80.7336282
LAUREL RECOVERY|Location is: LAUREL RECOVERY|7|00:00:00|01:00:00|368 Main Street, Laurel, VA 20707|36.758122|-80.7336282
LAUREL RECOVERY 3|Location is: LAUREL RECOVERY|7|17:30:00|18:30:00|368 Main Street, Laurel, VA 20707|36.758122|-80.7336282
LAUREL RECOVERY 5|Location is: LAUREL RECOVERY|7|20:30:00|21:30:00|368 Main Street, Laurel, VA 20707|36.758122|-80.7336282
LAUREL RECOVERY 6|Location is: LAUREL RECOVERY|7|12:00:00|13:00:00|368 Main Street, Laurel, VA 20707|36.758122|-80.7336282
LAUREL RECOVERY 7|Location is: LAUREL RECOVERY|1|09:00:00|10:00:00|368 Main St., Laurel, VA 20707|36.758122|-80.7336282
LAUREL RECOVERY 8|Location is: LAUREL RECOVERY|1|11:00:00|12:00:00|368 Main St., Laurel, VA 20707|36.758122|-80.7336282
LAUREL RECOVERY 9|Location is: LAUREL RECOVERY|1|16:00:00|17:00:00|368 Main St., Laurel, VA 20707|36.758122|-80.7336282
LAUREL RECOVERY 3|Location is: LAUREL RECOVERY|1|17:30:00|18:30:00|368 Main St., Laurel, VA 20707|36.758122|-80.7336282
LAUREL RECOVERY 2|Location is: LAUREL RECOVERY|2|08:00:00|09:00:00|368 Main St., Laurel, VA 20707|36.758122|-80.7336282
LAUREL RECOVERY|Location is: LAUREL RECOVERY|2|00:00:00|01:00:00|368 Main St., Laurel, VA 20707|36.758122|-80.7336282
LAUREL RECOVERY 3|Location is: LAUREL RECOVERY|2|17:30:00|18:30:00|368 Main St., Laurel, VA 20707|36.758122|-80.7336282
LAUREL RECOVERY 3|Location is: LAUREL RECOVERY|3|17:30:00|18:30:00|368 Main St., Laurel, VA 20707|36.758122|-80.7336282
LAUREL RECOVERY|Location is: LAUREL RECOVERY|4|00:00:00|01:00:00|368 Main St., Laurel, VA 20707|36.758122|-80.7336282
LAUREL RECOVERY 3|Location is: LAUREL RECOVERY|4|17:30:00|18:30:00|368 Main St., Laurel, VA 20707|36.758122|-80.7336282
LAUREL RECOVERY 3|Location is: LAUREL RECOVERY|5|17:30:00|18:30:00|368 Main St., Laurel, VA 20707|36.758122|-80.7336282
LAUREL RECOVERY 2|Location is: LAUREL RECOVERY|6|08:00:00|09:00:00|368 Main St., Laurel, VA 20707|36.758122|-80.7336282
LAUREL RECOVERY|Location is: LAUREL RECOVERY|6|00:00:00|01:00:00|368 Main St., Laurel, VA 20707|36.758122|-80.7336282
LAUREL RECOVERY 3|Location is: LAUREL RECOVERY|6|17:30:00|18:30:00|368 Main St., Laurel, VA 20707|36.758122|-80.7336282
LAUREL RECOVERY 4|Location is: LAUREL RECOVERY|3|20:30:00|21:30:00|368 Main St., Laurel, VA 20707|36.758122|-80.7336282
REALITY ALUMNI|Location is: Club|4|20:00:00|21:00:00|368 Main St, Laurel, VA 20707|36.758122|-80.7336282
LAUREL RECOVERY 5|Location is: LAUREL RECOVERY|6|12:00:00|13:00:00|368 Main St., Laurel, VA 20707|36.758122|-80.7336282
LAUREL RECOVERY 6|Location is: LAUREL RECOVERY|6|20:00:00|21:00:00|368 Main St., Laurel, VA 20707|36.758122|-80.7336282
LAUREL RECOVERY 4|Location is: LAUREL RECOVERY|7|20:30:00|21:30:00|368 Main St., Laurel, VA 20707|36.758122|-80.7336282
Reality Group|Location is: LAUREL RECOVERY|4|20:00:00|21:00:00|368 Main Street, Laurel, VA 20707|36.758122|-80.7336282
REENCUENTRO|Location is: 10015 Old Columbia Rd.|1|20:30:00|21:30:00|10015 Old Columbia Rd., Columbia, VA 21046|37.7527139|-78.15797620000001
REENCUENTRO|Location is: 10015 Old Columbia Rd.|2|20:30:00|21:30:00|10015 Old Columbia Rd., Columbia, VA 21046|37.7527139|-78.15797620000001
REENCUENTRO|Location is: 10015 Old Columbia Rd|4|20:30:00|21:30:00|10015 Old Columbia Rd, Columbia, VA 21046|37.7527139|-78.15797620000001
REENCUENTRO|Location is: 10015 Old Columbia Rd.|5|20:30:00|21:30:00|10015 Old Columbia Rd., Columbia, VA 21046|37.7527139|-78.15797620000001
REENCUENTRO|Location is: 10015 Old Columbia Rd|6|20:30:00|21:30:00|10015 Old Columbia Rd, Columbia, VA 21046|37.7527139|-78.15797620000001
REENCUENTRO|Location is: 10015 Old Columbia Rd.|7|20:30:00|21:30:00|10015 Old Columbia Rd., Columbia, VA 21046|37.7527139|-78.15797620000001
SPANISH SPEAKING MEETING|Location is: SPANISH SPEAKING MEETING|1|20:00:00|21:00:00|1912 Lincoln Drive, , Maryland  USA, VA 21401|38.268142|-77.20228329999998
SPANISH SPEAKING MEETING|Location is: SPANISH SPEAKING MEETING|2|20:00:00|21:00:00|1912 Lincoln Drive, , Maryland  USA, VA 21401|38.268142|-77.20228329999998
SPANISH SPEAKING MEETING|Location is: SPANISH SPEAKING MEETING|3|20:00:00|21:00:00|1912 Lincoln Drive, , Maryland  USA, VA 21401|38.268142|-77.20228329999998
SPANISH SPEAKING MEETING|Location is: SPANISH SPEAKING MEETING|4|20:00:00|21:00:00|1912 Lincoln Drive, , Maryland  USA, VA 21401|38.268142|-77.20228329999998
SPANISH SPEAKING MEETING|Location is: SPANISH SPEAKING MEETING|5|20:00:00|21:00:00|1912 Lincoln Drive, , Maryland  USA, VA 21401|38.268142|-77.20228329999998
SPANISH SPEAKING MEETING|Location is: SPANISH SPEAKING MEETING|6|20:00:00|21:00:00|1912 Lincoln Drive, , Maryland  USA, VA 21401|38.268142|-77.20228329999998
SPANISH SPEAKING MEETING|Location is: SPANISH SPEAKING MEETING|7|20:00:00|21:00:00|1912 Lincoln Drive, , Maryland  USA, VA 21401|38.268142|-77.20228329999998
CARRABELLE GROUP|Location is: ELDER CARE SERVICES BUILDING|3|19:30:00|20:30:00|302 NW AVE F, CARABELLE, VA 28144|36.7010324|-76.22901230000002
CARRABELLE GROUP|Location is: ELDER CARE SERVICES BUILDING|6|19:30:00|20:30:00|302 NW AVE F, CARABELLE, VA 28144|36.7010324|-76.22901230000002
ASBURY GROUP|Location is: Asbury United Methodist Church|5|19:30:00|20:30:00|87 West Street, Annapolis, VA 21401|36.56658850000001|-76.24704179999998
The Monday Night Group|Location is: Monday Night Group|2|20:30:00|21:30:00|219 Jefferson St., fairmont, VA 26554|38.8716618|-77.2042027
The Monday Night Group|Location is: Monday Night Group|1|20:30:00|21:30:00|219 Jefferson St., fairmont, VA 26554|38.8716618|-77.2042027
CURTIS BAY MONDAY NOON GROUP|Location is: Church on the Rock Community Center|2|00:00:00|01:00:00|900 Church Street, Brooklyn, VA 21225|38.886485|-77.437859
Over the Rainbow|Location is: Essex, MD.|1|01:00:00|02:00:00|6 Taylor Ave., essex, VA 21222|38.0370308|-77.01637169999998
New Hope|Location is: Trinity Reformed United Church|2|01:00:00|02:00:00|38 Church St , concord, VA 28025|37.193922|-78.90901409999998
V.F.W. Hall|Location is: V.F.W. Hall|1|10:30:00|11:30:00|200 West State Street, Delmar, VA 21875|37.1277132|-76.52238779999999
DUCK GROUP|Location is: DUCK FIRE STATION|6|20:00:00|21:00:00|1259 DUCK ROAD, DUCK, VA 27949|36.9654041|-78.53593920000003
STEPPING THRU DC|Location is: STEPPING THRU DC|2|00:00:00|01:00:00|117 D St., Northwest, VA 28560|36.8231454|-76.2794806
STEPPING THRU DC|Location is: STEPPING THRU DC|3|00:00:00|01:00:00|117 D St., Northwest, VA 28560|36.8231454|-76.2794806
STEPPING THRU DC|Location is: STEPPING THRU DC|4|00:00:00|01:00:00|117 D St., Northwest, VA 28560|36.8231454|-76.2794806
STEPPING THRU DC|Location is: STEPPING THRU DC|5|00:00:00|01:00:00|117 D St., Northwest, VA 28560|36.8231454|-76.2794806
STEPPING THRU DC|Location is: STEPPING THRU DC|6|00:00:00|01:00:00|117 D St., Northwest, VA 28560|36.8231454|-76.2794806
Shipley Street Service Center|Location is: Shipley Street Service Center|4|00:00:00|01:00:00|350 Virginia Ave, Seaford, VA 19973|37.1906481|-76.41567950000001
One Day at a Time|Location is: Boone Methodist Church|2|00:00:00|01:00:00|471 New Market St, Boone, VA 28607|37.0086216|-76.43902550000001
Young at HeartWomens|Location is: Boone Methodist Church|2|19:00:00|20:00:00|471 New Market St, Boone, VA 28607|37.0086216|-76.43902550000001
One Day at a Time|Location is: Boone Methodist Church|3|00:00:00|01:00:00|471 New Market Street, Boone, VA 28607|37.0086216|-76.43902550000001
One Day at a Time|Location is: Boone Methodist Church|4|00:00:00|01:00:00|471 New Market Street, Boone, VA 28607|37.0086216|-76.43902550000001
One Day at a Time|Location is: Boone Methodist Church|5|00:00:00|01:00:00|471 New Market Street, Boone, VA 28607|37.0086216|-76.43902550000001
Boone Group|Location is: Boone Methodist Church|5|19:00:00|20:00:00|471 New Market Street, Boone, VA 28607|37.0086216|-76.43902550000001
One Day at a Time|Location is: Boone Methodist Church|6|00:00:00|01:00:00|471 New Market Street, Boone, VA 28607|37.0086216|-76.43902550000001
Friday Night Meeting|Location is: Boone Methodist Church|6|20:00:00|21:00:00|471 New Market Street, Boone, VA 28607|37.0086216|-76.43902550000001
One Day at a Time|Location is: Boone Methodist Church|7|00:00:00|01:00:00|471 New Market Street, Boone, VA 28607|37.0086216|-76.43902550000001
Sunday Night Group|Location is: Boone Methodist Church|1|20:00:00|21:00:00|471 New Market Street, Boone, VA 28607|37.0086216|-76.43902550000001
FOGGY BOTTOM|Location is: United Meth. Church|5|20:30:00|21:30:00|20th & G Sts., Northwest, VA 28658|39.132551|-77.71362399999998
Candlelite|Location is: Episcopal Church|5|19:00:00|20:00:00|1700 North 3900, Whiterocks, VA 15490|36.9625011|-80.4953921
Whiterocks Group|Location is: Episcopal Church|3|19:00:00|20:00:00|1700 North 3900, Whiterocks, VA 15490|36.9625011|-80.4953921
KEEP IT SIMPLE|Location is: Womens Resource Center|7|10:00:00|11:00:00|125 3rd Street Northeast, hickory, VA 28601|37.6629132|-77.63665100000003
Keep it Simple|Location is: Womens Resource Center|7|10:00:00|11:00:00|125 3rd St. NE, hickory, VA 28601|37.6629132|-77.63665100000003
Keep it Simple|Location is: Womens Resource Center|6|10:00:00|11:00:00|125 3rd St. NE, hickory, VA 28601|37.6629132|-77.63665100000003
Keep it Simple|Location is: Womens Resource Center|5|10:00:00|11:00:00|125 3rd St. NE, hickory, VA 28601|37.6629132|-77.63665100000003
Keep it Simple|Location is: Womens Resource Center|4|10:00:00|11:00:00|125 3rd St. NE, hickory, VA 28601|37.6629132|-77.63665100000003
Keep it Simple|Location is: Womens Resource Center|2|10:00:00|11:00:00|125 3rd St. NE, hickory, VA 28601|37.6629132|-77.63665100000003
Queen City Group|Location is: Providence United Methodist|2|20:00:00|21:00:00|2810 Providence Road, charlotte, VA 28211|38.0813642|-78.4809864
Answers Will Come |Location is: Dilworth Chemical Dependency Center|1|18:00:00|19:00:00|2240 Park Rd., charlotte, VA 28203|37.0824203|-78.7462807
"As Bill Sees It"|Location is: Buchingham Presp Church|5|20:00:00|21:00:00|S Main St, Berlin, VA 21811|36.9044193|-76.89904139999999
Georgetown Presb Church|Location is: Georgetown Presb Church|1|20:00:00|21:00:00|203 N. Bedford St., Georgetown, VA 19947|38.87607819999999|-77.08624199999997
Georgetown Presb. Church|Location is: Georgetown Presb Church|2|00:00:00|01:00:00|203 N. Bedford St., Georgetown, VA 19947|38.87607819999999|-77.08624199999997
Georgetown Presb. Church|Location is: Georgetown Presb Church|3|00:00:00|01:00:00|203 N. Bedford St., Georgetown, VA 19947|38.87607819999999|-77.08624199999997
Georgetown Presb. Church|Location is: Georgetown Presb Church|5|00:00:00|01:00:00|203 N. Bedford St., Georgetown, VA 19947|38.87607819999999|-77.08624199999997
Georgetown Presb. Church|Location is: Georgetown Presb Church|7|00:00:00|01:00:00|203 N. Bedford St., Georgetown, VA 19947|38.87607819999999|-77.08624199999997
Tau House|Location is: Tau House|4|20:00:00|21:00:00|11 W. Pine Street, Georgetown, VA 19947|38.0539582|-78.4940451
Friendship Home|Location is: Monroe |2|20:00:00|21:00:00|Stafford St, Monroe, VA 28110|38.3074856|-77.44879650000001
Maple Hill Group|Location is: Maple Hill Group|5|20:00:00|21:00:00|7140 Hwy 50, Maple Hill, VA 28454|36.7550897|-83.0253032
Fired Up Young People ~ extended to the middle aged & elderly|Location is: Fellowship home|7|22:00:00|23:00:00|George st, parkersburg, VA 26101|38.187217|-79.24266799999998
George Street Mens Meeting|Location is: MOVFH|1|11:00:00|12:00:00|George Street, parkersburg, VA 26101|38.187217|-79.24266799999998
Fired Up Young People |Location is: MOVFH|7|22:00:00|23:00:00|George Street, parkersburg, VA 26101|38.187217|-79.24266799999998
George Street Meeting|Location is: MOVFH|7|12:00:00|13:00:00|1030 George Street, Parkersburg, VA 26101|38.220934|-79.32426629999998
Chesterfield AA Group|Location is: Chesterfield Presbyterian Church|5|20:00:00|21:00:00|209 W. Main St, chesterfield, VA 29709|36.846557|-76.29305349999998
Chesterfield AA Group|Location is: Chesterfield Presbyterian Church|3|20:00:00|21:00:00|209 W. Main St, chesterfield, VA 29709|36.846557|-76.29305349999998
Chesterfield AA Group|Location is: Chesterfield Presbyterian Church|7|20:00:00|21:00:00|209 W. Main St, chesterfield, VA 29709|36.846557|-76.29305349999998
Goshen Hall|Location is: Goshen Hall|5|18:30:00|19:30:00|114 Federal Street, Milton, VA 19968|38.7810086|-77.07428119999997
Way to Recovery|Location is: Kent County Counseling|2|11:30:00|12:30:00|1241 College Park, Dover, VA 19904|37.3781153|-79.1827649
Way to Recovery|Location is: Kent County Counseling|4|11:30:00|12:30:00|1241 College Park, Dover, VA 19904|37.3781153|-79.1827649
New Year Group|Location is: Kent General Hospital|1|09:30:00|10:30:00|604 South State St, Dover, VA 19901|36.8403443|-81.52124270000002
Pass it on Monthly Group|Location is: Presbyterian Church|2|20:00:00|21:00:00|54 South State Street, Dover, VA 19901|37.8686577|-77.19752770000002
LADIES LIFE CHANGE|Location is: 1450 Sam Davis Road|4|13:00:00|14:00:00|Suite 180, Smyrna, VA 19938|36.7806097|-76.14884589999997
Saturday Night Live|Location is: Zoar Road Club|1|19:00:00|20:00:00|14701 Thomas Road , charlotte, VA 28278|37.1709778|-78.68213879999996
Townsend South Street Big Book|Location is: Immanuel United Methodist Church|1|19:00:00|20:00:00|South Street, Townsend, VA 19734|37.9793334|-75.45702399999999
Townsend South Street Big Book|Location is: Immanuel United Methodist Church|5|00:00:00|01:00:00|South Street, Townsend, VA 19734|37.9793334|-75.45702399999999
Middletown|Location is: St. Anne_s Church|3|20:00:00|21:00:00|15 E. Green Street, Middletown, VA 19709|37.5204559|-78.49486139999999
Woman In Recovery|Location is: St. Anne_s Church|4|20:00:00|21:00:00|15 E. Green Street, Middletown, VA 19709|37.5204559|-78.49486139999999
St. Anne_s Church|Location is: St. Anne_s Church|6|20:00:00|21:00:00|15 E. Green Street, Middletown, VA 19709|37.5204559|-78.49486139999999
Mountaineer Group|Location is: First Presbyterian|6|20:00:00|21:00:00|111 E. King St., Kings Mountain, VA 28086|36.7324585|-79.9144445
Midway Church|Location is: Midway Church|2|20:00:00|21:00:00|Rt 1, Rehoboth, VA 19971|36.9880518|-78.2327525
Midway Church|Location is: Midway Church|6|19:30:00|20:30:00|Rt 1, Rehoboth, VA 19971|36.9880518|-78.2327525
Miracles on 20th Street|Location is: 6th Ave Church of Christ|2|12:00:00|13:00:00|530 20th st, huntington, VA 25701|36.9775339|-76.4186699
Leland Group|Location is: Senior Citizens Bldg.|1|19:30:00|20:30:00|1420 Village Road, Leland, VA 28451|36.8179023|-76.21679360000002
Beginner's|Location is: St. Paul's United Methodist Church|4|20:00:00|21:00:00|313 Wilson Ave, Carolina Beach, VA 28401|36.8254974|-76.2682699
Sunset Park|Location is: Church of St. Peter the Fisherman|1|20:00:00|21:00:00|314 S. Carolina Ave., Wilmington, VA 28401|36.8020923|-76.1149744
Main St. Group|Location is: Tri-City Alano Club|1|18:00:00|19:00:00|1201 Oakland Road, Forest City, VA 28043|38.8945562|-77.1062389
Women_s Meeting|Location is: Tri-City Alano Club|2|18:00:00|19:00:00|1201 Oakland Road, Forest City, VA 28043|38.8945562|-77.1062389
Main St. Group|Location is: Tri-City Alano Club|3|20:00:00|21:00:00|1201 Oakland Road, Forest City, VA 28043|38.8945562|-77.1062389
Main St. Group|Location is: Tri-City Alano Club|4|20:00:00|21:00:00|1201 Oakland Road, Forest City, VA 28043|38.8945562|-77.1062389
Main St. Group|Location is: Tri-City Alano Club|5|20:00:00|21:00:00|1201 Oakland Road, Forest City, VA 28043|38.8945562|-77.1062389
Keep It Simple|Location is: Tri-City Alano Club|6|18:00:00|19:00:00|1201 Oakland Road, Forest City, VA 28043|38.8945562|-77.1062389
Main St. Group|Location is: Tri-City Alano Club|7|20:00:00|21:00:00|1201 Oakland Road, Forest City, VA 28043|38.8945562|-77.1062389
WILDWOOD GROUP|Location is: WILDWOOD GROUP|1|20:30:00|21:30:00|113 WEST OAK AVE, WILDWOOD, VA 08260|38.0264956|-78.48448680000001
PRIMARY PURPOSE|Location is: WILDWOOD GROUP|1|09:30:00|10:30:00|113 WEST OAK AVE, WILDWOOD, VA 08260|38.0264956|-78.48448680000001
PRIMARY PURPOSE 2|Location is: WILDWOOD GROUP|1|18:30:00|19:30:00|113 WEST OAK AVE, WILDWOOD, VA 08260|38.0264956|-78.48448680000001
PRIMARY PURPOSE 4|Location is: WILDWOOD GROUP|1|12:00:00|13:00:00|113 WEST OAK AVE, WILDWOOD, VA 08260|38.0264956|-78.48448680000001
PRIMARY PURPOSE|Location is: WILDWOOD GROUP|2|09:30:00|10:30:00|113 WEST OAK AVE, WILDWOOD, VA 08260|38.0264956|-78.48448680000001
PRIMARY PURPOSE 2|Location is: WILDWOOD GROUP|2|18:30:00|19:30:00|113 WEST OAK AVE, WILDWOOD, VA 08260|38.0264956|-78.48448680000001
PRIMARY PURPOSE 3|Location is: WILDWOOD GROUP|2|20:30:00|21:30:00|113 WEST OAK AVE, WILDWOOD, VA 08260|38.0264956|-78.48448680000001
PRIMARY PURPOSE|Location is: WILDWOOD GROUP|3|09:30:00|10:30:00|113 WEST OAK AVE, WILDWOOD, VA 08260|38.0264956|-78.48448680000001
PRIMARY PURPOSE 2|Location is: WILDWOOD GROUP|3|18:30:00|19:30:00|113 WEST OAK AVE, WILDWOOD, VA 08260|38.0264956|-78.48448680000001
LIVING SOBER|Location is: WILDWOOD GROUP|3|20:30:00|21:30:00|113 WEST OAK AVE, WILDWOOD, VA 08260|38.0264956|-78.48448680000001
PRIMARY PURPOSE|Location is: WILDWOOD GROUP|4|09:30:00|10:30:00|113 WEST OAK AVE, WILDWOOD, VA 08260|38.0264956|-78.48448680000001
PRIMARY PURPOSE 2|Location is: WILDWOOD GROUP|4|18:30:00|19:30:00|113 WEST OAK AVE, WILDWOOD, VA 08260|38.0264956|-78.48448680000001
PRIMARY PURPOSE 3|Location is: WILDWOOD GROUP|4|20:30:00|21:30:00|113 WEST OAK AVE, WILDWOOD, VA 08260|38.0264956|-78.48448680000001
PRIMARY PURPOSE 4|Location is: WILDWOOD GROUP|4|12:00:00|13:00:00|113 WEST OAK AVE, WILDWOOD, VA 08260|38.0264956|-78.48448680000001
PRIMARY PURPOSE|Location is: WILDWOOD GROUP|5|09:30:00|10:30:00|113 WEST OAK AVE, WILDWOOD, VA 08260|38.0264956|-78.48448680000001
PRIMARY PURPOSE 2|Location is: WILDWOOD GROUP|5|18:30:00|19:30:00|113 WEST OAK AVE, WILDWOOD, VA 08260|38.0264956|-78.48448680000001
PRIMARY PURPOSE 3|Location is: WILDWOOD GROUP|5|20:30:00|21:30:00|113 WEST OAK AVE, WILDWOOD, VA 08260|38.0264956|-78.48448680000001
PRIMARY PURPOSE|Location is: WILDWOOD GROUP|6|09:30:00|10:30:00|113 WEST OAK AVE, WILDWOOD, VA 08260|38.0264956|-78.48448680000001
PRIMARY PURPOSE 2|Location is: WILDWOOD GROUP|6|18:30:00|19:30:00|113 WEST OAK AVE, WILDWOOD, VA 08260|38.0264956|-78.48448680000001
PRIMARY PURPOSE 3|Location is: WILDWOOD GROUP|6|20:30:00|21:30:00|113 WEST OAK AVE, WILDWOOD, VA 08260|38.0264956|-78.48448680000001
PRIMARY PURPOSE 5|Location is: WILDWOOD GROUP|6|00:00:00|01:00:00|113 WEST OAK AVE, WILDWOOD, VA 08260|38.0264956|-78.48448680000001
WILDWOOD GROUP|Location is: WILDWOOD GROUP|7|20:30:00|21:30:00|113 WEST OAK AVE, WILDWOOD, VA 08260|38.0264956|-78.48448680000001
PRIMARY PURPOSE|Location is: WILDWOOD GROUP|7|09:30:00|10:30:00|113 WEST OAK AVE, WILDWOOD, VA 08260|38.0264956|-78.48448680000001
PRIMARY PURPOSE 4|Location is: WILDWOOD GROUP|7|12:00:00|13:00:00|113 WEST OAK AVE, WILDWOOD, VA 08260|38.0264956|-78.48448680000001
PRIMARY PURPOSE 2|Location is: WILDWOOD GROUP|7|18:30:00|19:30:00|113 WEST OAK AVE, WILDWOOD, VA 08260|38.0264956|-78.48448680000001
PRIMARY PURPOSE 5|Location is: WILDWOOD GROUP|7|00:00:00|01:00:00|113 WEST OAK AVE, WILDWOOD, VA 08260|38.0264956|-78.48448680000001
CHESTER|Location is: AA BUILDING|1|20:00:00|21:00:00|164 WEST END STREET, CHESTER, VA 29706|36.6141948|-82.15342759999999
CHESTER|Location is: AA BUILDING|2|20:00:00|21:00:00|164 WEST END STREET, CHESTER, VA 29706|36.6141948|-82.15342759999999
CHESTER|Location is: AA BUILDING|5|20:00:00|21:00:00|164 WEST END STREET, CHESTER, VA 29706|36.6141948|-82.15342759999999
CHESTER|Location is: AA BUILDING|6|20:00:00|21:00:00|164 WEST END STREET, CHESTER, VA 29706|36.6141948|-82.15342759999999
CHESTER|Location is: AA BUILDING|7|20:00:00|21:00:00|164 WEST END STREET, CHESTER, VA 29706|36.6141948|-82.15342759999999
DENNISVILLE GROUP|Location is: UNITED METHODIST CHURCH|3|19:30:00|20:30:00|138 MAIN STREET, DENNISVILLE, VA 08270|36.5784295|-79.40410580000002
Chester AFG|Location is: Chester Library|6|20:00:00|21:00:00|401 4th Street, Chester, VA 26034|37.2328515|-77.3999144
ST CASMIR’S CHURCH|Location is: ST CASMIR’S CHURCH|5|19:30:00|20:30:00|304 CLAY STREET, WOODBINE, VA 08270|37.2283496|-80.4100449
CHANGE AND HOPE|Location is: ST CASMIR’S CHURCH|6|18:00:00|19:00:00|304 CLAY STREET, WOODBINE, VA 08270|37.2283496|-80.4100449
RECONSTRUCTION ZONE|Location is: RECONSTRUCTION ZONE|5|17:00:00|18:00:00|1337 Penn. Ave., Southeast, VA 19565|36.9298994|-80.33934690000001
RECONSTRUCTION ZONE|Location is: RECONSTRUCTION ZONE|7|11:00:00|12:00:00|1337 Penn. Ave., Southeast, VA 19565|36.9298994|-80.33934690000001
Friendship Group |Location is: Serenity Hall|2|20:00:00|21:00:00|2112 Oak St, Conway, VA 29526|36.7965558|-76.11564399999997
PRIMARY PURPOSE GAY|Location is: St. Thomas Church|4|19:15:00|20:15:00|1772 Church St., Northwest, VA 29526|36.8648098|-76.27894349999997
PRIMARY PURPOSE GAY 2|Location is: St. Thomas Church|4|20:30:00|21:30:00|1772 Church St., Northwest, VA 29526|36.8648098|-76.27894349999997
OCEAN CITY GROUP|Location is: HOLY TRINITY EPISCOPAL CHURCH|3|20:00:00|21:00:00|30TH AND BAY AVE, OCEAN CITY, VA 08226|36.9278013|-76.18251909999998
11TH STEP MEDITATION|Location is: HOLY TRINITY EPISCOPAL CHURCH|5|19:30:00|20:30:00|30TH AND BAY AVE, OCEAN CITY, VA 08226|36.9278013|-76.18251909999998
OCEAN CITY GROUP|Location is: HOLY TRINITY EPISCOPAL CHURCH|7|20:30:00|21:30:00|30TH AND BAY AVE, OCEAN CITY, VA 08226|36.9278013|-76.18251909999998
BYOBB|Location is: Christ Episcopal Church|1|19:00:00|20:00:00|128 Prince St., Hamilton, VA 17857|37.211963|-77.41530599999999
HORSESHOE|Location is: REHOBOTH UNITED METHODIST CHURCH|1|17:30:00|18:30:00|6911 TWO NOTCH ROAD, COLUMBIA, VA 29223|37.9059489|-78.0692793
HORSESHOE|Location is: REHOBOTH UNITED METHODIST CHURCH|2|12:00:00|13:00:00|6911 TWO NOTCH ROAD, COLUMBIA, VA 29223|37.9059489|-78.0692793
HORSESHOE|Location is: REHOBOTH UNITED METHODIST CHURCH|3|12:00:00|13:00:00|6911 TWO NOTCH ROAD, COLUMBIA, VA 29223|37.9059489|-78.0692793
HORSESHOE|Location is: REHOBOTH UNITED METHODIST CHURCH|4|12:00:00|13:00:00|6911 TWO NOTCH ROAD, COLUMBIA, VA 29223|37.9059489|-78.0692793
HORSESHOE|Location is: REHOBOTH UNITED METHODIST CHURCH|5|12:00:00|13:00:00|6911 TWO NOTCH ROAD, COLUMBIA, VA 29223|37.9059489|-78.0692793
HORSESHOE|Location is: REHOBOTH UNITED METHODIST CHURCH|6|12:00:00|13:00:00|6911 TWO NOTCH ROAD, COLUMBIA, VA 29223|37.9059489|-78.0692793
HORSESHOE|Location is: REHOBOTH UNITED METHODIST CHURCH|7|12:00:00|13:00:00|6911 TWO NOTCH ROAD, COLUMBIA, VA 29223|37.9059489|-78.0692793
Conscious Contact 3|Location is: Scout Hut|1|15:00:00|16:00:00|302 Brooks St, Belmont, VA 29203|38.2480635|-77.41764849999998
Viviendo Sobrio Grupo|Location is: Scout Hut|1|17:00:00|18:00:00|302 Brooks St, Belmont, VA 29203|38.2480635|-77.41764849999998
Conscious Contact 2|Location is: Scout Hut|2|06:00:00|07:00:00|302 Brooks St, Belmont, VA 29203|38.2480635|-77.41764849999998
Conscious Contact|Location is: Scout Hut|2|00:00:00|01:00:00|302 Brooks St, Belmont, VA 29203|38.2480635|-77.41764849999998
Sisters In Sobriety|Location is: Scout Hut|2|18:30:00|19:30:00|302 Brooks St, Belmont, VA 29203|38.2480635|-77.41764849999998
Conscious Contact 2|Location is: Scout Hut|3|06:00:00|07:00:00|302 Brooks St, Belmont, VA 29203|38.2480635|-77.41764849999998
Conscious Contact|Location is: Scout Hut|3|00:00:00|01:00:00|302 Brooks St, Belmont, VA 29203|38.2480635|-77.41764849999998
Basics Too|Location is: Scout Hut|3|20:00:00|21:00:00|302 Brooks St, Belmont, VA 29203|38.2480635|-77.41764849999998
Conscious Contact 2|Location is: Scout Hut|4|06:00:00|07:00:00|302 Brooks St, Belmont, VA 29203|38.2480635|-77.41764849999998
Conscious Contact|Location is: Scout Hut|4|00:00:00|01:00:00|302 Brooks St, Belmont, VA 29203|38.2480635|-77.41764849999998
The Belmont Group|Location is: Scout Hut|4|20:00:00|21:00:00|302 Brooks St, Belmont, VA 29203|38.2480635|-77.41764849999998
Conscious Contact 2|Location is: Scout Hut|5|06:00:00|07:00:00|302 Brooks St, Belmont, VA 29203|38.2480635|-77.41764849999998
Conscious Contact|Location is: Scout Hut|5|00:00:00|01:00:00|302 Brooks St, Belmont, VA 29203|38.2480635|-77.41764849999998
Basics Too|Location is: Scout Hut|5|20:00:00|21:00:00|302 Brooks St, Belmont, VA 29203|38.2480635|-77.41764849999998
Conscious Contact 2|Location is: Scout Hut|6|06:00:00|07:00:00|302 Brooks St, Belmont, VA 29203|38.2480635|-77.41764849999998
Conscious Contact|Location is: Scout Hut|6|00:00:00|01:00:00|302 Brooks St, Belmont, VA 29203|38.2480635|-77.41764849999998
Conscious Contact|Location is: Scout Hut|7|00:00:00|01:00:00|302 Brooks St, Belmont, VA 29203|38.2480635|-77.41764849999998
Viviend Sobrio Grupo|Location is: Scout Hut|7|16:00:00|17:00:00|302 Brooks St, Belmont, VA 29203|38.2480635|-77.41764849999998
NORTH COLUMBIA|Location is: COLLEGE PLACE METHODIST CHURCH|3|20:00:00|21:00:00|4901 COLONIAL DRIVE, COLUMBIA, VA 29203|38.8170855|-77.04788730000001
NORTH COLUMBIA|Location is: COLLEGE PLACE METHODIST CHURCH|5|20:00:00|21:00:00|4901 COLONIAL DRIVE, COLUMBIA, VA 29203|38.8170855|-77.04788730000001
ATTITUDE ADJUSTMENT|Location is: COLLEGE PLACE METHODIST CHURCH|6|19:00:00|20:00:00|4901 COLONIAL DRIVE, COLUMBIA, VA 29203|38.8170855|-77.04788730000001
NORTH COLUMBIA|Location is: COLLEGE PLACE METHODIST CHURCH|7|20:00:00|21:00:00|4901 COLONIAL DRIVE, COLUMBIA, VA 29203|38.8170855|-77.04788730000001
PRIMARY PURPOSE|Location is: ST MARTIN IN THE FIELDS EPISCOPAL CHURCH|1|19:00:00|20:00:00|5330 CLEMSON AVE, COLUMBIA, VA 29206|38.7679536|-77.0576514
THIRD TRADITION|Location is: ST MARTIN IN THE FIELDS EPISCOPAL CHURCH|2|12:00:00|13:00:00|5330 CLEMSON AVE, COLUMBIA, VA 29206|38.7679536|-77.0576514
THIRD TRADITION|Location is: ST MARTIN IN THE FIELDS EPISCOPAL CHURCH|3|12:00:00|13:00:00|5330 CLEMSON AVE, COLUMBIA, VA 29206|38.7679536|-77.0576514
THIRD TRADITION|Location is: ST MARTIN IN THE FIELDS EPISCOPAL CHURCH|4|12:00:00|13:00:00|5330 CLEMSON AVE, COLUMBIA, VA 29206|38.7679536|-77.0576514
PRIMARY PURPOSE|Location is: ST MARTIN IN THE FIELDS EPISCOPAL CHURCH|4|20:00:00|21:00:00|5330 CLEMSON AVE, COLUMBIA, VA 29206|38.7679536|-77.0576514
THIRD TRADITION|Location is: ST MARTIN IN THE FIELDS EPISCOPAL CHURCH|5|12:00:00|13:00:00|5330 CLEMSON AVE, COLUMBIA, VA 29206|38.7679536|-77.0576514
SPIRITUAL PROGRESS|Location is: ST MARTIN IN THE FIELDS EPISCOPAL CHURCH|5|18:30:00|19:30:00|5330 CLEMSON AVE, COLUMBIA, VA 29206|38.7679536|-77.0576514
THIRD TRADITION|Location is: ST MARTIN IN THE FIELDS EPISCOPAL CHURCH|6|12:00:00|13:00:00|5330 CLEMSON AVE, COLUMBIA, VA 29206|38.7679536|-77.0576514
PRIMARY PURPOSE|Location is: ST MARTIN IN THE FIELDS EPISCOPAL CHURCH|6|20:00:00|21:00:00|5330 CLEMSON AVE, COLUMBIA, VA 29206|38.7679536|-77.0576514
Big Book Meeting|Location is: Southampton PA|5|12:30:00|13:30:00|95 James Way, southampton, VA 18966|36.6807321|-76.91089879999998
ST JOHNS DISCUSSION GROUP|Location is: ST JOHNS EPISCOPAL CHURCH|3|20:00:00|21:00:00|2827 WHEAT STREET, COLUMBIA, VA 29205|38.8398212|-77.1286614
FIVE POINTS HAPPY HOUR|Location is: ACOA CLUB|2|17:30:00|18:30:00|2015 COLLEGE STREET, COLUMBIA, VA 29205|37.4343256|-79.16192810000001
FIVE POINTS HAPPY HOUR|Location is: ACOA CLUB|3|17:30:00|18:30:00|2015 COLLEGE STREET, COLUMBIA, VA 29205|37.4343256|-79.16192810000001
FIVE POINTS HAPPY HOUR|Location is: ACOA CLUB|4|17:30:00|18:30:00|2015 COLLEGE STREET, COLUMBIA, VA 29205|37.4343256|-79.16192810000001
FIVE POINTS HAPPY HOUR|Location is: ACOA CLUB|5|17:30:00|18:30:00|2015 COLLEGE STREET, COLUMBIA, VA 29205|37.4343256|-79.16192810000001
FIVE POINTS HAPPY HOUR|Location is: ACOA CLUB|6|17:30:00|18:30:00|2015 COLLEGE STREET, COLUMBIA, VA 29205|37.4343256|-79.16192810000001
CENTRAL GROUP|Location is: ACOA CLUB|6|20:00:00|21:00:00|2015 COLLEGE STREET, COLUMBIA, VA 29205|37.4343256|-79.16192810000001
PRINCIPLES BEFORE PERSONALITIES|Location is: ACOA CLUB|6|22:00:00|23:00:00|2015 COLLEGE STREET, COLUMBIA, VA 29205|37.4343256|-79.16192810000001
KEYSTONE|Location is: ACOA CLUB|7|20:30:00|21:30:00|2015 COLLEGE STREET, COLUMBIA, VA 29205|37.4343256|-79.16192810000001
IRMO|Location is: MCGREGOR PRESBYTERIAN CHURCH|4|18:00:00|19:00:00|6505 ST ANDREWS ROAD, COLUMBIA, VA 29212|37.9897447|-78.20650280000001
Moosehead Lake Group|Location is: Union Evangelist Church|4|19:00:00|20:00:00|114 South Main Street, Geenville, VA 29601|38.7121498|-77.7922838
Moosehead Lake Group|Location is: Union Evangelist Church|6|19:00:00|20:00:00|114 South Main Street, greenville, VA 29601|38.0025512|-79.15708390000003
6 DE SEPTIEMBRE|Location is: 6 DE SEPTIEMBRE|1|17:30:00|18:30:00|3819 Quincy St., Northwest, VA 44708|38.9078305|-77.10103679999997
6 DE SEPTIEMBRE|Location is: 6 DE SEPTIEMBRE|7|10:00:00|11:00:00|3819 Quincy St., Northwest, VA 44708|38.9078305|-77.10103679999997
6 DE SEPTIEMBRE|Location is: 6 DE SEPTIEMBRE|2|20:00:00|21:00:00|3819 Quincy St., Northwest, VA 44708|38.9078305|-77.10103679999997
6 DE SEPTIEMBRE|Location is: 6 DE SEPTIEMBRE|3|20:00:00|21:00:00|3819 Quincy St., Northwest, VA 44708|38.9078305|-77.10103679999997
6 DE SEPTIEMBRE|Location is: 6 DE SEPTIEMBRE|4|20:00:00|21:00:00|3819 Quincy St., Northwest, VA 44708|38.9078305|-77.10103679999997
6 DE SEPTIEMBRE|Location is: 6 DE SEPTIEMBRE|5|20:00:00|21:00:00|3819 Quincy St., Northwest, VA 44708|38.9078305|-77.10103679999997
6 DE SEPTIEMBRE|Location is: 6 DE SEPTIEMBRE|6|20:00:00|21:00:00|3819 Quincy St., Northwest, VA 44708|38.9078305|-77.10103679999997
NORTH CHURCH STREET GROUP|Location is: SAINT STEPHEN’S CHURCH|2|01:23:00|02:23:00|119 N CHURCH STREET, LEXINGTON, VA 29072|37.7830815|-79.44266089999996
NORTH CHURCH STREET GROUP|Location is: SAINT STEPHEN’S CHURCH|4|19:30:00|20:30:00|119 N CHURCH STREET, LEXINGTON, VA 29072|37.7830815|-79.44266089999996
NORTH CHURCH STREET GROUP|Location is: SAINT STEPHEN’S CHURCH|5|19:00:00|20:00:00|119 N CHURCH STREET, LEXINGTON, VA 29072|37.7830815|-79.44266089999996
Niles Group|Location is: Trinity Lutheran Church|5|20:30:00|21:30:00|56 North Chestnut Street, warren, VA 44446|38.7162794|-77.79742019999998
Beyond Before|Location is: 1st Presbyterian Church|3|20:00:00|21:00:00|River Dr., Bordentown, VA 19067|38.8410609|-78.29380400000002
Fredericksburg|Location is: Presbyterian Church|5|20:00:00|21:00:00|201 Mill St., Fredericksburg, VA 44627|38.307859|-77.575558
New Skool, Old Principles|Location is: Glenbeigh 3/4 House|2|19:00:00|20:00:00|29 N Rd, Niles, VA 44446|38.4542461|-77.53634829999999
The Mustard Seed|Location is: Lakeside Community HS|1|16:00:00|17:00:00|137 Lakeside Road, Hamilton, VA 08610|37.6635146|-77.50701300000003
GILBERT GROUP|Location is: GRACE LUTHERAN CHURCH|3|19:00:00|20:00:00|326 CHURCH STREET, GILBERT, VA 29054|37.2379521|-76.77491780000003
Talbot Early Recovery Group|Location is: Talbot Hall OSU East Hospital|7|11:00:00|12:00:00|1492 E.  Broad st., columbus, VA 43203|39.023026|-77.50305300000002
501 Step Group|Location is: Wayside Pulpit Church|5|12:00:00|13:00:00|501 E. Broad st., columbus, VA 43215|39.023026|-77.50305300000002
Wooster Closed Mens|Location is: Trinity United Church Of Christ|4|19:30:00|20:30:00|150 E. North St., Wooster, VA 44691|38.8931686|-77.07706480000002
Tues Serenity Big Book Discussion|Location is: Trinity United Church Of Christ|3|19:30:00|20:30:00|150 E. North St., Wooster, VA 44691|38.8931686|-77.07706480000002
Fri Night Focus|Location is: Trinity United Church Of Christ|6|20:00:00|21:00:00|150 E. North St., Wooster, VA 44691|38.8931686|-77.07706480000002
Wooster|Location is: Trinity United Church Of Christ|2|20:00:00|21:00:00|150 E. North St., Wooster, VA 44691|38.8931686|-77.07706480000002
Wooster Wednes 12x12x12|Location is: St. James Episcopal Church|4|12:00:00|13:00:00|122 E. North St., Wooster, VA 44691|38.8931686|-77.07706480000002
Wooster Sun Night|Location is: St. James Episcopal Church|1|20:00:00|21:00:00|122 E. North St., Wooster, VA 44691|38.8931686|-77.07706480000002
Alkies Lunch Bunch|Location is: St. James Episcopal Church|3|12:00:00|13:00:00|122 E. North St., Wooster, VA 44691|38.8931686|-77.07706480000002
Wooster Early Bird Discussion|Location is: St. James Episcopal Church|5|09:00:00|10:00:00|122 E. North St., Wooster, VA 44691|38.8931686|-77.07706480000002
Wooster Brown Baggers|Location is: St. James Episcopal Church|6|12:00:00|13:00:00|122 E. North St., Wooster, VA 44691|38.8931686|-77.07706480000002
Satur Night Phoenix|Location is: St. James Episcopal Church|7|22:30:00|23:30:00|122 E. North St., Wooster, VA 44691|38.8931686|-77.07706480000002
Wooster N.U.T.S. Big Book Study|Location is: St. James Episcopal Church|2|12:00:00|13:00:00|122 E. North St., Wooster, VA 44691|38.8931686|-77.07706480000002
Satur Women&#39;s Jail Meeting|Location is: Wayne County Jail|7|13:00:00|14:00:00|201 W. North St., Wooster, VA 44691|38.8931686|-77.07706480000002
Language of the Heart|Location is: United Methodist Church|3|19:30:00|20:30:00|926 Province Line Rd., Princeton, VA 08540|37.3766095|-80.87628489999997
SOBER STRONG AND FREE|Location is: STONEWALL|6|19:30:00|20:30:00|1160 N HIGH STREET, COLUMBUS, VA 43201|38.8841743|-77.12191899999999
Barberton Tues Big Book Discussion|Location is: Cissy's Diner|3|20:00:00|21:00:00|465 W. Park Ave., Barberton, VA 44203|36.8457392|-76.27210780000001
Gratitude In Action|Location is: Mike's Place Restaurant|5|07:00:00|08:00:00|1700 S. Water St., Kent, VA 44240|37.078303|-79.88325099999997
Making A Choice|Location is: Choices|6|17:30:00|18:30:00|320 E. South St., Akron, VA 44311|37.5886812|-77.43916460000003
East End Big Book Study|Location is: Our Lady Of Victory Catholic Church|4|10:00:00|11:00:00|73 North Ave., Tallmadge, VA 44278|38.67278659999999|-77.38489679999998
Barberton Fri Nite|Location is: Barberton Church Of God|6|20:00:00|21:00:00|885 N. Summit St., Barberton, VA 44203|36.8694739|-76.27231340000003
Kent Mon Nite Young People|Location is: United Methodist Church|2|18:30:00|19:30:00|1435 E. Main St., Kent, VA 44240|37.1408382|-80.5577715
Big Book Comes Alive In Kent|Location is: Trinity Lutheran Church|1|17:30:00|18:30:00|600 S. Water St., Kent, VA 44240|37.07918859999999|-79.8811627
The Place To Be|Location is: St. Andrews The Apostle Church|1|20:00:00|21:00:00|4022 Johnson Rd., Norton, VA 44203|36.9257219|-82.66921930000001
B&W Satur Nite|Location is: St. Andrews The Apostle Church|7|20:00:00|21:00:00|4022 Johnson Rd., Norton, VA 44203|36.9257219|-82.66921930000001
St. Bernards|Location is: St. Bernard's Church|2|20:00:00|21:00:00|47 E. State St., Akron, VA 44308|37.5895416|-77.44185820000001
High Nooners|Location is: St. Bernard's Church|5|12:00:00|13:00:00|47 E. State St., Akron, VA 44308|37.5895416|-77.44185820000001
What Me Worry|Location is: St. Bernard's Church|6|13:00:00|14:00:00|47 E. State St., Akron, VA 44308|37.5895416|-77.44185820000001
Tallmadge Circle|Location is: Unity Chapel Of Light|6|20:00:00|21:00:00|503 Northwest Ave., Tallmadge, VA 44278|39.08541690000001|-77.54951260000001
New Hope|Location is: First Christian Church Of Kent|5|19:00:00|20:00:00|335 W. Main St., Kent, VA 44240|37.52897280000001|-76.79496489999997
Kent Fri Night|Location is: First Christian Church Of Kent|6|20:30:00|21:30:00|335 W. Main St., Kent, VA 44240|37.52897280000001|-76.79496489999997
Kent Tues Big Book Discussion|Location is: First Christian Church Of Kent|3|19:00:00|20:00:00|335 W. Main St., Kent, VA 44240|37.52897280000001|-76.79496489999997
Pleasant Big Book Study|Location is: Back Yard|3|20:30:00|21:30:00|3182 Pleasant Dr., Norton, VA 44203|36.952863|-82.43095790000001
WESTERBILLE UNDER NEW MANAGEMENT GROUP|Location is: ST MATTHEWS EPISCOPAL CHURCH|1|20:00:00|21:00:00|233 S STATE STREET, WESTERVILLE, VA 43081|39.0383067|-77.57465460000003
WESTERVILLE RECOVERY ROAD DISCUSSION GROUP|Location is: ST MATTHEWS EPISCOPAL CHURCH|4|20:30:00|21:30:00|233 S STATE STREET, WESTERVILLE, VA 43081|39.0383067|-77.57465460000003
WESTERVILLE SAT MORNING KISS|Location is: ST MATTHEWS EPISCOPAL CHURCH|7|10:30:00|11:30:00|233 S STATE STREET, WESTERVILLE, VA 43081|39.0383067|-77.57465460000003
WESTERVILLE FRI NIGHT HOW|Location is: ST PAUL CATHOLIC CHURCH|6|19:30:00|20:30:00|313 NORTH STATE STREET, WESTERVILLE, VA 43082|39.0383067|-77.57465460000003
Washington Court House Reaching Hands Group|Location is: Church of God|6|20:00:00|21:00:00|610 Harrison Street`, washington court house, VA 43160|38.874042|-77.12491790000001
Reaching Hands|Location is: Church of God|6|20:00:00|21:00:00|610 Harrison Street, washington court house, VA 43160|38.874042|-77.12491790000001
LODESTAR GROUP|Location is: OVERBROOK PRESBYTERIAN CHURCH|4|19:00:00|20:00:00|4131 N HIGH STREET, COLUMBUS, VA 43214|38.9013966|-77.13102470000001
WOMENS EARLY BIRD|Location is: OVERBROOK PRESBYTERIAN CHURCH|7|09:30:00|10:30:00|4131 N HIGH STREET, COLUMBUS, VA 43214|38.9013966|-77.13102470000001
Maple Grove Big Book|Location is: High St|3|20:00:00|21:00:00|High St, columbus, VA 43214|38.897906|-77.12787700000001
Kingston Group|Location is: Kingston UMC|5|20:00:00|21:00:00|9 Church St., Hamilton, VA 16735|37.6684783|-78.0890948
Wadsworth Women's Big Book|Location is: St. Marks Episcopal Church|4|19:00:00|20:00:00|146 College St., Wadsworth, VA 44281|37.4029703|-79.16687189999999
WORTHINGTON GROUP|Location is: WORTHINGTON PRESBYTERIAN CHURCH|4|20:00:00|21:00:00|773 HIGH STREET, WORTHINGTON, VA 43085|38.757974|-77.590711
mason street night group|Location is: greenwood|1|20:00:00|21:00:00|113 mason street, greenwood, VA 29646|37.192435|-76.48472509999999
Mason Street|Location is: greenwood|2|12:00:00|13:00:00|113 mason street, greenwood, VA 29646|37.192435|-76.48472509999999
THE CHAPEL GROUP|Location is: SALVATION ARMY CHAPEL|4|19:00:00|20:00:00|760 WORTHINGTON WOODS BLVD, WORTHINGTON, VA 43085|37.4927692|-77.5093958
COUPLES IN RECOVERY|Location is: ALL SAINTS LUTHERAN CHURCH|4|19:30:00|20:30:00|6770 N HIGH STREET, WORTHINGTON, VA 43085|38.757974|-77.590711
PRINCIPLES|Location is: ALL SAINTS LUTHERAN CHURCH|5|19:00:00|20:00:00|6770 N HIGH STREET, WORTHINGTON, VA 43085|38.757974|-77.590711
Early Bird Big Book Group|Location is: All Saints Lutheran Church|7|08:00:00|09:00:00|6770 N High St, Columbus, VA 43085|38.9092685|-77.13982039999996
Wadsworth Tues Night Discussion|Location is: Ridgewood Baptist Church|3|19:30:00|20:30:00|7891 Ridge Rd., Wadsworth, VA 44281|38.6878658|-77.32478400000002
THE DIRTY DOZEN|Location is: WORTHINGTON CHRISTIAN CHURCH|2|18:30:00|19:30:00|8145 N  HIGH STREET, WORTHINGTON, VA 43235|38.7620996|-77.5869303
NORTH WORTHINGTON MID WEEK|Location is: WORTHINGTON CHRISTIAN CHURCH|4|12:00:00|13:00:00|8145 N  HIGH STREET, WORTHINGTON, VA 43235|38.7620996|-77.5869303
Sharon Closed Discussion|Location is: Northside Christian Church|6|21:30:00|22:30:00|7615 Ridge Rd., Wadsworth, VA 44281|38.6878658|-77.32478400000002
SUNSET GROUP|Location is: NORTHWEST UNITED METHODIST CHURCH|2|19:00:00|20:00:00|5200 RIVERSIDE DR, COLUMBUS, VA 43220|37.0884657|-76.49595119999998
SCIOTO VIEW SERENITY|Location is: NORTHWEST UNITED METHODIST CHURCH|4|19:30:00|20:30:00|5200 RIVERSIDE DR, COLUMBUS, VA 43220|37.0884657|-76.49595119999998
Hudson Clockwatchers|Location is: Christ Episcopal Church|6|20:00:00|21:00:00|21 Aurora St., Hudson, VA 44236|38.8715067|-77.092355
Hudson Tues Clockwatchers|Location is: Christ Episcopal Church|3|20:00:00|21:00:00|21 Aurora St., Hudson, VA 44236|38.8715067|-77.092355
Hudson Clockwatchers|Location is: Christ Episcopal Church|3|20:00:00|21:00:00|21 Aurora St., Hudson, VA 44236|38.8715067|-77.092355
WINCHESTER GROUP|Location is: First United Methodist Church|5|13:30:00|14:30:00|100 Jefferson St, Winchester, VA 40391|39.1775329|-78.17792889999998
Lunch Bunch|Location is: Winchester Alano Club|4|12:00:00|13:00:00|66 north main street, winchester, VA 40391|39.1249551|-78.15742899999998
The Serenity Group|Location is: Winchester Alano Club|2|20:00:00|21:00:00|66 N Main St, Winchester, VA 40391|39.1249551|-78.15742899999998
The Serenity Group|Location is: Winchester Alano Club|3|20:00:00|21:00:00|66 N Main St, Winchester, VA 40391|39.1249551|-78.15742899999998
The Serenity Group|Location is: Winchester Alano Club|4|20:00:00|21:00:00|66 N Main St, Winchester, VA 40391|39.1249551|-78.15742899999998
The Serenity Group|Location is: Winchester Alano Club|5|20:00:00|21:00:00|66 N Main St, Winchester, VA 40391|39.1249551|-78.15742899999998
The Serenity Group|Location is: Winchester Alano Club|6|20:00:00|21:00:00|66 N Main St, Winchester, VA 40391|39.1249551|-78.15742899999998
The Serenity Group|Location is: Winchester Alano Club|7|20:00:00|21:00:00|66 N Main St, Winchester, VA 40391|39.1249551|-78.15742899999998
The Serenity Group|Location is: Winchester Alano Club|1|16:00:00|17:00:00|66 N Main St, Winchester, VA 40391|39.1249551|-78.15742899999998
ZOO GROUP|Location is: NEW HOPE CHURCH|5|19:30:00|20:30:00|4739 W POWELL ROAD, POWELL, VA 43065|36.8861083|-82.6971388
St. Paul's Epis.|Location is: St. Paul's Epis.|3|19:30:00|20:30:00|396 Main, No. Andover, VA 44003|36.9048897|-82.7831668
Williamsburg Big Book Group|Location is: 1st Congregational Church|3|20:00:00|21:00:00|906 N. Main St., WILLIAMSBURG, VA 40769|37.2775902|-76.7399135
Fri Nite Survivers, Ashland|Location is: Trinity Lutheran Church|6|20:00:00|21:00:00|508 Center St., Ashland, VA 44805|37.7567311|-77.48206290000002
Satur Morning Big Book Discussion Group|Location is: Trinity Lutheran Church|7|10:00:00|11:00:00|508 Center St., Ashland, VA 44805|37.7567311|-77.48206290000002
Ashland Sun Night Discussion|Location is: Trinity Lutheran Church|1|18:30:00|19:30:00|508 Center St., Ashland, VA 44805|37.7567311|-77.48206290000002
Wednes Morning Open Discussion|Location is: Trinity Lutheran Church|4|10:00:00|11:00:00|508 Center St., Ashland, VA 44805|37.7567311|-77.48206290000002
Mon Night 12 & 12|Location is: Trinity Lutheran Church|2|19:30:00|20:30:00|508 Center St., Ashland, VA 44805|37.7567311|-77.48206290000002
MONDAY NITE12X12 DISC.|Location is: Trinity Lutheran Church|2|19:30:00|20:30:00|508 Center St., Ashland, VA 44805|37.7567311|-77.48206290000002
St. John's|Location is: St. John's Church|2|11:00:00|12:00:00|Park Ave., mansfield, VA 44905|37.3954862|-79.1693257
Ashland Thurs Nite|Location is: St. Edwards Catholic Church|5|20:00:00|21:00:00|501 Cottage Ave., Ashland, VA 44805|37.7612463|-77.46812439999997
Never Too Young To Be Sober|Location is: Ohio Weslyn University|1|20:30:00|21:30:00|29 Spring St., delaware, VA 43015|37.2837279|-80.049307
BURTON RESPONSIBLE DISCUSSION|Location is: Burton Congregational Church|3|20:00:00|21:00:00|14558 West Park, Burton, VA 44021|37.5379113|-77.41559699999999
BURTON MAPLE LEAF|Location is: Burton Congregational Church|5|20:30:00|21:30:00|14558 West Park, Burton, VA 44021|37.5379113|-77.41559699999999
Chagrin Falls Young People|Location is: Bainbridge Recovery Club|6|20:30:00|21:30:00|8231 E. Washington St, Bainbridge, VA 44023|38.7376392|-77.0634465
EACH DAY A NEW BEGINNING|Location is: Newbury United CommunityCh.|3|10:00:00|11:00:00|14916 Auburn Rd, Newbury, VA 44065|38.7448464|-77.74307879999998
EAST WING PRIMARY PURPOSE|Location is: Newbury United CommunityCh.|3|18:30:00|19:30:00|14916 Auburn Rd, Newbury, VA 44065|38.7448464|-77.74307879999998
BARELY AWAKE DISCUSSION|Location is: Newbury Town Hall|1|10:00:00|11:00:00|14899 Auburn Road, Newbury, VA 44065|38.7448464|-77.74307879999998
NEWBURY SUNSET|Location is: Newbury Township Hall|4|17:50:00|18:50:00|14899 Auburn Rd., Newbury, VA 44065|38.7448464|-77.74307879999998
Carolina in the Morning|Location is: Saint Mary's Church Hall|3|10:00:00|11:00:00|437 Carolina Back Road (Route 112), CAROLINA, VA 29655|36.879428|-76.05537500000003
Carolina in the Morning II|Location is: Saint Mary's Church Hall|5|10:00:00|11:00:00|437 Carolina Back Road (Route 112), CAROLINA, VA 29655|36.879428|-76.05537500000003
SOLON PIONEER WOMEN MINI LEAD|Location is: Pioneer Presby.Memorial|2|13:00:00|14:00:00|35100 Solon Rd., Solon, VA 44139|38.2883916|-79.07288189999997
HAPPY HOUR DISCUSSION|Location is: Pioneer Presby.Memorial|2|18:00:00|19:00:00|35100 Solon Rd., Solon, VA 44139|38.2883916|-79.07288189999997
Edgefield|Location is: Episcopal Church|2|20:00:00|21:00:00|313 Simplins St., ,   USA, VA 29824|36.9680494|-80.71446029999998
Edgefield|Location is: Episcopal Church|3|20:00:00|21:00:00|313 Simplins St., ,   USA, VA 29824|36.9680494|-80.71446029999998
Edgefield|Location is: Episcopal Church|6|20:00:00|21:00:00|313 Simplins St., ,   USA, VA 29824|36.9680494|-80.71446029999998
Methodist Church|Location is: Methodist Church|3|20:00:00|21:00:00|87  St., Wilmington, VA 45177|37.8279522|-78.18140829999999
Howard City|Location is: VFW Hall|4|19:30:00|20:30:00|Old 131, Howard City, VA 18518|39.1005346|-77.56648519999999
Bedford Wednes Morning|Location is: First United Methodist Church of Bedford|4|10:30:00|11:30:00|79 Center Rd., Bedford, VA 44146|37.3347954|-79.52480530000003
BROWN BAG|Location is: St. Elizabeth`s Hosp.|4|00:00:00|01:00:00|2700 M.l.k. Jr. Ave, Southeast, VA 37921|36.9941461|-76.3936402
PASA|Location is: St. Eliz. Hosp.|7|10:00:00|11:00:00|2700 M.l.k. Jr. Ave., Southeast, VA 37921|36.9941461|-76.3936402
ST. ELIZABETH|Location is: St. Eliz. Hosp.|2|20:00:00|21:00:00|2700 M.l.k. Jr. Ave., Southeast, VA 37921|36.9941461|-76.3936402
ST. ELIZABETH|Location is: St. Eliz. Hosp.|4|20:30:00|21:30:00|2700 M.l.k. Jr. Ave., Southeast, VA 37921|36.9941461|-76.3936402
ST. ELIZABETH'S|Location is: St. Elizabeth`s Hosp.|6|20:30:00|21:30:00|2700 M.l.k. Jr. Ave, Southeast, VA 37921|36.9941461|-76.3936402
INDEPENDENCE|Location is: Indep. Presby. Church Soc.hall|5|19:30:00|20:30:00|6624 Public Square, Independence, VA 44131|38.8046031|-77.1757318
MAPLE HEIGHTS FRIDAY|Location is: Maple Heights City Hall|6|20:30:00|21:30:00|5353 Lee Rd., Maple Heights, VA 44137|36.6881889|-83.16844200000003
PARMATOWN MEN|Location is: Parma Comm. Hosp.|6|20:00:00|21:00:00|7300 State Rd., Parma, VA 44134|37.6150174|-77.56042530000002
OUR PURPOSE BIG BOOK STUDY|Location is: St. Mary's Church|7|19:00:00|20:00:00|401 North St., Chardon, VA 44024|37.5215091|-77.36145729999998
PADUA VARIETY DISCUSSION|Location is: St. Anthony Elementary School|1|19:00:00|20:00:00|6740 State Rd., Parma, VA 44134|37.6150174|-77.56042530000002
there is a way|Location is: Jefferson Community Center|2|20:00:00|21:00:00|W. Jefferson St., jefferson, VA 44047|38.88678|-77.16567499999996
refuse to use|Location is: VOA|6|19:00:00|20:00:00|3150 walten , cleveland, VA 44128|38.7032209|-77.79379010000002
LAST CALL WEST 12X12|Location is: Good Shepherd U.M.Church,down|3|20:00:00|21:00:00|5930 State Rd., Parma, VA 44134|37.6150174|-77.56042530000002
FREE TO BE ME|Location is: Good Shepherd U.M.Church,down|4|19:00:00|20:00:00|5930 State Rd., Parma, VA 44134|37.6150174|-77.56042530000002
PARMA WEDNESDAY|Location is: Good Shepherd United Church|4|19:30:00|20:30:00|5930 State Road, Parma, VA 44134|37.6150174|-77.56042530000002
E.S.& H BIG BOOK|Location is: Good Shepherd U.M.Ch|5|19:00:00|20:00:00|5930 State Rd, Parma, VA 44134|37.6150174|-77.56042530000002
EARLY FRIDAY|Location is: Good Shepherd United Church|6|10:30:00|11:30:00|5930 State Road, Parma, VA 44134|37.6150174|-77.56042530000002
SERENITY FIRST|Location is: Good Shepherd United Church|7|12:30:00|13:30:00|5930 State Road, Parma, VA 44134|37.6150174|-77.56042530000002
FIRST THINGS FIRST|Location is: JCU Bohannon Science Center,RM 178|3|19:00:00|20:00:00|20700 No .Park Blvd., University Heights, VA 44118|38.3015529|-77.5135383
BAXTER|Location is: St. Stanislaus Recreation Hall|4|20:00:00|21:00:00|3649 E 65 St., Cleveland, VA 44105|36.6875781|-79.86745889999997
Dawn Patrol|Location is: Faith Lutheran Church|7|06:30:00|07:30:00|524 South Street, new_providence, VA 07974|37.9447807|-79.32046679999996
MAYLYND GROUP|Location is: St. John's Lutheran Church|3|20:30:00|21:30:00|1000 Ford Road, Highland Hts., VA 44143|37.607587|-77.384007
MORE TO LEARN|Location is: St. Gregory Church|7|20:00:00|21:00:00|1545 S. Green Rd ., South Euclid, VA 44121|37.5697782|-77.4027739
MEN 12X12 DISCUSSION|Location is: Church Street Ministries|5|19:00:00|20:00:00|17 Church Street, Berea, VA 44017|38.3622311|-77.51958109999998
UNITED SUNDAY NON-SMOKING|Location is: United Methodist Church|1|20:00:00|21:00:00|1534 So. Green Road, South Euclid, VA 44121|37.5699105|-77.4029564
MAY-GREEN DISCUSSION LUNCHEON|Location is: So. Euclid Meth. Church|4|12:00:00|13:00:00|1534 Green Road, South Euclid, VA 44121|37.5699105|-77.4029564
NEW HOPE BIG BOOK|Location is: So. Euclid Methodist Church|4|19:00:00|20:00:00|1534 So. Green, South Euclid, VA 44121|37.5699105|-77.4029564
MAYFLOWER DISCUSSION|Location is: United Methodist Church|4|19:30:00|20:30:00|1534 So. Green Rd, South Euclid, VA 44121|37.5699105|-77.4029564
SOUTH EUCLID NON-SMOKING|Location is: United Meth.Church of S.E.|5|19:30:00|20:30:00|1534 S. Green Rd., South Euclid, VA 44121|37.5699105|-77.4029564
SR. IGNATIA|Location is: Hillcrest United Methodist Ch.|6|20:30:00|21:30:00|1534 South Green Road, South Euclid, VA 44121|37.5699105|-77.4029564
Spiritual Awakenings Group Westfield BB Workshop|Location is: Presbyterian Church of Westfield|1|18:30:00|19:30:00|140 Mountain Ave E, Westfield, VA 07090|36.5583225|-80.4580421
Westfield Big Book Workshop|Location is: Westfield Presbyterian Church|1|18:30:00|19:30:00|140 Mountain Ave E, Westfield, VA 07090|36.5583225|-80.4580421
GRAFTON WEDNESDAY NIGHT|Location is: Grafton Fire Station/Community Park|4|20:30:00|21:30:00|1050 Grafton Road, Grafton, VA 44044|37.16743200000001|-76.47118
F.A.I.T.H. Group|Location is: Woodland Christian Church|4|20:00:00|21:00:00|530 E High St, Lexington, VA 40502|37.7869055|-79.43243230000002
Grapevine Group|Location is: Central Christian Church Cafeteria|6|19:30:00|20:30:00|205 E. Short Street, Lexington, VA 40501|37.7825915|-79.44157000000001
LADIES NIGHT OUT|Location is: Kirkwood Presbyterian Church|5|19:00:00|20:00:00|8336 Carriegh Parkway, Springfield, VA 07092|38.782355|-77.23106899999999
What Are We Group|Location is: Church of the Good Shepherd|1|19:00:00|20:00:00|1530 Pleasant St. - Rt. 102, SOUTH LEE, VA 40508|38.9656703|-78.0729897
NEW HOPE MONDAY|Location is: Carl B.Stokes|2|19:00:00|20:00:00|6101 Woodland, Cleveland, VA 44104|37.43378|-79.16746999999998
TELL THE TRUTH BIG BOOK|Location is: First Beulah Baptist Church|2|19:00:00|20:00:00|5706 Woodland Ave, Cleveland, VA 44104|37.43378|-79.16746999999998
SOLIDARITY FRIDAY|Location is: First Beulah Baptist Church|6|19:00:00|20:00:00|5706 Woodland, Cleveland, VA 44104|37.43378|-79.16746999999998
Redeemer Ch.|Location is: Redeemer Ch.|5|10:00:00|11:00:00|77 Highland St., Chatham, VA 07928|37.5877276|-77.43494729999998
KING KENNEDY|Location is: Carl B. Stokes Bldg.|3|19:00:00|20:00:00|6001 Woodland Ave., Cleveland, VA 44104|37.43378|-79.16746999999998
6001 BIG BOOK|Location is: Carl B. Stokes Soc. Services M|4|19:00:00|20:00:00|6001 Woodland, Cleveland, VA 44104|37.43378|-79.16746999999998
HOLY REDEEMER CHURCH|Location is: HOLY REDEEMER CHURCH|5|10:00:00|11:00:00|57 HIGHLAND AVE, CHATHAM, VA 07928|37.5877276|-77.43494729999998
SOUTH SIDE DISCUSSION|Location is: Valleyview Club|3|18:00:00|19:00:00|2394 Professor Ave, Cleveland, VA 44113|36.9437185|-82.15180120000002
CHARLTON SUNDAY|Location is: Meridia Huron Rd. Hosp Cafeter|1|14:00:00|15:00:00|13951 Terrace Rd., E. Cleveland, VA 44112|37.0877473|-76.4762915
SPLIT SECOND|Location is: Matt Talbot Inn|4|19:30:00|20:30:00|2270 Professor Ave., Cleveland, VA 44113|36.9437185|-82.15180120000002
IT'S IN THE BOOK|Location is: St. Paul AME Church|2|19:15:00|20:15:00|13004 Liberty Ave., Cleveland, VA 44135|38.0189155|-78.5081884
A WAY OUT|Location is: Terrance Towers-Library|2|18:00:00|19:00:00|15600 Terrace Rd, Cleveland, VA 44112|37.0877473|-76.4762915
JERRY WINANS GROUP|Location is: St. Patrick Hall Big Brothers|7|20:00:00|21:00:00|3602 Bridge, Cleveland, VA 44113|38.2748338|-77.2160144
NEW FREEDOM LEAD & DISCUSSION|Location is: Euclid Foursquare Church|2|12:00:00|13:00:00|18950 Euclid Avenue, Euclid, VA 44117|36.6033999|-82.19508100000002
ENDA MEETING|Location is: ST COLEMENS |5|19:30:00|20:30:00|6900 MADISON , cleveland, VA 44102|36.61649970000001|-82.04373810000004
WEST SIDE ONE DAY AT A TIME|Location is: St. Lukes Luthern Church|3|19:30:00|20:30:00|8601 Sauer, Cleveland, VA 44102|37.5608695|-77.47742870000002
LIVE AND LET LIVE|Location is: St. Lukes Luthern Church|5|20:00:00|21:00:00|8601 Sauer, Cleveland, VA 44102|37.5608695|-77.47742870000002
ANGLE|Location is: St. Malachi School,basement|5|20:30:00|21:30:00|2459 Washington, Cleveland, VA 44113|36.61649970000001|-82.04373810000004
HARRY RYAN|Location is: Stella Maris|1|20:00:00|21:00:00|1320 Washington, Cleveland, VA 44113|38.88873|-77.08969860000002
STELLA MARIS SUNDAY MORNING|Location is: Stella Maris|1|09:30:00|10:30:00|1320 Washington, Cleveland, VA 44113|38.88873|-77.08969860000002
STELLA MARIS LUNCHEON|Location is: Stella Maris|5|12:15:00|13:15:00|1320 Washington, Cleveland, VA 44113|38.88873|-77.08969860000002
STELLA MARIS FRIDAY MEETING|Location is: Stella Maris|6|20:00:00|21:00:00|1320 Washington, Cleveland, VA 44113|38.88873|-77.08969860000002
SATURDAY 12X12|Location is: Stella Maris|7|10:00:00|11:00:00|1320 Washington, Cleveland, VA 44113|38.88873|-77.08969860000002
STELLA MARIS STRAIGHT UP B.B.|Location is: Stella Maris|7|20:00:00|21:00:00|1320 Washington, Cleveland, VA 44113|38.88873|-77.08969860000002
RICHMOND HTS. MONDAY|Location is: St. Felicitas|2|20:00:00|21:00:00|140 Richmond Road, Richmond Hts, VA 44143|37.99371989999999|-78.34721159999998
RICHMOND FRIDAY|Location is: St. Felicitas School|6|20:00:00|21:00:00|140 Richmond Road, Richmond Hts., VA 44143|37.99371989999999|-78.34721159999998
TUESDAY NOON LUNCHEON|Location is: Old Stone Church|3|12:15:00|13:15:00|91 Public Square, Cleveland, VA 44113|36.6871437|-79.8675225
EUCLID THURSDAY|Location is: Bethlehem Lutheran Church|5|19:30:00|20:30:00|24490 Euclid Avenue, Euclid, VA 44117|36.6033999|-82.19508100000002
Union Hill|Location is: Presbyterian church|2|20:00:00|21:00:00|427 Franklin Rd, denville, VA 07834|36.6270347|-79.3887537
LAKEWOOD WEDNESDAY 12 X 12|Location is: Lakewood Pub.Library Mad. Bra|4|19:30:00|20:30:00|13229 Madison Ave., Lakewood, VA 44107|36.6152019|-81.96964100000002
JOURNEY HOME 12X12|Location is: Lakewood Public Library|7|13:00:00|14:00:00|13229 Madison Ave, Lakewood, VA 44107|36.6152019|-81.96964100000002
Fellowship of the Spirit|Location is: Cokesbury United Methodist Church|2|19:00:00|20:00:00|4990 Dorchester Rd., north charleston, VA 29418|38.0293547|-78.44903110000001
WILLOUGHBY SUNDAY|Location is: First Christian Church|1|20:00:00|21:00:00|4249 River St., Willoughby, VA 44094|38.1777875|-79.0487951
WILLOUGHBY TUESDAY|Location is: First Christian Church|3|20:00:00|21:00:00|4249 River St., Willoughby, VA 44094|38.1777875|-79.0487951
WILLOUGHBY WOMEN BIG BOOK|Location is: Willoughby City Hall|4|19:30:00|20:30:00|1 Public Squqre, Willoughby, VA 44094|39.0460857|-77.3495165
SUNDAY NIGHT DISCUSSION|Location is: Liberation church|1|19:00:00|20:00:00|13714 Madison Ave., Lakewood, VA 44107|36.6174408|-81.96347889999998
ALPHA-OMEGA BIG BOOK|Location is: Liberation church|7|22:15:00|23:15:00|13714 Madison Ave., Lakewood, VA 44107|36.6174408|-81.96347889999998
MADISON LIVING SOBER|Location is: Stratton Place|6|20:00:00|21:00:00|33 East Main St., Madison, VA 44057|38.3807963|-78.25716190000003
GRATITUDE FRIDAY|Location is: St. Clement School rear|6|19:00:00|20:00:00|14503 Madison Ave., Lakewood, VA 44107|36.6152019|-81.96964100000002
WESTSIDE CALIFORNIA STYLE|Location is: Gethsemane Lutheran Church|3|20:00:00|21:00:00|14560 Madison Ave. # 1, Lakewood, VA 44107|38.1219543|-78.33535689999997
COURAGE TO CHANGE DISCUSSION|Location is: Gethsemane Lutheran Church|7|19:00:00|20:00:00|14560 Madison Ave., Lakewood, VA 44107|36.6174408|-81.96347889999998
MADISON CROSSROADS|Location is: Crossroads Church|3|20:00:00|21:00:00|6685 Middle Ridge, Madison, VA 44057|38.5045302|-78.47344679999998
Glow in The Dark|Location is: Oak Ridge |1|01:00:00|02:00:00|740 Jefferson Ave, Oak Ridge, VA 37830|38.864901|-77.18872699999997
WEST CLIFTON|Location is: Lakewood Congregational Church|6|21:00:00|22:00:00|1375 W. Clifton, Lakewood, VA 44107|38.7456496|-77.3410859
SUNDAY NIGHT B.B.&12X12 DISC.|Location is: Immaculate Conception Church|1|18:30:00|19:30:00|2846 Hubbard Rd, Madison, VA 44057|36.6764825|-82.04083639999999
WEDNESDAY NITE CLOSED DISCUSSI|Location is: Immaculate Conception Church|4|20:00:00|21:00:00|2846 Hubbard Rd., Madison, VA 44057|36.6764825|-82.04083639999999
PERRY TUESDAY|Location is: Perry Christian Church|3|20:00:00|21:00:00|3566 Center Rd., Perry, VA 44081|37.5160522|-77.46338109999999
FORGIVENESS B.B. STUDY|Location is: Bay Presbyterian Church|2|06:45:00|07:45:00|25415 Lake Road, Bay Village, VA 44140|37.421058|-77.66533559999999
TUESDAY BAY MEN DISCUSSION|Location is: Bay Presbyterian Church|3|06:45:00|07:45:00|25415 Lake Road, Bay Village, VA 44140|37.421058|-77.66533559999999
LAKESIDE DAWN|Location is: Bay Presbyterian Church|4|06:45:00|07:45:00|25415 Lake Rd., Bay Village, VA 44140|37.421058|-77.66533559999999
BAY SUNRISE DISCUSSION|Location is: Bay Presbyterian Church|5|06:45:00|07:45:00|25415 Lake Rd., Bay Village, VA 44140|37.421058|-77.66533559999999
BAY SUNSET|Location is: Bay Presbyterian Church|5|20:00:00|21:00:00|25415 Lake Road, Bay Village, VA 44140|37.421058|-77.66533559999999
DAWN PATROL|Location is: Bay Village Presbyterian Churc|6|06:45:00|07:45:00|25415 Lake, Bay Village, VA 44140|37.4213745|-77.66382229999999
SATURDAY GOOD STUFF|Location is: Bay Presbyterian Church|7|08:00:00|09:00:00|25415 Lake Rd., Bay Village, VA 44140|37.421058|-77.66533559999999
North Augusta|Location is: North Augusta|1|08:00:00|09:00:00|Riverside Blvd, North Augusta, VA 29841|38.19303439999999|-78.99253490000001
North Augusta 9|Location is: North Augusta|1|14:30:00|15:30:00|Riverside Blvd, North Augusta, VA 29841|38.19303439999999|-78.99253490000001
North Augusta 6|Location is: North Augusta|1|20:00:00|21:00:00|Riverside Blvd, North Augusta, VA 29841|38.19303439999999|-78.99253490000001
North Augusta|Location is: North Augusta|2|08:00:00|09:00:00|Riverside Blvd, North Augusta, VA 29841|38.19303439999999|-78.99253490000001
North Augusta 2|Location is: North Augusta|2|14:00:00|15:00:00|Riverside Blvd, North Augusta, VA 29841|38.19303439999999|-78.99253490000001
North Augusta 3|Location is: North Augusta|2|17:30:00|18:30:00|Riverside Blvd, North Augusta, VA 29841|38.19303439999999|-78.99253490000001
North Augusta 4|Location is: North Augusta|2|19:00:00|20:00:00|Riverside Blvd, North Augusta, VA 29841|38.19303439999999|-78.99253490000001
North Augusta|Location is: North Augusta|3|08:00:00|09:00:00|Riverside Blvd, North Augusta, VA 29841|38.19303439999999|-78.99253490000001
North Augusta 2|Location is: North Augusta|3|14:00:00|15:00:00|Riverside Blvd, North Augusta, VA 29841|38.19303439999999|-78.99253490000001
North Augusta 3|Location is: North Augusta|3|17:30:00|18:30:00|Riverside Blvd, North Augusta, VA 29841|38.19303439999999|-78.99253490000001
North Augusta 5|Location is: North Augusta|3|20:30:00|21:30:00|Riverside Blvd, North Augusta, VA 29841|38.19303439999999|-78.99253490000001
North Augusta|Location is: North Augusta|4|08:00:00|09:00:00|Riverside Blvd, North Augusta, VA 29841|38.19303439999999|-78.99253490000001
North Augusta 2|Location is: North Augusta|4|14:00:00|15:00:00|Riverside Blvd, North Augusta, VA 29841|38.19303439999999|-78.99253490000001
North Augusta 3|Location is: North Augusta|4|17:30:00|18:30:00|Riverside Blvd, North Augusta, VA 29841|38.19303439999999|-78.99253490000001
North Augusta 5|Location is: North Augusta|4|20:30:00|21:30:00|Riverside Blvd, North Augusta, VA 29841|38.19303439999999|-78.99253490000001
North Augusta|Location is: North Augusta|5|08:00:00|09:00:00|Riverside Blvd, North Augusta, VA 29841|38.19303439999999|-78.99253490000001
North Augusta 2|Location is: North Augusta|5|14:00:00|15:00:00|Riverside Blvd, North Augusta, VA 29841|38.19303439999999|-78.99253490000001
North Augusta 3|Location is: North Augusta|5|17:30:00|18:30:00|Riverside Blvd, North Augusta, VA 29841|38.19303439999999|-78.99253490000001
North Augusta 6|Location is: North Augusta|5|20:00:00|21:00:00|Riverside Blvd, North Augusta, VA 29841|38.19303439999999|-78.99253490000001
North Augusta|Location is: North Augusta|6|08:00:00|09:00:00|Riverside Blvd, North Augusta, VA 29841|38.19303439999999|-78.99253490000001
North Augusta 2|Location is: North Augusta|6|14:00:00|15:00:00|Riverside Blvd, North Augusta, VA 29841|38.19303439999999|-78.99253490000001
North Augusta 3|Location is: North Augusta|6|17:30:00|18:30:00|Riverside Blvd, North Augusta, VA 29841|38.19303439999999|-78.99253490000001
North Augusta 7|Location is: North Augusta|6|22:30:00|23:30:00|Riverside Blvd, North Augusta, VA 29841|38.19303439999999|-78.99253490000001
North Augusta|Location is: North Augusta|7|08:00:00|09:00:00|Riverside Blvd, North Augusta, VA 29841|38.19303439999999|-78.99253490000001
North Augusta 3|Location is: North Augusta|7|17:30:00|18:30:00|Riverside Blvd, North Augusta, VA 29841|38.19303439999999|-78.99253490000001
North Augusta 4|Location is: North Augusta|7|19:00:00|20:00:00|Riverside Blvd, North Augusta, VA 29841|38.19303439999999|-78.99253490000001
North Augusta 7|Location is: North Augusta|7|22:30:00|23:30:00|Riverside Blvd, North Augusta, VA 29841|38.19303439999999|-78.99253490000001
BAY VIEW SUNDAY|Location is: Bethesda-on-the-Bay Lutheran C|1|19:30:00|20:30:00|28607 Wolf Rd., Bay Village, VA 44140|38.9311981|-77.3335821
ENTIRELY READY|Location is: Bethesda-on-the-Bay Lutheran C|2|20:00:00|21:00:00|28607 Wolf Rd., Bay Village, VA 44140|38.9311981|-77.3335821
WOMEN NEW BEGINNING|Location is: Bethesda-on-the-Bay Lutheran C|3|19:30:00|20:30:00|28607 Wolf Rd., Bay Village, VA 44140|38.9311981|-77.3335821
TUESDAY NITE MEN BIG BOOK DISC|Location is: Bethesda-on-the-Bay Lutheran C|3|20:30:00|21:30:00|28607 Wolf Rd., Bay Village, VA 44140|38.9311981|-77.3335821
T.G.I.F. MEN'S DISCUSSION|Location is: Bethesda-on-the-Bay Lutheran C|6|20:00:00|21:00:00|28607 Wolf Rd., Bay Village, VA 44140|38.9311981|-77.3335821
BAY FIRESIDE|Location is: Bethesda-on-the-Bay Lutheran C|7|20:30:00|21:30:00|28607 Wolf Rd., Bay Village, VA 44140|38.9311981|-77.3335821
AVON BIG BOOK DISCUSSION|Location is: St. Mary's School Hall|2|20:15:00|21:15:00|2640 Stoney Ridge Rd., Avon, VA 44011|38.0012889|-78.49949509999999
LADIES OF THE LAKE|Location is: Bay United Methosidt Church|5|19:30:00|20:30:00|29931 Lake Road, Bay Village, VA 44140|37.421058|-77.66533559999999
ELYRIA ST. MARY'S|Location is: Arid Fellowship Hall|1|20:00:00|21:00:00|1741 N. Ridge Rd., Sheffield, VA 44055|37.362454|-79.16232200000002
MONDAY MORNING LIVE|Location is: Arid Fellowship Center|2|10:30:00|11:30:00|1741 N.Ridge Rd., Sheffield, VA 44055|37.362454|-79.16232200000002
THURSDAY NIGHT ST. AGNES|Location is: Arid Fellowship Hall|5|20:00:00|21:00:00|1741 N. Ridge Rd., Sheffield, VA 44055|37.362454|-79.16232200000002
Hour Of Power|Location is: Lady /Victory|2|07:30:00|08:30:00|230 S. Main, Centerville, VA 45458|37.1345543|-80.53892669999999
Our Lady of Victory|Location is: Our Lady of Victory|7|19:30:00|20:30:00|230 S. Main St., Centerville, VA 45458|37.1345543|-80.53892669999999
OUR LADY OF VICTORY CHURCH 2|Location is: OUR LADY OF VICTORY CHURCH|7|19:30:00|20:30:00|230 S MAIN STREET, CENTERVILLE, VA 45458|37.1345543|-80.53892669999999
OUR LADY OF VICTORY CHURCH|Location is: OUR LADY OF VICTORY CHURCH|2|07:30:00|08:30:00|230 S MAIN STREET, CENTERVILLE, VA 45458|37.1345543|-80.53892669999999
OUR LADY OF VICTORY CHURCH|Location is: OUR LADY OF VICTORY CHURCH|3|07:30:00|08:30:00|230 S MAIN STREET, CENTERVILLE, VA 45458|37.1345543|-80.53892669999999
OUR LADY OF VICTORY CHURCH|Location is: OUR LADY OF VICTORY CHURCH|4|07:30:00|08:30:00|230 S MAIN STREET, CENTERVILLE, VA 45458|37.1345543|-80.53892669999999
OUR LADY OF VICTORY CHURCH|Location is: OUR LADY OF VICTORY CHURCH|5|07:30:00|08:30:00|230 S MAIN STREET, CENTERVILLE, VA 45458|37.1345543|-80.53892669999999
OUR LADY OF VICTORY CHURCH|Location is: OUR LADY OF VICTORY CHURCH|6|07:30:00|08:30:00|230 S MAIN STREET, CENTERVILLE, VA 45458|37.1345543|-80.53892669999999
OUR LADY OF VICTORY CHURCH|Location is: OUR LADY OF VICTORY CHURCH|7|07:30:00|08:30:00|230 S MAIN STREET, CENTERVILLE, VA 45458|37.1345543|-80.53892669999999
Open Big Book|Location is: Edward_s Church|6|18:30:00|19:30:00|297 Main Street?????, NORTHHAMPTON, VA 45502|37.526462|-75.82488000000001
Vision Group|Location is: Christian Church|1|19:00:00|20:00:00|Linden Ave, Newport, VA 41071|38.6594801|-78.4603267
Vision Group|Location is: Vinyard Church basement|1|19:00:00|20:00:00|Linden Ave, Newport, VA 41071|38.6594801|-78.4603267
SOBER SISTERS EAST|Location is: CHURCH OF CHRIST|5|19:00:00|20:00:00|0419 SE 11th St, BELLVUE, VA 41071|38.8638255|-77.05339509999999
tuesday nite 12 &12 group|Location is: promises club|3|20:00:00|21:00:00|116 W 9th St, Newport, VA 41071|36.971923|-76.41113250000001
Under Construction Women&#39;s Meeting|Location is: Southern Hills United Methodist Church|2|17:30:00|18:30:00|2287 South Dixie Drive, dayton, VA 45409|38.4447079|-78.8806027
BEHIND THE WALLS|Location is: GSO OFFICES|1|01:00:00|02:00:00|468 PARK AVE, new york, VA 10016|38.4448341|-78.8837552
12 &12 Study Group|Location is: Valley Camp|3|20:00:00|21:00:00|5325 North North Fork Road, Liberty, VA 42539|38.0343806|-77.16617580000002
Spirit by Fire|Location is: Valley Camp|6|20:00:00|21:00:00|5325 North North Fork Road, Liberty, VA 42539|38.0343806|-77.16617580000002
Big Book Study Group|Location is: Valley Camp|2|20:00:00|21:00:00|5325 North North Fork Road, Liberty, VA 42539|38.0343806|-77.16617580000002
VC Group|Location is: Valley Camp|4|20:00:00|21:00:00|5325 North North Fork Road, Liberty, VA 42539|38.0343806|-77.16617580000002
Sat. Night Campfire|Location is: Valley Camp|7|20:00:00|21:00:00|5325 North North Fork Road, Liberty, VA 42539|38.0343806|-77.16617580000002
SYCAMORE Sunday Night|Location is: United Church of Christ|1|20:00:00|21:00:00|300 S. Sycamore Ave., Sycamore, VA 44882|37.0177166|-79.35035040000002
NORWALK|Location is: St. Paul's Episcopal Church|5|20:30:00|21:30:00|60 East Ave, Valley Stream, VA 11580|37.2378315|-79.9131132
NORWALK|Location is: St. Paul's Episcopal Church|7|20:30:00|21:30:00|60 East Ave, Valley Stream, VA 11580|37.2378315|-79.9131132
NORWALK NO BOOZE|Location is: Congregational Church on the Green|2|20:00:00|21:00:00|59 East Ave, Valley Stream, VA 11580|37.2378315|-79.9131132
Reflections On Sobriety.|Location is: 1st Presbyterian Church|1|19:00:00|20:00:00|14 Front St, Hamilton, VA 45011|38.919085|-78.18609779999997
ELMONT GIVE IT A TRY|Location is: The First Presbyterian Church of Elmont|2|19:00:00|20:00:00|525 Elmont Rd, Elmont, VA 11003|37.719895|-77.49954000000002
ELMONT GIVE IT A TRY|Location is: The First Presbyterian Church of Elmont|5|19:15:00|20:15:00|525 Elmont Rd, Elmont, VA 11003|37.719895|-77.49954000000002
Bayside Hills|Location is: St Roberts Church|5|19:15:00|20:15:00|56-15 213 street, oakland gardens, VA 11364|37.5204559|-78.49486139999999
Bayside Hills|Location is: St Roberts Church|2|19:15:00|20:15:00|56- 213 street, oakland gardens, VA 11364|36.7489763|-80.78784810000002
Forest City Group|Location is: First Presbyterian Church|2|20:00:00|21:00:00|438 W. Main St., Forest City, VA 45843|37.5453481|-77.44817749999999
Up and Out|Location is: Phenix Baptist Church|6|19:00:00|20:00:00|2 Fairview Avenue, Warwick, VA 10990|37.0582037|-76.50086169999997
Springville New Life|Location is: Springville New Life Fellowship Church|6|20:00:00|21:00:00|Park St, Springville, VA 14141|37.1403089|-81.48375799999997
Garen City Group|Location is: Garden City Community Church|6|19:30:00|20:30:00|245 Stewart Avenue, franklin_square, VA 11530|38.0312937|-78.46499610000001
BREWSTER MIDDLEBRANCH RECOVERY    (:II)|Location is: American Legion Hall|5|20:00:00|21:00:00|Pond Rd, Kings Point, VA 11024|37.5152687|-76.82610119999998
CLYDE THURSDAY|Location is: Heritage Hall|5|20:00:00|21:00:00|S. Main St., Clyde, VA 43410|37.53767|-77.43471499999998
SLEEPY HOLLOW MORNING GLORY|Location is: St. Theresa's Church Rectory|3|null|N/A|130 Beekman Ave, Mt Vernon, VA 10553|38.7232241|-77.12572030000001
SLEEPY HOLLOW MORNING GLORY|Location is: St. Theresa's Church Rectory|5|null|N/A|130 Beekman Ave, Mt Vernon, VA 10553|38.7232241|-77.12572030000001
CLYDE CARING & SHARING|Location is: Basement - City Hall Building|4|20:30:00|21:30:00|222 N. Main, Clyde, VA 43410|37.53767|-77.43471499999998
Monroe Meeting|Location is: Firehouse|7|19:00:00|20:00:00|50 South State Street, Monroe, VA 45309|36.7721901|-81.8329814
New Hope|Location is: Wimberly House|2|20:00:00|21:00:00|510 Liberty Street, Waynesboro, VA 30830|38.054564|-79.015714
New Hope|Location is: Wimberly House|6|20:00:00|21:00:00|510 Liberty Street, Waynesboro, VA 30830|38.054564|-79.015714
Waynesboro|Location is: Sacred Heart Church|3|20:00:00|21:00:00|115 S Liberty Street, Waynesboro, VA 30830|38.054564|-79.015714
Waynesboro|Location is: Sacred Heart Church|5|20:00:00|21:00:00|115 S Liberty Street, Waynesboro, VA 30830|38.054564|-79.015714
Clarke Co. Jail|Location is: Clarke Co. Jail|2|19:00:00|20:00:00|3015 Lexington Rd., Clarke, VA 30605|39.1137807|-77.82368819999999
All Together|Location is: Clarke Co. Correctional Inst.|2|19:00:00|20:00:00|2825 County Farm Rd., Clarke, VA 30605|39.10541020000001|-77.98893369999996
Dansville Thursday|Location is: Presbyterian Church|5|19:30:00|20:30:00|3 School St, Dansville, VA 14437|37.1204166|-79.29328429999998
#1 Group|Location is: St. Patricks RC Church|1|20:00:00|21:00:00|235 Glen St, Glen Cove, VA 11542|38.0489291|-78.71141349999999
ODAT|Location is: St. Mark's Lutheran Church House|2|20:00:00|21:00:00|914 E. State St, Fremont, VA 43420|36.8637299|-76.27337599999998
WED. MORNING|Location is: St. Mark's Church|4|10:00:00|11:00:00|914 E. State St., Fremont, VA 43420|36.8637299|-76.27337599999998
FREMONT SUNDAY MORNING|Location is: YMCA|1|10:00:00|11:00:00|1000 N St, Freemont, VA 43420|37.3875676|-79.72593819999997
H.A.L.T. Club|Location is: Gainesville, Ga.|5|20:00:00|21:00:00|Green St, Gainesville, VA 30501|38.9222026|-77.55465140000001
H.A.L.T. Club|Location is: Gainesville, Ga.|2|20:00:00|21:00:00|Green St, Gainesville, VA 30501|38.9222026|-77.55465140000001
H.A.L.T. Club|Location is: Gainesville, Ga.|3|20:00:00|21:00:00|Green St, Gainesville, VA 30501|38.9222026|-77.55465140000001
H.A.L.T. Club|Location is: Gainesville, Ga.|4|20:00:00|21:00:00|Green St, Gainesville, VA 30501|38.9222026|-77.55465140000001
H.A.L.T. Club|Location is: Gainesville, Ga.|6|20:00:00|21:00:00|Green St, Gainesville, VA 30501|38.9222026|-77.55465140000001
H.A.L.T. Club|Location is: Gainesville, Ga.|7|20:00:00|21:00:00|Green St, Gainesville, VA 30501|38.9222026|-77.55465140000001
H.A.L.T. Club|Location is: Gainesville, Ga.|1|20:00:00|21:00:00|Green St, Gainesville, VA 30501|38.9222026|-77.55465140000001
