TRINTY UNITED METH CHURCH|Location is: TRINTY UNITED METH CHURCH|6|19:30:00|20:30:00|Market and Guilford, Huntington, IN 46750|40.8830249|-85.49288289999998
EPWORTH METH. CHURCH|Location is: EPWORTH METH. CHURCH|4|19:00:00|20:00:00|1204 W. CHERRY ST, Bluffton, IN 46714|40.7377453|-85.18518499999999
EPWORTH METH. CHURCH|Location is: EPWORTH METH. CHURCH|7|09:00:00|10:00:00|1204 W. CHERRY ST, Bluffton, IN 46714|40.7377453|-85.18518499999999
Thirsty For Sobriety|Location is: AI-.An Club|5|17:15:00|18:15:00|76I Cass SI., Hamilton, IN 46034|40.1290331|-86.0427626
Sunday Serenity|Location is: AI-.An Club|1|20:00:00|21:00:00|76I Cass SI., Hamilton, IN 46034|40.1290331|-86.0427626
Attitude Adjustment|Location is: AI-.An Club|2|06:45:00|07:45:00|76I Cass SI., Hamilton, IN 46034|40.1290331|-86.0427626
Living Sober|Location is: AI-.An Club|2|12:00:00|13:00:00|76I Cass SI., Hamilton, IN 46034|40.1290331|-86.0427626
BELL RINGERS|Location is: 1st Presbyterian Church|2|20:00:00|21:00:00|108 E. Washington St, Monroe, IN 46772|40.7449913|-84.93857809999997
LAMP POST GROUP|Location is: The Chapel|6|20:00:00|21:00:00|2505 w. Hamilton Rd at Covington, Ft. Wayne, IN 46814|41.061149|-85.30871200000001
WAYNEDALE GROUP|Location is: Waynedale Methodist Church|5|19:30:00|20:30:00|2501 Church St  & Old Trail Rd, Ft. Wayne, IN 46809|41.016698|-85.17177190000001
WAYNEDALE STEP GROUP|Location is: Waynedale Methodist Church|2|19:00:00|20:00:00|2501 Church St, Ft. Wayne, IN 46809|41.01631|-85.17087800000002
EASY DOES IT|Location is: Hope United Methodist Church|2|19:00:00|20:00:00|Highway 27 S & Hoagland  Rd., Ft. Wayne, IN 46745|40.9629305|-85.03373920000001
Attitude Adjustment|Location is: AI-.An Club|5|06:45:00|07:45:00|76I Cass SI., Princeton, IN 46947|40.7807397|-86.37821980000001
Just For Today|Location is: AI-.An Club|5|12:00:00|13:00:00|76I Cass SI., Princeton, IN 46947|40.7807397|-86.37821980000001
12 & 12|Location is: AI-.An Club|5|20:00:00|21:00:00|76I Cass SI., Princeton, IN 46947|40.7807397|-86.37821980000001
Attitude Adjustment|Location is: AI-.An Club|6|06:45:00|07:45:00|76I Cass SI., Princeton, IN 46947|40.7807397|-86.37821980000001
Listen & Learn|Location is: AI-.An Club|6|12:00:00|13:00:00|76I Cass SI., Princeton, IN 46947|40.7807397|-86.37821980000001
Happy Hour Group|Location is: AI-.An Club|6|17:15:00|18:15:00|76I Cass SI., Princeton, IN 46947|40.7807397|-86.37821980000001
Acceptance Too|Location is: Acceptance Too|2|14:30:00|15:30:00|12755 W. Cedar Dr. (Ch), Lakewood, IN 46809|41.0400837|-85.18405100000001
ALDERSGATE DISC. GROUP|Location is: Aldersgate Church|2|19:30:00|20:30:00|2417 Getz Rd, Ft. Wayne, IN 46804|41.062622|-85.21856300000002
12+12 STUDY GROUP|Location is: Aldersgate Church|3|19:30:00|20:30:00|2417 Getz Rd, Ft. Wayne, IN 46804|41.062622|-85.21856300000002
BIG BOOK STUDY GROUP|Location is: Aldersgate Church|5|18:00:00|19:00:00|2417 Getz Rd., Ft. Wayne, IN 46804|41.062622|-85.21856300000002
WOMEN?S  DAY BY DAY GRP.|Location is: Unitarian Church|5|10:30:00|11:30:00|5310 Old Mill Rd., Ft. Wayne, IN 46807|41.034735|-85.15140500000001
BUCKLEY|Location is: St. John ?s Providence House|4|19:30:00|20:30:00|4501 Arlington Ave at Pasadena, Ft. Wayne, IN 46807|41.0431566|-85.14555940000002
ADDICTIVE SYNDROME|Location is: First Christian Church|2|20:00:00|21:00:00|4800 S. Calhoun St.., Ft. Wayne, IN 46807|41.03976|-85.13760100000002
ADDICTIVE SYNDROME|Location is: First Christian Church|4|20:00:00|21:00:00|4800 S. Calhoun St., Ft. Wayne, IN 46807|41.03976|-85.13760100000002
ADDICTIVE SYNDROME|Location is: First Christian Church|6|20:00:00|21:00:00|4800 S. Calhoun St., Ft. Wayne, IN 46807|41.03976|-85.13760100000002
A NEW BEGINNING|Location is: Trier Ridge Church|2|19:30:00|20:30:00|7501 Hessen Cassel at Tillman, Ft. Wayne, IN 46816|41.01712|-85.09500400000002
Thursday night open discussion|Location is: Grace Lutheran Church|5|19:30:00|20:30:00|Main St., columbia city, IN 46725|41.15209|-85.48802419999998
WESTSIDE GROUP|Location is: St. Joseph?s Catholic|6|19:30:00|20:30:00|Brooklyn at Hale, Ft. Wayne, IN 46802|41.0640899|-85.16525209999998
ONE DAY AT A TIME GROUP|Location is: Sacred Heart School|1|19:00:00|20:00:00|Capitol  & Gaywood, Ft. Wayne, IN 46806|41.0417293|-85.12259159999996
1st CHURCH OF GOD|Location is: 1st CHURCH OF GOD|4|19:30:00|20:30:00|1200 De Puy St., Columbia City, IN |41.15726859999999|-85.4883127
LOGANSPORT RECOVERY|Location is: LOGANSPORT RECOVERY|1|19:00:00|20:00:00|113 N 3RD STREET, LOGANSPORT, IN 46947|40.7548576|-86.36766469999998
LOGANSPORT RECOVERY|Location is: LOGANSPORT RECOVERY|5|20:00:00|21:00:00|113 N 3RD STREET, LOGANSPORT, IN 46947|40.7548576|-86.36766469999998
FEED AND SEED GROUP|Location is: Doty Rd. @ Milan Center Rd.|3|19:30:00|20:30:00|Doty Rd. @ Milan Center Rd., Ft. Wayne, IN 46818|41.1330107|-85.33283660000001
CHANGE OF HEART Group|Location is: Freedom House|1|19:00:00|20:00:00|806 Walnut, Ft. Wayne, IN 46802|41.06697930000001|-85.14922279999996
JUST STAY GROUP|Location is: Freedom House|3|19:30:00|20:30:00|806 Walnut, Ft. Wayne, IN 46802|41.06697930000001|-85.14922279999996
JUST STAY GROUP|Location is: Freedom House|5|12:00:00|13:00:00|806 Walnut, Ft. Wayne, IN 46802|41.06697930000001|-85.14922279999996
CHANGE OF HEART|Location is: Freedom House|5|19:30:00|20:30:00|806 Walnut, Ft. Wayne, IN 46802|41.06697930000001|-85.14922279999996
JUST STAY GROUP|Location is: Freedom House|7|10:00:00|11:00:00|806 Walnut, Ft. Wayne, IN 46802|41.06697930000001|-85.14922279999996
HOPE HOUSE MEETING|Location is: Hope House|1|15:00:00|16:00:00|1115 Garden St., Ft. Wayne, IN 46802|41.073072|-85.15614499999998
HOPE HOUSE GROUP|Location is: Hope House|7|13:00:00|14:00:00|1115 Garden Street, Ft. Wayne, IN 46802|41.073072|-85.15614499999998
SOUTH ANTHONY GRP|Location is: Bethlehem Luth  Church|5|19:00:00|20:00:00|3705 S.Anthony, Ft. Wayne, IN 46806|41.051936|-85.111651
SOUTH ANTHONY GRP|Location is: Bethlehem Luth  Church|7|19:00:00|20:00:00|3705 S.Anthony, Ft. Wayne, IN 46806|41.051936|-85.111651
STEPHOUSE SPEAKER MTG|Location is: The Thirteen Step House Inc.|1|08:00:00|09:00:00|1317 W. Washington BLVD, Fort Wayne, IN |41.074312|-85.15592300000003
WAY OF LIFE GROUP|Location is: The Thirteen Step House Inc.|2|12:00:00|13:00:00|1317 W. Washington BLVD, Fort Wayne, IN |41.074312|-85.15592300000003
Living Sober Book/Discussion|Location is: The Thirteen Step House Inc.|3|12:00:00|13:00:00|1317 W. Washington BLVD, Fort Wayne, IN |41.074312|-85.15592300000003
Big Book/Discussion|Location is: The Thirteen Step House Inc.|3|19:00:00|20:00:00|1317 W. Washington BLVD, Fort Wayne, IN |41.074312|-85.15592300000003
MORNING DISCUSSION GROUP|Location is: The Thirteen Step House Inc.|4|12:00:00|13:00:00|1317 W. Washington BLVD, Fort Wayne, IN |41.074312|-85.15592300000003
HARBOR LIGHT GROUP Speaker|Location is: The Thirteen Step House Inc.|4|20:00:00|21:00:00|1317 W. Washington BLVD, Fort Wayne, IN |41.074312|-85.15592300000003
KEY TO SOBRIETY|Location is: The Thirteen Step House Inc.|5|12:00:00|13:00:00|1317 W. Washington BLVD, Fort Wayne, IN |41.074312|-85.15592300000003
LUNCHEON GROUP|Location is: The Thirteen Step House Inc.|6|12:30:00|13:30:00|1317 W. Washington BLVD, Fort Wayne, IN |41.074312|-85.15592300000003
HARVESTER GROUP|Location is: The Thirteen Step House Inc.|6|20:00:00|21:00:00|1317 W. Washington BLVD, Fort Wayne, IN |41.074312|-85.15592300000003
901 BIG BOOK GROUP|Location is: GE Union Hall|5|16:00:00|17:00:00|1427 Broadway, Ft. Wayne, IN 46802|41.071796|-85.14824599999997
BASIC TEXT GRP|Location is: St John?s Luth Church|5|19:00:00|20:00:00|729 W.Washington, Ft. Wayne, IN 46802|41.07570940000001|-85.1487808
UP THE STEPS|Location is: Plymouth Congregational Chr.|1|13:00:00|14:00:00|501 W. Berry St., Ft. Wayne, IN 46802|41.0782846|-85.14599199999998
UP THE STEPS|Location is: Plymouth Congregational Chr.|3|18:30:00|19:30:00|501 W. Berry St., Ft. Wayne, IN 46802|41.0782846|-85.14599199999998
MON NITE WOMEN?S GROUP|Location is: First Presbyterian Church|2|19:30:00|20:30:00|W. Wayne at Webster Sts, Ft. Wayne, IN 46802|41.0777621|-85.14241800000002
CENTRAL GROUP|Location is: First Presbyterian Church|3|20:30:00|21:30:00|W. Wayne at Webster, Ft. Wayne, IN 46802|41.0777621|-85.14241800000002
GRAPEVINE MEETING|Location is: First Presbyterian Church|4|20:00:00|21:00:00|W. Wayne at Webster, Ft. Wayne, IN 46802|41.0777621|-85.14241800000002
FREEDOM FROM BONDAGE|Location is: Grace Presbyterian Church|1|18:30:00|19:30:00|1811 Fairhill Rd. @ Cherokee Rd., Ft. Wayne, IN 46808|41.09211519999999|-85.16502700000001
DAILY REFLECTIONS GROUP|Location is: Club Oaasis|1|09:30:00|10:30:00|1118 Spring St, Ft. Wayne, IN 46808|41.0889838|-85.15693420000002
GRAPENUTS GRAPEVINE DISC.|Location is: Club Oaasis|1|14:00:00|15:00:00|1118 Spring St, Ft. Wayne, IN 46808|41.0889838|-85.15693420000002
OPEN DOOR MEETING|Location is: Club Oaasis|1|19:30:00|20:30:00|1118 Spring St, Ft. Wayne, IN 46808|41.0889838|-85.15693420000002
TRAILS END GROUP|Location is: Club Oaasis|2|10:00:00|11:00:00|1118 Spring St, Ft. Wayne, IN 46808|41.0889838|-85.15693420000002
GOD ALWAYS  PROVIDES|Location is: Club Oaasis|2|18:00:00|19:00:00|1118 Spring St, Ft. Wayne, IN 46808|41.0889838|-85.15693420000002
SOBRIETY  GROUP|Location is: Club Oaasis|2|20:00:00|21:00:00|1118 Spring St, Ft. Wayne, IN 46808|41.0889838|-85.15693420000002
Better Late Than  Never Group|Location is: Club Oaasis|2|22:30:00|23:30:00|1118 Spring St, Ft. Wayne, IN 46808|41.0889838|-85.15693420000002
TRAILS END GROUP|Location is: Club Oaasis|3|10:00:00|11:00:00|1118 Spring St, Ft. Wayne, IN 46808|41.0889838|-85.15693420000002
WAY HOME GROUP|Location is: Club Oaasis|3|19:30:00|20:30:00|1118 Spring St, Ft. Wayne, IN 46808|41.0889838|-85.15693420000002
TRAILS END GROUP|Location is: Club Oaasis|4|10:00:00|11:00:00|1118 Spring St, Ft. Wayne, IN 46808|41.0889838|-85.15693420000002
Speak Easy Group|Location is: Club Oaasis|4|18:00:00|19:00:00|1118 Spring St, Ft. Wayne, IN 46808|41.0889838|-85.15693420000002
TROUBLE SHOOTER GROUP|Location is: Club Oaasis|4|20:00:00|21:00:00|1118 Spring St, Ft. Wayne, IN 46808|41.0889838|-85.15693420000002
TRAILS END GROUP|Location is: Club Oaasis|5|10:00:00|11:00:00|1118 Spring St, Ft. Wayne, IN 46808|41.0889838|-85.15693420000002
Women?s Say Yes To Life|Location is: Club Oaasis|5|18:00:00|19:00:00|1118 Spring St, Ft. Wayne, IN 46808|41.0889838|-85.15693420000002
HAPPY TRAILS GROUP|Location is: Club Oaasis|5|20:00:00|21:00:00|1118 Spring St, Ft. Wayne, IN 46808|41.0889838|-85.15693420000002
TRAILS END GROUP|Location is: Club Oaasis|6|10:00:00|11:00:00|1118 Spring St, Ft. Wayne, IN 46808|41.0889838|-85.15693420000002
HAPPY HOUR GROUP|Location is: Club Oaasis|6|18:00:00|19:00:00|1118 Spring St, Ft. Wayne, IN 46808|41.0889838|-85.15693420000002
FRIDAY DISCUSSION GROUP|Location is: Club Oaasis|6|20:00:00|21:00:00|1118 Spring St, Ft. Wayne, IN 46808|41.0889838|-85.15693420000002
Better Late Than  Never Group|Location is: Club Oaasis|6|22:30:00|23:30:00|1118 Spring St, Ft. Wayne, IN 46808|41.0889838|-85.15693420000002
OLD TIMERS GROUP|Location is: Club Oaasis|7|10:00:00|11:00:00|1118 Spring St, Ft. Wayne, IN 46808|41.0889838|-85.15693420000002
SECOND CHANCE|Location is: Club Oaasis|7|00:00:00|01:00:00|1118 SPRING, Ft. Wayne, IN 46808|41.0889838|-85.15693420000002
WE AGNOSTICS|Location is: Club Oaasis|7|13:30:00|14:30:00|1118 Spring St, Ft. Wayne, IN 46808|41.0889838|-85.15693420000002
BIG BOOK WITH JOE & CHARLIE|Location is: Club Oaasis|7|17:00:00|18:00:00|1118 SPRING, Ft. Wayne, IN 46808|41.0889838|-85.15693420000002
CAME TO BELIEVE GROUP|Location is: Club Oaasis|7|21:00:00|22:00:00|1118 SPRING, Ft. Wayne, IN 46808|41.0889838|-85.15693420000002
EARLY SATURDAY NIGHT|Location is: Wayne St. Methodist Church.|7|19:00:00|20:00:00|East Wayne at Lafayette, Ft. Wayne, IN 46802|41.0790143|-85.13451850000001
BACK TO BASICS|Location is: Rose Home|5|19:00:00|20:00:00|2208 Wayne Trace, Ft. Wayne, IN 46803|41.0683296|-85.10899119999999
BLOOMINGDALE GROUP|Location is: Trinity Methodist Church|1|19:30:00|20:30:00|Putnam at Short St., Ft. Wayne, IN 46808|41.0915819|-85.14837269999998
Hope Alive|Location is: 1747 North Wells St.|2|19:30:00|20:30:00|1747 North Wells St., Ft. Wayne, IN 46808|41.091486|-85.146116
Big Book Study Group|Location is: Hope Alive, Inc.|2|19:30:00|20:30:00|1747 N Wells St., fort_wayne, IN 46808|41.091486|-85.146116
BIG BOOK STUDY|Location is: Leonard?s|1|09:00:00|10:00:00|2018 North Clinton St, Ft. Wayne, IN 46805|41.093251|-85.13961499999999
12&12 DISCUSSION MEETING|Location is: Leonard?s|2|00:00:00|01:00:00|2018 North Clinton St, Ft. Wayne, IN 46805|41.093251|-85.13961499999999
THE HOW MEETING|Location is: Leonard?s|3|19:00:00|20:00:00|2018 North Clinton St, Ft. Wayne, IN 46805|41.093251|-85.13961499999999
BIG BOOK DISCUSSION|Location is: Leonard?s|4|00:00:00|01:00:00|2018 North Clinton St, Ft. Wayne, IN 46805|41.093251|-85.13961499999999
RECOVERY LANE DISCUSSION|Location is: Leonard?s|4|19:00:00|20:00:00|2018 North Clinton St, Ft. Wayne, IN 46805|41.093251|-85.13961499999999
THE COURAGE GROUP|Location is: Leonard?s|5|19:00:00|20:00:00|2018 North Clinton St, Ft. Wayne, IN 46805|41.093251|-85.13961499999999
DISCUSSION MEETING|Location is: Leonard?s|6|00:00:00|01:00:00|2018 North Clinton St, Ft. Wayne, IN 46805|41.093251|-85.13961499999999
SOLUTIONS IN RECOVERY|Location is: Leonard?s|6|19:00:00|20:00:00|2018 North Clinton St, Ft. Wayne, IN 46805|41.093251|-85.13961499999999
Monday Night AA|Location is: Saint James Church|2|19:30:00|20:30:00|Bundy Ave & St Rd 3, New Castle, IN 47362|39.928935|-85.37024759999997
Careing & Shareing|Location is: Saint James Church|6|19:30:00|20:30:00|Bundy Ave & St Rd 3, New Castle, IN 47362|39.928935|-85.37024759999997
NORTH SIDE GROUP|Location is: Crescent Ave United Methodist|1|20:00:00|21:00:00|Crescent at Tennessee, Ft. Wayne, IN 46805|41.0894223|-85.12339610000004
JUST FOR TODAY|Location is: Salem United Church of Christ|3|12:30:00|13:30:00|2401 Lake  Ave., Ft. Wayne, IN 46805|41.090493|-85.10702600000002
JUST FOR TODAY|Location is: Salem United Church of Christ|4|12:30:00|13:30:00|2401 Lake  Ave, Ft. Wayne, IN 46805|41.090493|-85.10702600000002
JUST FOR TODAY|Location is: Salem United Church of Christ|5|12:30:00|13:30:00|2401 Lake Ave, Ft. Wayne, IN 46805|41.090493|-85.10702600000002
EARLYBIRD GRAPEVINE MTG.|Location is: VA Hospital|1|07:30:00|08:30:00|2121 Lake Avenue, Fort Wayne, IN 46805-5100|41.089977|-85.107979
FRESH START (5 STEP GRP) |Location is: English Hall  (Parkview Hosp.)|7|08:30:00|09:30:00|Randallia Dr, Fort Wayne, IN 46805|41.0936409|-85.11142510000002
THERE IS A SOLUTION|Location is: Parkview Behavioral Center|3|19:30:00|20:30:00|1720 Beacon Street, Ft. Wayne, IN 46805|41.091906|-85.10185100000001
12 STEPS FOR TEENS|Location is: Parkview Behavioral Center|5|18:00:00|19:00:00|1720 Beacon Street, Ft. Wayne, IN 46805|41.091906|-85.10185100000001
BUILDING A NEW LIFE|Location is: Carpenters Union Hall|3|19:00:00|20:00:00|1520 Profit Dr., Ft. Wayne, IN 46808|41.126782|-85.16345000000001
NO LEFT TURN GRP|Location is: Bagel Station|6|13:00:00|14:00:00|3009 E. State, Ft. Wayne, IN 46805|41.0973035|-85.10071779999998
NEW HAVEN CANAL GROUP|Location is: Joy Fellowship Church|6|19:30:00|20:30:00|109 Moeller Rd., New Haven, IN 46806|41.055575|-85.02996689999998
GREATER  POWER GROUP|Location is: Unity Church|2|19:30:00|20:30:00|3232 Crescent Ave., Ft. Wayne, IN 46805|41.1070459|-85.11296700000003
HOW IT WORKS GROUP|Location is: Parish Center|2|19:30:00|20:30:00|1522 Inwood Dr, Ft. Wayne, IN 46815|41.091086|-85.08648900000003
BEGINNERS GROUP|Location is: Parish Center|3|19:00:00|20:00:00|1522 Inwood Dr., Ft. Wayne, IN 46815|41.091086|-85.08648900000003
BIG BOOK DISCUSSION GRP|Location is: St. Judes Church|4|19:30:00|20:30:00|ENTRY on Pemberton, South of State Blvd., Ft. Wayne, IN |41.079273|-85.13935129999999
JUST FOR TODAY|Location is: VA Hosp|1|15:00:00|16:00:00|Lake at Randallia, Ft. Wayne, IN |41.0897391|-85.1112129
MON NITE VETS GROUP|Location is: VA Hosp|2|19:00:00|20:00:00|Lake at Randallia, Ft. Wayne, IN |41.0897391|-85.1112129
NORTHEAST GROUP|Location is: St Vincent?s Youth Center|2|19:30:00|20:30:00|White House Auburn & Wallen Roads, Ft. Wayne, IN |41.079273|-85.13935129999999
MEN?S DISC. GROUP|Location is: Sacred Heart Church|3|19:30:00|20:30:00|Capital & Gaywood, Ft. Wayne, IN |41.079273|-85.13935129999999
FORT WAYNE DISC GROUP|Location is: Parkview Hospital|5|19:30:00|20:30:00|Randallia Dr., Ft. Wayne, IN |41.0936409|-85.11142510000002
STEPPING STONES GROUP|Location is: Messiah Lutheran - Parish Center|6|19:30:00|20:30:00|7211 Lahmeyer @ Stellhorn, Ft. Wayne, IN |41.079273|-85.13935129999999
FRESH START|Location is: Parkview Hospital|7|08:30:00|09:30:00|Randallia Dr., Ft. Wayne, IN |41.0936409|-85.11142510000002
JUST FOR TODAY GROUP|Location is: VA Hosp|7|15:00:00|16:00:00|Lake at Randallia, Ft. Wayne, IN |41.0897391|-85.1112129
OPEN DISCUSSION GROUP|Location is: City Hall|6|19:30:00|20:30:00|815 Lincoln Hwy E, New Haven, IN 46774|41.0702353|-85.01828929999999
BIG BOOK Study|Location is: Canterbury Green Clubhouse|5|19:30:00|20:30:00|2727 Canterbury Blvd., Ft. Wayne, IN 46835|41.124387|-85.10523899999998
INTO ACTION GROUP|Location is: Blackhawk Church|4|17:30:00|18:30:00|7400 East State, Ft. Wayne, IN 46815|41.1043779|-85.04533600000002
Young Persons Meeting|Location is: St. Joseph United Meth. Church|5|20:00:00|21:00:00|6004 Reed Road, Ft. Wayne, IN 46835|41.135663|-85.08103699999998
First Parish|Location is: First Parish|5|19:30:00|20:30:00|391 Bay Rd., Rte. 1A, Hamilton, IN 46038|40.1398781|-86.01670949999999
Speak-EZ GROUP|Location is: Covenant United Meth. Church|6|19:30:00|20:30:00|10001 Coldwater Rd., Ft. Wayne, IN 46825|41.17317389999999|-85.13190459999998
MON NITE 12+12 STUDY|Location is: St. Albans Church|2|19:30:00|20:30:00|7308 St. Joe Rd, Ft. Wayne, IN 46835|41.151263|-85.08208400000001
PARKVIEW NORTH|Location is: MEDICAL OFFICE BLDG.|1|19:00:00|20:00:00|DUPONT RD.@I-69, Ft. Wayne, IN 46845|41.1780914|-85.14069899999998
Methodist Church|Location is: Methodist Church|3|19:30:00|20:30:00|750 N. MAIN, Churubusco, IN 46723|41.23782|-85.32273199999997
WAYOUT FELLOWSHIP|Location is: Allen County Work Release|5|19:30:00|20:30:00|12535 Lima Road, Ft. Wayne, IN 46818|41.199516|-85.17027050000002
New Freedom Found|Location is: Fairbanks Hospital|4|18:30:00|19:30:00|Clervista pkwy, indianapolis, IN 46256|39.9051042|-86.03949390000002
AA EARLY START GROUP|Location is: Union Chapel Church|2|09:00:00|10:00:00|12628 Coldwater Road, Ft. Wayne, IN 46845|41.198934|-85.13225
AA EARLY START GROUP|Location is: Union Chapel Church|3|09:00:00|10:00:00|12628 Coldwater Road, Ft. Wayne, IN 46845|41.198934|-85.13225
AA EARLY START GROUP|Location is: Union Chapel Church|4|09:00:00|10:00:00|12628 Coldwater Road, Ft. Wayne, IN 46845|41.198934|-85.13225
AA EARLY START GROUP|Location is: Union Chapel Church|5|09:00:00|10:00:00|12628 Coldwater Road, Ft. Wayne, IN 46845|41.198934|-85.13225
AA EARLY START GROUP|Location is: Union Chapel Church|6|09:00:00|10:00:00|12628 Coldwater Road, Ft. Wayne, IN 46845|41.198934|-85.13225
Early Starts Group|Location is: Union Chapel (Basement)|2|09:00:00|10:00:00|12628 Coldwater Rd., fort_wayne, IN 46845|41.198934|-85.13225
AA EARLY START GROUP|Location is: Union Chapel Church|7|01:00:00|02:00:00|12628 Coldwater Road, Ft. Wayne, IN 46845|41.198934|-85.13225
Under New Management Group|Location is: Union Chapel Church|7|19:30:00|20:30:00|Coldwater Rd & Union Chapel, Ft. Wayne, IN 46845|41.1998012|-85.13286069999998
Sunlight of the Spirit Women's Group|Location is: 1st Baptist Church|6|12:00:00|13:00:00|8600 North College, Indianapolis, IN 46240|39.915365|-86.14747
Women's AA Way of Life|Location is: 1st Baptist Church|4|12:00:00|13:00:00|8600 North College, Indianapolis, IN 46240|39.915365|-86.14747
Women's Big Book Study Group|Location is: 1st Baptist Church|2|12:00:00|13:00:00|8600 North College, Indianapolis, IN 46240|39.915365|-86.14747
Saturday Morning Promises (Women)|Location is: Hope Evangelical Covenant Church|7|09:00:00|10:00:00|8615 Spring Mill Road, Indianapolis, IN 46240|39.912971|-86.16415
It Works How and Why|Location is: Zionsville Christian Church|3|19:30:00|20:30:00|120 N. 9th St., zionsville, IN 46077|39.9507228|-86.27125819999998
CEDAR CREEK GROUP|Location is: North Leo Mennonite Church|6|19:30:00|20:30:00|State Rd. 1, Leo, IN 46741|41.2504826|-84.96226680000001
We Agnostics|Location is: Carvel Club|5|18:30:00|19:30:00|4627 Carvel Avenue, indianapolis, IN 46205|39.840941|-86.13874599999997
OverComers Unanimous|Location is: Indianapolis|6|19:00:00|20:00:00|2201 N. Columbia Av., indianapolis, IN 46205|39.7977582|-86.1368182
Into Action Cocaine Anonymous|Location is: Indianapolis|1|17:00:00|18:00:00|947 N Pennsylvania St, Indianapolis, IN 46204|39.7804519|-86.15532300000001
SERENITY HOUSE 3|Location is: SERENITY HOUSE|1|10:00:00|11:00:00|2438 C.R.50, Auburn, IN 46706|41.34371489999999|-85.07640409999999
SERENITY HOUSE|Location is: SERENITY HOUSE|2|00:00:00|01:00:00|2438 C.R.50, Auburn, IN 46706|41.34371489999999|-85.07640409999999
SERENITY HOUSE 2|Location is: SERENITY HOUSE|2|19:00:00|20:00:00|2438 C.R.50, Auburn, IN 46706|41.34371489999999|-85.07640409999999
SERENITY HOUSE|Location is: SERENITY HOUSE|3|00:00:00|01:00:00|2438 C.R.50, Auburn, IN 46706|41.34371489999999|-85.07640409999999
SERENITY HOUSE 2|Location is: SERENITY HOUSE|3|19:00:00|20:00:00|2438 C.R.50, Auburn, IN 46706|41.34371489999999|-85.07640409999999
SERENITY HOUSE|Location is: SERENITY HOUSE|4|00:00:00|01:00:00|2438 C.R.50, Auburn, IN 46706|41.34371489999999|-85.07640409999999
SERENITY HOUSE 2|Location is: SERENITY HOUSE|4|19:00:00|20:00:00|2438 C.R.50, Auburn, IN 46706|41.34371489999999|-85.07640409999999
SERENITY HOUSE|Location is: SERENITY HOUSE|5|00:00:00|01:00:00|2438 C.R.50, Auburn, IN 46706|41.34371489999999|-85.07640409999999
SERENITY HOUSE 2|Location is: SERENITY HOUSE|5|19:00:00|20:00:00|2438 C.R.50, Auburn, IN 46706|41.34371489999999|-85.07640409999999
SERENITY HOUSE|Location is: SERENITY HOUSE|6|00:00:00|01:00:00|2438 C.R.50, Auburn, IN 46706|41.34371489999999|-85.07640409999999
SERENITY HOUSE 2|Location is: SERENITY HOUSE|6|19:00:00|20:00:00|2438 C.R.50, Auburn, IN 46706|41.34371489999999|-85.07640409999999
SERENITY HOUSE 2|Location is: SERENITY HOUSE|7|19:00:00|20:00:00|2438 C.R.50, Auburn, IN 46706|41.34371489999999|-85.07640409999999
Harbour Light 123|Location is: 2400 Tibbs Ave.|3|20:00:00|21:00:00|Indpls, IN, Indianapolis, IN |39.7149748|-86.2962134
We Can Recover|Location is: Lighthouse Recovery Home|1|20:30:00|21:30:00|, , IN |40.2671941|-86.13490189999999
We Can Recover|Location is: Lighthouse Recovery Home|2|20:30:00|21:30:00|, , IN |40.2671941|-86.13490189999999
We Can Recover|Location is: Lighthouse Recovery Home|3|20:30:00|21:30:00|, , IN |40.2671941|-86.13490189999999
We Can Recover|Location is: Lighthouse Recovery Home|4|20:30:00|21:30:00|, , IN |40.2671941|-86.13490189999999
We Can Recover|Location is: Lighthouse Recovery Home|5|20:30:00|21:30:00|, , IN |40.2671941|-86.13490189999999
We Can Recover|Location is: Lighthouse Recovery Home|6|20:30:00|21:30:00|, , IN |40.2671941|-86.13490189999999
We Can Recover|Location is: Lighthouse Recovery Home|7|20:30:00|21:30:00|, , IN |40.2671941|-86.13490189999999
Open Hand Group|Location is: St. Andrews Church|4|20:00:00|21:00:00|2560 Villa Ave, indianapolis, IN 46203|39.73072|-86.12534
UNITED METH. CHURCH|Location is: UNITED METH. CHURCH|6|11:00:00|12:00:00|1203 E. 7th, Auburn, IN 46706|41.366552|-85.03843599999999
1ST. PRES.  CHURCH|Location is: 1ST. PRES.  CHURCH|2|08:00:00|09:00:00|State & Williams, Kendallville, IN |41.4414384|-85.26497540000003
1ST. PRES.  CHURCH 2|Location is: 1ST. PRES.  CHURCH|2|20:00:00|21:00:00|State & Williams, Kendallville, IN |41.4414384|-85.26497540000003
1ST. PRES.  CHURCH 2|Location is: 1ST. PRES.  CHURCH|3|20:00:00|21:00:00|State & Williams, Kendallville, IN |41.4414384|-85.26497540000003
1ST. PRES.  CHURCH 3|Location is: 1ST. PRES.  CHURCH|4|11:00:00|12:00:00|State & Williams, Kendallville, IN |41.4414384|-85.26497540000003
1ST. PRES.  CHURCH 2|Location is: 1ST. PRES.  CHURCH|5|20:00:00|21:00:00|State & Williams, Kendallville, IN |41.4414384|-85.26497540000003
1ST. PRES.  CHURCH 2|Location is: 1ST. PRES.  CHURCH|7|20:00:00|21:00:00|State & Williams, Kendallville, IN |41.4414384|-85.26497540000003
FIRST UNITED METHODIST CHURCH|Location is: FIRST UNITED METHODIST CHURCH|2|10:00:00|11:00:00|CENTER AND ADAMS, PLYMOUTH, IN 46563|41.342258|-86.31653
FIRST UNITED METHODIST CHURCH 2|Location is: FIRST UNITED METHODIST CHURCH|2|20:00:00|21:00:00|CENTER AND ADAMS, PLYMOUTH, IN 46563|41.342258|-86.31653
FIRST UNITED METHODIST CHURCH|Location is: FIRST UNITED METHODIST CHURCH|3|10:00:00|11:00:00|CENTER AND ADAMS, PLYMOUTH, IN 46563|41.342258|-86.31653
FIRST UNITED METHODIST CHURCH 3|Location is: FIRST UNITED METHODIST CHURCH|3|19:00:00|20:00:00|CENTER AND ADAMS, PLYMOUTH, IN 46563|41.342258|-86.31653
FIRST UNITED METHODIST CHURCH|Location is: FIRST UNITED METHODIST CHURCH|4|10:00:00|11:00:00|CENTER AND ADAMS, PLYMOUTH, IN 46563|41.342258|-86.31653
FIRST UNITED METHODIST CHURCH 2|Location is: FIRST UNITED METHODIST CHURCH|4|20:00:00|21:00:00|CENTER AND ADAMS, PLYMOUTH, IN 46563|41.342258|-86.31653
FIRST UNITED METHODIST CHURCH|Location is: FIRST UNITED METHODIST CHURCH|5|10:00:00|11:00:00|CENTER AND ADAMS, PLYMOUTH, IN 46563|41.342258|-86.31653
FIRST UNITED METHODIST CHURCH|Location is: FIRST UNITED METHODIST CHURCH|6|10:00:00|11:00:00|CENTER AND ADAMS, PLYMOUTH, IN 46563|41.342258|-86.31653
FIRST UNITED METHODIST CHURCH|Location is: FIRST UNITED METHODIST CHURCH|7|10:00:00|11:00:00|CENTER AND ADAMS, PLYMOUTH, IN 46563|41.342258|-86.31653
FIRST UNITED METHODIST CHURCH 2|Location is: FIRST UNITED METHODIST CHURCH|7|20:00:00|21:00:00|CENTER AND ADAMS, PLYMOUTH, IN 46563|41.342258|-86.31653
ST THOMAS PARISH|Location is: ST THOMAS PARISH|1|19:00:00|20:00:00|ADAMS AND CENTER ST, PLYMOUTH, IN 46563|41.342545|-86.31065539999997
LAFAYETTE NEW HOPE GROUP|Location is: 907 Sycamore St|3|13:00:00|14:00:00|Vallen Rdige Mental Health Center (Basement), Lafayette, IN |40.4167022|-86.87528689999999
LAFAYETTE NEW HOPE GROUP|Location is: 907 Sycamore St|6|13:00:00|14:00:00|Vallen Rdige Mental Health Center (Basement), Lafayette, IN |40.4167022|-86.87528689999999
Step Sisters -Lafayette|Location is: Step Sisters -Lafayette|4|14:00:00|15:00:00|1241 Ceres Dr. (Ch), Lafayette, IN |40.4167022|-86.87528689999999
UNITED CHURCH OF CHRIST|Location is: UNITED CHURCH OF CHRIST|6|20:00:00|21:00:00|CORNER OF SHERMAN AND CENTER, BREMEN, IN 46506|41.4440495|-86.14648729999999
FRIENDLY RD GROUP|Location is: LOVES UNITED METHODIST CHURCH|6|20:00:00|21:00:00|3020 MAIN STREET, WALKERTON, IN 46574|41.411069|-86.40389900000002
Saturday Serenity Group|Location is: Amity Church|7|09:00:00|10:00:00|100 N & Mt. Comfort Rd, greenfield, IN 46142|39.6196709|-86.16500239999999
111 Spring st.|Location is: 111 Spring st.|1|08:00:00|09:00:00|111 Spring st., LAGRANGE, IN 46761|41.643671|-85.418743
TUESDAY NIGHTERS|Location is: TRINITY CHURCH|3|19:30:00|20:30:00|61770 MIAMI ROAD, SOUTH BEND, IN 46614|41.594884|-86.23339299999998
SERENITY GROUP|Location is: LITTLE FLOWER CHURCH|4|19:00:00|20:00:00|54191 N IRONWOOD, SOUTH BEND, IN 46614|41.6295359|-86.21558579999999
Mens Group|Location is: Holy Family Espiscopal Church|5|19:30:00|20:30:00|909 S Darling St, Angola, IN 46703|41.6260608|-85.0038616
SCOTTS FIRESIDE|Location is: ST JUDES|5|19:30:00|20:30:00|19704 JOHNSON ROAD, SOUTH BEND, IN 46614|41.6208199|-86.29270009999999
ODD COUPLE|Location is: OSCEOLA UNITED METHODIST CHURCH|3|20:00:00|21:00:00|431 N BEECH ROAD, OSCEOLA, IN 46561|41.6675632|-86.08042219999999
12 AND 12 GROUP|Location is: ST PAUL EPISCOPAL CHURCH|3|19:30:00|20:30:00|CORNER OF CEDAR AND LINCOLNWAY E, MISHAWAKA, IN |41.6633742|-86.09975800000001
Buckeye Group|Location is: St Anthoneys Catholic Church|7|11:00:00|12:00:00|700 W Maumee, angola, IN 46703|41.6349445|-85.00592929999999
1ST.CONG.CHURCH|Location is: 1ST.CONG.CHURCH|2|19:30:00|20:30:00|314 W. MAUMEE, Angola, IN 46703|41.635011|-85.00244399999997
1ST.CONG.CHURCH|Location is: 1ST.CONG.CHURCH|3|19:30:00|20:30:00|314 W. MAUMEE, Angola, IN 46703|41.635011|-85.00244399999997
1ST.CONG.CHURCH|Location is: 1ST.CONG.CHURCH|6|19:30:00|20:30:00|314 W. MAUMEE, Angola, IN 46703|41.635011|-85.00244399999997
Open Speaker Metting|Location is: CAMERON HOSP.|7|20:00:00|21:00:00|416 E MAUMEE, Angola, IN 46703|41.6348751|-84.99560180000003
UNITED METH. CHURCH|Location is: UNITED METH. CHURCH|2|19:00:00|20:00:00|3RD. ST., Howe, IN |41.7199368|-85.42021920000002
AUGGIES|Location is: FIRST BAPTIST CHURCH|2|19:30:00|20:30:00|3010 S IRONWOOD DR, SOUTH BEND, IN 46614|41.6397448|-86.21556880000003
DEER RUN CHURCH|Location is: DEER RUN CHURCH|5|19:00:00|20:00:00|2730 IRONWOOD, SOUTH BEND, IN 46614|41.6464283|-86.21439459999999
BIRDS OF A FEATHER|Location is: ST ANDREWS CHURCH|5|19:30:00|20:30:00|UNION AND 4TH, MISHAWAKA, IN 46544|41.6591266|-86.17689100000001
ALATEEN|Location is: ST ANDREWS CHURCH|5|20:00:00|21:00:00|UNION AND 4TH, MISHAWAKA, IN 46544|41.6591266|-86.17689100000001
MISHAWAKA SAT NIGHT LIVE|Location is: ST ANDREWS CHURCH|7|20:00:00|21:00:00|UNION AND 4TH, MISHAWAKA, IN 46544|41.6591266|-86.17689100000001
AS BILL SEES IT|Location is: FIRST UNITED METHODIST CHURCH|1|19:30:00|20:30:00|201 E 3RD ST, MISHAWAKA, IN 46544|41.659818|-86.178448
MONDAY NIGHT STEP|Location is: GRACE METHODIST CHURCH|2|19:30:00|20:30:00|3012 S TWYCKENHAM DR, SOUTH BEND, IN 46614|41.6431907|-86.23261719999999
GRACE FELLOWSHIP GROUP|Location is: GRACE METHODIST CHURCH|6|19:30:00|20:30:00|3012 TWYCKENHAM, SOUTH BEND, IN 46614|41.6431907|-86.23261719999999
NOON TIMERS|Location is: MISHAWAKA PUBLIC LIBRARY|3|12:00:00|13:00:00|209 LINCOLNWAY EAST, MISHAWAKA, IN 46544|41.6606189|-86.17858000000001
WILLOW CREEK STEPS|Location is: WILLOW CREEK STEPS|4|19:30:00|20:30:00|14040 E JEFFERSON, MISHAWAKA, IN 46545|41.6733086|-86.13979810000001
WILLOW CREEK STEPS|Location is: WILLOW CREEK STEPS|6|20:00:00|21:00:00|14040 E JEFFERSON, MISHAWAKA, IN 46545|41.6733086|-86.13979810000001
ALL BRITE BIG BOOK GROUP|Location is: ST MONICA CHURCH|2|19:30:00|20:30:00|222 W MISHAWAKA AVE, MISHAWAKA, IN 46545|41.666657|-86.18395299999997
NEW DAY GROUP|Location is: AREA HALL|2|10:00:00|11:00:00|1438 EAST CALVERT ST, SOUTH BEND, IN 46613|41.65457|-86.226066
STEPPING STONES|Location is: FAITH UNITED METHODIST|3|19:30:00|20:30:00|802 E EWING, SOUTH BEND, IN 46613|41.650913|-86.23920369999996
SUNDAY TOPIC GROUP|Location is: FAITH UNITED METHODIST|1|19:30:00|20:30:00|EWING AND HIGH ST, SOUTH BEND, IN 46613|41.65092600000001|-86.239237
FRIDAY NIGHT SOBRIETY|Location is: OUR LADY OF HUNGARY|6|20:00:00|21:00:00|829 1/2 CALVERT ST, SOUTH BEND, IN 46613|41.654758|-86.23798499999998
ST MATTHEWS|Location is: ST MATTHEW'S|5|19:30:00|20:30:00|1701 MIAMI ST, SOUTH BEND, IN 46613|41.6571236|-86.23498039999998
IVY GROUP|Location is: RIVER PARK LIBRARY|5|17:00:00|18:00:00|2022 E MISHAWAKA AVE, SOUTH BEND, IN 46615|41.6657144|-86.21728769999999
SLOW STEPS YOUNG PEOPLE’S GROUP|Location is: JUVENILE JUSTICE CENTER|5|19:30:00|20:30:00|1000 S MICHIGAN ST, SOUTH BEND, IN 46601|41.6647136|-86.25008600000001
CENTER FOR THE HOMELESS DISCUSSION GROUP|Location is: CENTER FOR THE HOMELESS DISCUSSION GROUP|5|19:00:00|20:00:00|813 S MICHIGAN, SOUTH BEND, IN 46601|41.66601929999999|-86.25015989999997
SUNRISE GROUP|Location is: SUNRISE GROUP|1|06:30:00|07:30:00|747 S MICHIGAN, SOUTH BEND, IN 46601|41.6667321|-86.2501785
SUNRISE GROUP|Location is: SUNRISE GROUP|7|06:30:00|07:30:00|747 S MICHIGAN, SOUTH BEND, IN 46601|41.6667321|-86.2501785
HOPE GROUP|Location is: HOPE GROUP|3|17:30:00|18:30:00|532 S MICHIGAN, SOUTH BEND, IN 46601|41.6705329|-86.25022489999998
WAKE UP CALL|Location is: FELLOWSHIP HOUSE|2|08:00:00|09:00:00|432 LAFAYETTE, SOUTH BEND, IN 46601|41.67126469999999|-86.25335359999997
MISTIS HOPE|Location is: FELLOWSHIP HOUSE|3|07:00:00|08:00:00|432 LAFAYETTE, SOUTH BEND, IN 46601|41.67126469999999|-86.25335359999997
MISTIS HOPE|Location is: FELLOWSHIP HOUSE|4|07:00:00|08:00:00|432 LAFAYETTE, SOUTH BEND, IN 46601|41.67126469999999|-86.25335359999997
MISTIS HOPE|Location is: FELLOWSHIP HOUSE|6|07:00:00|08:00:00|432 LAFAYETTE, SOUTH BEND, IN 46601|41.67126469999999|-86.25335359999997
MISTIS HOPE|Location is: HOPE FAMILY CENTER|5|07:00:00|08:00:00|423 LAFAYETTE, SOUTH BEND, IN 46601|41.6719896|-86.25351009999997
CALIFORNIA GROUP|Location is: UNITY CHURCH|2|20:00:00|21:00:00|905 E COLFAX, SOUTH BEND, IN 46617|41.67785010000001|-86.2383079
DUCOMB CENTER|Location is: DUCOMB CENTER|4|19:00:00|20:00:00|1015 E MADISON, SOUTH BEND, IN 46617|41.6805743|-86.23666709999998
M AND M BIG BOOK MEETING|Location is: ST JOSEPH CLINIC|2|12:10:00|13:10:00|326 CHAPIN ST, SOUTH BEND, IN 46601|41.6726392|-86.2613508
SOBRIETY WITHOUT END|Location is: ST JOSEPH CLINIC|3|12:00:00|13:00:00|326 CHAPIN ST, SOUTH BEND, IN 46601|41.6726392|-86.2613508
M AND M TOPIC|Location is: ST JOSEPH CLINIC|6|11:30:00|12:30:00|326 CHAPIN ST, SOUTH BEND, IN 46601|41.6726392|-86.2613508
GRUPO ARMINSTAD|Location is: ST ADALBERTS|2|18:00:00|19:00:00|2420 HURON ST, SOUTH BEND, IN 46619|41.67021829999999|-86.28353870000001
HAPPY LUNCH BUNCH|Location is: QUIET CARE|4|12:10:00|13:10:00|533 N NILES, SOUTH BEND, IN 46617|41.6835439|-86.24462740000001
STEP BY STEP|Location is: CHRISTIAN REFORMED CHURCH|2|17:15:00|18:15:00|1855 HICKORY, SOUTH BEND, IN 46545|41.700906|-86.19737900000001
SUNDAY REFLECTIONS|Location is: BROWNIES|1|10:30:00|11:30:00|616 PIERCE ST, SOUTH BEND, IN 46616|41.6846025|-86.25862319999999
PIERCE STEP STUDY GROUP|Location is: BROWNIES|2|20:00:00|21:00:00|616 PIERCE ST, SOUTH BEND, IN 46616|41.6846025|-86.25862319999999
FRIENDSHIP GROUP|Location is: BROWNIES|5|20:00:00|21:00:00|616 PIERCE ST, SOUTH BEND, IN 46616|41.6846025|-86.25862319999999
FRIENDSHIP GROUP|Location is: BROWNIES|7|20:00:00|21:00:00|616 PIERCE ST, SOUTH BEND, IN 46616|41.6846025|-86.25862319999999
Green Group|Location is: Holy Cross|1|10:10:00|11:10:00|54515 State Road 933 North, south bend, IN |41.7086252|-86.25029159999997
THOUGHT FOR THE DAY|Location is: THOUGHT FOR THE DAY|2|17:30:00|18:30:00|1402 LINCOLNWAY WEST, SOUTH BEND, IN 46628|41.6845426|-86.2711352
BIG BOOK|Location is: THOUGHT FOR THE DAY|5|17:30:00|18:30:00|1402 LINCOLNWAY WEST, SOUTH BEND, IN 46628|41.6845426|-86.2711352
CANDLELIGHT|Location is: THOUGHT FOR THE DAY|7|20:00:00|21:00:00|1402 LINCOLNWAY WEST, SOUTH BEND, IN 46628|41.6845426|-86.2711352
WEST PARK MEETING|Location is: WES PARK|5|16:00:00|17:00:00|5024 WESTERN AVE, SOUTH BEND, IN 46619|41.6717883|-86.3178729
NEW FREEDOM GROUP|Location is: Little Flower Church|2|17:30:00|18:30:00|54191 Ironwood, SOUTH BEND, IN |41.61485589999999|-86.21548610000002
HOLY FAMILY GROUP|Location is: HOLY FAMILY GROUP|4|19:30:00|20:30:00|MAYFLOWER ROAD AND WESTERN, SOUTH BEND, IN 46619|41.6717932|-86.32212500000003
50 MIN DISCUSSION|Location is: NOTRE DAME|6|12:00:00|13:00:00|ST LIAM HALL, SOUTH BEND, IN 46637|41.7043814|-86.23817400000001
KEEP IT SIMPLE|Location is: ST PIUS CHURCH|5|09:00:00|10:00:00|52553 FIR ROAD, GRANGER, IN 46530|41.7310943|-86.15880049999998
ST PIUS CHURCH|Location is: ST PIUS CHURCH|6|19:00:00|20:00:00|52553 FIR ROAD, GRANGER, IN 46530|41.7310943|-86.15880049999998
OLD GROUP|Location is: ARDMORE WESLEYAN CHURCH|2|20:00:00|21:00:00|55555 MOSS ROAD, SOUTH BEND, IN 46628|41.6854494|-86.3148572
ARDMORE GROUP|Location is: ARDMORE WESLEYAN CHURCH|6|20:00:00|21:00:00|55555 MOSS ROAD, SOUTH BEND, IN 46628|41.6854494|-86.3148572
RUTS|Location is: CHRIST THE KING LUTHERAN CHURCH|6|19:30:00|20:30:00|17195 CLEVELAND ROAD, SOUTH BEND, IN 46635|41.7237593|-86.2014049
T GROUP|Location is: Clay Church / South Campus|3|17:30:00|18:30:00|17646 Cleveland Road, South Bend, IN 46635-1382|41.7236032|-86.20935380000003
CLEVELAND ROAD GROUP|Location is: Clay Church / South Campus|5|19:30:00|20:30:00|17646 Cleveland Road, South Bend, IN 46635-1382|41.7236032|-86.20935380000003
Dry Noon Group|Location is: First Congregational Church|2|00:00:00|01:00:00|494 E Main St., Hillsboro, IN 47949|40.1065712|-87.15547879999997
Dry Noon Group|Location is: First Congregational Church|4|00:00:00|01:00:00|494 E Main St., Hillsboro, IN 47949|40.1065712|-87.15547879999997
Dry Noon Group|Location is: First Congregational Church|5|00:00:00|01:00:00|494 E Main St., Hillsboro, IN 47949|40.1065712|-87.15547879999997
Dry Noon Group|Location is: First Congregational Church|6|00:00:00|01:00:00|494 E Main St., Hillsboro, IN 47949|40.1065712|-87.15547879999997
Hillsboro Friday Night|Location is: First Congregational Church|6|20:00:00|21:00:00|494 E Main St., Hillsboro, IN 47949|40.1065712|-87.15547879999997
Main Street Group|Location is: First Congregational Church|2|19:00:00|20:00:00|494 E. Main St, Hillsboro, IN 47949|40.1065712|-87.15547879999997
Dry Noon Group|Location is: First Congregational Church|3|00:00:00|01:00:00|494 E. Main St, Hillsboro, IN 47949|40.1065712|-87.15547879999997
Old Group|Location is: Oak Tree Community Church|2|20:00:00|21:00:00|23624 Lynn St, south bend, IN 46628|41.6953196|-86.3249553
MOOSE GROUP|Location is: WESTMINSTER PRESBYTERIAN|3|19:30:00|20:30:00|1501 W CLEVELAND ROAD, SOUTH BEND, IN 46628|41.7237467|-86.27508660000001
HEALTHWIN HOSPITAL|Location is: HEALTHWIN HOSPITAL|2|20:00:00|21:00:00|20531 DARDEN ROAD, SOUTH BEND, IN 46637|41.7305722|-86.2656182
Greencastle Presbyterian|Location is: Greencastle, IN|1|19:30:00|20:30:00|653 S County Road 100 East, Greencastle, IN 46135|39.6516028|-86.8317073
UNITED METHODIST CHURCH|Location is: UNITED METHODIST CHURCH|4|19:00:00|20:00:00|US 20 AND 350 EAST, ROLLING PRAIRIE, IN |41.659531|-86.637855
UNITED METHODIST CHURCH|Location is: UNITED METHODIST CHURCH|1|18:00:00|19:00:00|US 20 AND 350 EAST, ROLLING PRAIRIE, IN |41.659531|-86.637855
12 STEP AWARENESS|Location is: 124 15th St.|4|19:30:00|20:30:00|124 15th St., Southeast, IN 46310|41.1879785|-87.19772949999998
12 STEP AWARENESS|Location is: 124 15th St.|6|19:30:00|20:30:00|124 15th St., Southeast, IN 46310|41.1879785|-87.19772949999998
Freedom to Live|Location is: Grange Hall|7|19:30:00|20:30:00|931 Main St, Westport, IN 47283|39.175642|-85.58374800000001
One Day At A Time|Location is: One Day At A Time|2|17:30:00|18:30:00|418 N 'A' St, First Christian Church, Springfield, IN |41.7153192|-86.7775264
Springfield Study Group|Location is: One Day At A Time|3|19:00:00|20:00:00|418 N 'A' St, First Christian Church, Springfield, IN |41.7153192|-86.7775264
There Is A Solution|Location is: One Day At A Time|4|17:30:00|18:30:00|418 N 'A' St, First Christian Church, Springfield, IN |41.7153192|-86.7775264
Springfield Men's Stag|Location is: One Day At A Time|4|19:00:00|20:00:00|418 N 'A' St, First Christian Church, Springfield, IN |41.7153192|-86.7775264
Voyager's Group|Location is: One Day At A Time|5|20:00:00|21:00:00|418 N 'A' St, First Christian Church, Springfield, IN |41.7153192|-86.7775264
One Day At A Time|Location is: One Day At A Time|5|17:30:00|18:30:00|418 N 'A' St, First Christian Church, Springfield, IN |41.7153192|-86.7775264
Women in the Solution|Location is: One Day At A Time|7|10:00:00|11:00:00|418 N 'A' St, First Christian Church, Springfield, IN |41.7153192|-86.7775264
ABC Group|Location is: One Day At A Time|7|20:00:00|21:00:00|418 N 'A' St, First Christian Church, Springfield, IN |41.7153192|-86.7775264
Freedom Of Choice Group|Location is: Freedom Of Choice Group|3|19:30:00|20:30:00|1369 'B' St, Hope Lutheran Church, Springfield, IN |41.7153192|-86.7775264
Spencer Under Construction|Location is: Jesus Our Savior Catholic Church|5|20:00:00|21:00:00|326 N. Main St., Spencer, IN 47460|39.2888044|-86.76256619999998
Solution Seekers|Location is: First Presbyterian Church|3|19:00:00|20:00:00|6625 Lute Road, portage, IN 46368|41.5578217|-87.16340609999997
Solution Seekers|Location is: First Presbyterian Church|5|19:00:00|20:00:00|6625 Lute Road, portage, IN 46368|41.5578217|-87.16340609999997
Steps to Serenity|Location is: Nativity of Mary Catholic Church|5|20:00:00|21:00:00|9900 Lyndale Av S Door 1 NorthSide, Bloomington, IN |39.165325|-86.52638569999999
Chip of a Book group|Location is: PRA|3|18:00:00|19:00:00|2173 stormy street, portage, IN 46368|41.5888219|-87.170504
New Freedom|Location is: Our Lady of Christian Help|7|19:00:00|20:00:00|575 Wash. St., Base., Newton, IN |40.9703076|-87.4207518
New way of Life|Location is: Portage Recovery Association|3|20:00:00|21:00:00|2758 Willowdale Road, Portage, IN 46368-2844|41.5729475|-87.20241220000003
New way of Life|Location is: Portage Recovery Association|2|20:00:00|21:00:00|2758 Willowdale Road, Portage, IN 46368-2844|41.5729475|-87.20241220000003
New way of Life|Location is: Portage Recovery Association|4|20:00:00|21:00:00|2758 Willowdale Road, Portage, IN 46368-2844|41.5729475|-87.20241220000003
New way of Life|Location is: Portage Recovery Association|5|20:00:00|21:00:00|2758 Willowdale Road, Portage, IN 46368-2844|41.5729475|-87.20241220000003
New way of Life|Location is: Portage Recovery Association|6|20:00:00|21:00:00|2758 Willowdale Road, Portage, IN 46368-2844|41.5729475|-87.20241220000003
New way of Life|Location is: Portage Recovery Association|7|20:00:00|21:00:00|2758 Willowdale Road, Portage, IN 46368-2844|41.5729475|-87.20241220000003
New way of Life|Location is: Portage Recovery Association|1|20:00:00|21:00:00|2758 Willowdale Road, Portage, IN 46368-2844|41.5729475|-87.20241220000003
Chip of a book big book study|Location is: PRA|5|20:00:00|21:00:00|2758 willowdale road, portage, IN 46368|41.5729475|-87.20241220000003
New way of Life|Location is: Portage|2|10:30:00|11:30:00|2758 Willowdale Rd, portage, IN 46368|41.5729475|-87.20241220000003
Happy Joyous & Smoke Free|Location is: Kroll Bldg|1|10:00:00|11:00:00|Main Street, hobart, IN 46342|41.5302335|-87.2537628
Grassroots|Location is: St.Bridgets Church|3|20:00:00|21:00:00|130 Center St., hobart, IN 46342|41.5341746|-87.25481719999999
Gary Young People|Location is: St Michael&#39;s Church|4|20:00:00|21:00:00|Broadway & 57th St, merrillville, IN 46410|41.5145997|-87.33611859999996
last frontiers|Location is: emmanuel presbyterian church|1|19:00:00|20:00:00|E Hwy 330, Griffith, IN 46319|41.4916934|-87.41339449999998
Gary Young People|Location is: St Michael&#39;s Church|4|20:00:00|21:00:00|Merrillville, merrillville, IN 46319|41.5225639|-87.39905290000002
First One of the Day|Location is: Immanuel Presbyterian|7|08:00:00|09:00:00|140 W. US Hwy 30, schererville, IN 46375|41.4823452|-87.43710550000003
Dyer Straights|Location is: Dyer Presbyterian Ch|4|19:00:00|20:00:00| 2501 Hart St, Dyer, IN 46311|41.48574|-87.51765599999999
Dyer Straights|Location is: Dyer Presbyterian Ch|4|07:00:00|08:00:00|2501 Hart St, Dyer, IN 46311|41.48574|-87.51765599999999
MARTHA LAKE GROUP|Location is: FIRST BAPTIST CHURCH|2|20:00:00|21:00:00|17319 Larch Way, LYNWOOD, IN 46321|41.5418359|-87.50670409999998
Plymouth Rock|Location is: Plymouth Cong Ch|5|20:00:00|21:00:00| 1845 Stanton, Whiting, IN 46394|41.679412|-87.50585699999999
404 E. Main St.|Location is: 404 E. Main St.|2|12:00:00|13:00:00|404 E. Main St., MADISON, IN 47250|38.736081|-85.37557300000003
404 E. Main St.|Location is: 404 E. Main St.|4|12:00:00|13:00:00|404 E. Main St., MADISON, IN 47250|38.736081|-85.37557300000003
404 E. Main St.|Location is: 404 E. Main St.|6|12:00:00|13:00:00|404 E. Main St., MADISON, IN 47250|38.736081|-85.37557300000003
Dopeless Hope Fiends|Location is: Henderson Rd.|1|20:00:00|21:00:00|Henderson, columbus, IN |39.1634399|-85.7916902
3rd Step/Gratitude|Location is: Hazelden Office|1|08:30:00|09:30:00|, , IN |40.2671941|-86.13490189999999
Indoor Beach Step|Location is: Hazelden Office|1|10:00:00|11:00:00|, , IN |40.2671941|-86.13490189999999
Nooners|Location is: Hazelden Office|1|12:00:00|13:00:00|, , IN |40.2671941|-86.13490189999999
11th Step|Location is: Hazelden Office|1|02:00:00|03:00:00|, , IN |40.2671941|-86.13490189999999
60 Minutes|Location is: Hazelden Office|1|07:00:00|08:00:00|, , IN |40.2671941|-86.13490189999999
Sunday Nite Step|Location is: Hazelden Office|1|07:30:00|08:30:00|, , IN |40.2671941|-86.13490189999999
Women's 12&12 Meeting|Location is: Hazelden Office|2|07:00:00|08:00:00|, , IN |40.2671941|-86.13490189999999
The 7:15 Early Meeting|Location is: Hazelden Office|2|07:15:00|08:15:00|, , IN |40.2671941|-86.13490189999999
Dawners|Location is: Hazelden Office|2|07:30:00|08:30:00|, , IN |40.2671941|-86.13490189999999
North Michigan|Location is: Hazelden Office|2|07:30:00|08:30:00|, , IN |40.2671941|-86.13490189999999
Nooners|Location is: Hazelden Office|2|12:10:00|13:10:00|, , IN |40.2671941|-86.13490189999999
Rigorously Honest Women's Gp|Location is: Hazelden Office|2|12:10:00|13:10:00|, , IN |40.2671941|-86.13490189999999
Monday Noon|Location is: Hazelden Office|2|12:15:00|13:15:00|, , IN |40.2671941|-86.13490189999999
Steps to Sobriety|Location is: Hazelden Office|2|12:15:00|13:15:00|, , IN |40.2671941|-86.13490189999999
Mid-Afternooners|Location is: Hazelden Office|2|03:30:00|04:30:00|, , IN |40.2671941|-86.13490189999999
Afternooners|Location is: Hazelden Office|2|05:30:00|06:30:00|, , IN |40.2671941|-86.13490189999999
AA Beginners Share|Location is: Hazelden Office|2|06:00:00|07:00:00|, , IN |40.2671941|-86.13490189999999
Open to Change|Location is: Hazelden Office|2|06:15:00|07:15:00|, , IN |40.2671941|-86.13490189999999
Men's Working Step|Location is: Hazelden Office|2|07:30:00|08:30:00|, , IN |40.2671941|-86.13490189999999
The 7:15 Early Meeting|Location is: Hazelden Office|3|07:15:00|08:15:00|, , IN |40.2671941|-86.13490189999999
Dawners|Location is: Hazelden Office|3|07:30:00|08:30:00|, , IN |40.2671941|-86.13490189999999
North Michigan|Location is: Hazelden Office|3|07:30:00|08:30:00|, , IN |40.2671941|-86.13490189999999
Tuesday Board|Location is: Hazelden Office|3|12:00:00|13:00:00|, , IN |40.2671941|-86.13490189999999
Nooners|Location is: Hazelden Office|3|12:10:00|13:10:00|, , IN |40.2671941|-86.13490189999999
Michigan Bridge|Location is: Hazelden Office|3|12:15:00|13:15:00|, , IN |40.2671941|-86.13490189999999
Mid-Afternooners|Location is: Hazelden Office|3|03:30:00|04:30:00|, , IN |40.2671941|-86.13490189999999
Afternooners|Location is: Hazelden Office|3|05:30:00|06:30:00|, , IN |40.2671941|-86.13490189999999
Chicago Beginners|Location is: Hazelden Office|3|07:00:00|08:00:00|, , IN |40.2671941|-86.13490189999999
The 7:15 Early Meeting|Location is: Hazelden Office|4|07:15:00|08:15:00|, , IN |40.2671941|-86.13490189999999
Dawners|Location is: Hazelden Office|4|07:30:00|08:30:00|, , IN |40.2671941|-86.13490189999999
North Michigan|Location is: Hazelden Office|4|07:30:00|08:30:00|, , IN |40.2671941|-86.13490189999999
Board Mid-Week|Location is: Hazelden Office|4|12:00:00|13:00:00|, , IN |40.2671941|-86.13490189999999
Step-Tradition Mtg|Location is: Hazelden Office|4|12:00:00|13:00:00|, , IN |40.2671941|-86.13490189999999
Nooners|Location is: Hazelden Office|4|12:10:00|13:10:00|, , IN |40.2671941|-86.13490189999999
Big Book Text Study|Location is: Hazelden Office|4|12:15:00|13:15:00|, , IN |40.2671941|-86.13490189999999
Mid-Afternooners|Location is: Hazelden Office|4|03:30:00|04:30:00|, , IN |40.2671941|-86.13490189999999
Afternooners|Location is: Hazelden Office|4|05:30:00|06:30:00|, , IN |40.2671941|-86.13490189999999
As Bill Sees It Responsibility #1|Location is: Hazelden Office|4|05:45:00|06:45:00|, , IN |40.2671941|-86.13490189999999
Keep It Simple Big Book|Location is: Hazelden Office|4|06:30:00|07:30:00|, , IN |40.2671941|-86.13490189999999
Meditations on Change|Location is: Hazelden Office|4|06:30:00|07:30:00|, , IN |40.2671941|-86.13490189999999
Sobriety Must Come First BB|Location is: Hazelden Office|4|06:30:00|07:30:00|, , IN |40.2671941|-86.13490189999999
Womens Big Book Step|Location is: Hazelden Office|5|07:00:00|08:00:00|, , IN |40.2671941|-86.13490189999999
The 7:15 Early Meeting|Location is: Hazelden Office|5|07:15:00|08:15:00|, , IN |40.2671941|-86.13490189999999
Dawners|Location is: Hazelden Office|5|07:30:00|08:30:00|, , IN |40.2671941|-86.13490189999999
North Michigan|Location is: Hazelden Office|5|07:30:00|08:30:00|, , IN |40.2671941|-86.13490189999999
Nooners|Location is: Hazelden Office|5|12:10:00|13:10:00|, , IN |40.2671941|-86.13490189999999
3rd & 11th Step Mtg|Location is: Hazelden Office|5|12:15:00|13:15:00|, , IN |40.2671941|-86.13490189999999
Mid-Afternooners|Location is: Hazelden Office|5|03:30:00|04:30:00|, , IN |40.2671941|-86.13490189999999
Afternooners|Location is: Hazelden Office|5|05:30:00|06:30:00|, , IN |40.2671941|-86.13490189999999
Time For Life|Location is: Hazelden Office|5|05:45:00|06:45:00|, , IN |40.2671941|-86.13490189999999
Women's Way|Location is: Hazelden Office|5|06:00:00|07:00:00|, , IN |40.2671941|-86.13490189999999
Chestnut Street|Location is: Hazelden Office|5|08:00:00|09:00:00|, , IN |40.2671941|-86.13490189999999
Pacific Midwest|Location is: Hazelden Office|5|08:00:00|09:00:00|, , IN |40.2671941|-86.13490189999999
The 7:15 Early Meeting|Location is: Hazelden Office|6|07:15:00|08:15:00|, , IN |40.2671941|-86.13490189999999
Dawners|Location is: Hazelden Office|6|07:30:00|08:30:00|, , IN |40.2671941|-86.13490189999999
North Michigan|Location is: Hazelden Office|6|07:30:00|08:30:00|, , IN |40.2671941|-86.13490189999999
Friday Board|Location is: Hazelden Office|6|12:00:00|13:00:00|, , IN |40.2671941|-86.13490189999999
One Day At A Time|Location is: Hazelden Office|6|12:00:00|13:00:00|, , IN |40.2671941|-86.13490189999999
Nooners|Location is: Hazelden Office|6|12:10:00|13:10:00|, , IN |40.2671941|-86.13490189999999
Mid-Afternooners|Location is: Hazelden Office|6|03:30:00|04:30:00|, , IN |40.2671941|-86.13490189999999
Beginners|Location is: Hazelden Office|6|04:30:00|05:30:00|, , IN |40.2671941|-86.13490189999999
Afternooners|Location is: Hazelden Office|6|05:30:00|06:30:00|, , IN |40.2671941|-86.13490189999999
Step|Location is: Hazelden Office|6|05:30:00|06:30:00|, , IN |40.2671941|-86.13490189999999
Chicago Open Newcomers'|Location is: Hazelden Office|6|06:00:00|07:00:00|, , IN |40.2671941|-86.13490189999999
Between the Covers Story Hour|Location is: Hazelden Office|6|07:00:00|08:00:00|, , IN |40.2671941|-86.13490189999999
Chicago Open|Location is: Hazelden Office|6|07:00:00|08:00:00|, , IN |40.2671941|-86.13490189999999
Big Book Club|Location is: Hazelden Office|7|07:15:00|08:15:00|, , IN |40.2671941|-86.13490189999999
Getting' Up Grp (BYO Beverage)|Location is: Hazelden Office|7|08:30:00|09:30:00|, , IN |40.2671941|-86.13490189999999
Speaker Meeting|Location is: Hazelden Office|7|09:00:00|10:00:00|, , IN |40.2671941|-86.13490189999999
Magnificent Mile (BYO Beverage)|Location is: Hazelden Office|7|10:00:00|11:00:00|, , IN |40.2671941|-86.13490189999999
Open Nooners|Location is: Hazelden Office|7|12:00:00|13:00:00|, , IN |40.2671941|-86.13490189999999
First 164 Pages|Location is: Hazelden Office|7|05:30:00|06:30:00|, , IN |40.2671941|-86.13490189999999
Bughouse Square|Location is: Hazelden Office|7|07:00:00|08:00:00|, , IN |40.2671941|-86.13490189999999
Old School Speaker Mtg|Location is: Hazelden Office|7|07:00:00|08:00:00|, , IN |40.2671941|-86.13490189999999
Lucky to Be Alive|Location is: Hazelden Office|7|07:30:00|08:30:00|, , IN |40.2671941|-86.13490189999999
Never Took a Legal Drink|Location is: Hazelden Office|7|20:30:00|21:30:00|, , IN |40.2671941|-86.13490189999999
Chatham VI (Step and Discussion)|Location is: Hazelden Office|6|08:00:00|09:00:00|, , IN |40.2671941|-86.13490189999999
Sober Not Somber|Location is: Hazelden Office|2|06:30:00|07:30:00|, , IN |40.2671941|-86.13490189999999
Lunch Bunch|Location is: Hazelden Office|2|12:30:00|13:30:00|, , IN |40.2671941|-86.13490189999999
LALODAD|Location is: Hazelden Office|2|08:00:00|09:00:00|, , IN |40.2671941|-86.13490189999999
Lunch Bunch|Location is: Hazelden Office|3|12:30:00|13:30:00|, , IN |40.2671941|-86.13490189999999
Lombard Couriers|Location is: Hazelden Office|3|08:30:00|09:30:00|, , IN |40.2671941|-86.13490189999999
Lunch Bunch|Location is: Hazelden Office|4|12:30:00|13:30:00|, , IN |40.2671941|-86.13490189999999
Lunch Bunch|Location is: Hazelden Office|5|12:30:00|13:30:00|, , IN |40.2671941|-86.13490189999999
Lunch Bunch|Location is: Hazelden Office|6|12:30:00|13:30:00|, , IN |40.2671941|-86.13490189999999
Big Book Disc|Location is: Hazelden Office|2|07:30:00|08:30:00|, , IN |40.2671941|-86.13490189999999
Big Book Disc|Location is: Hazelden Office|4|07:30:00|08:30:00|, , IN |40.2671941|-86.13490189999999
Spinning Wheel Nooners|Location is: Hazelden Office|2|12:00:00|13:00:00|, , IN |40.2671941|-86.13490189999999
Northwest Oaks (bgnrs 7:30)|Location is: Hazelden Office|5|08:30:00|09:30:00|, , IN |40.2671941|-86.13490189999999
Returning Scholars|Location is: 17th Church of Christ|5|12:15:00|13:15:00|, , IN |40.2671941|-86.13490189999999
Last House On The Block Group|Location is: The House Of Hope|5|20:00:00|21:00:00|, , IN |40.2671941|-86.13490189999999
The Columbus Central Group|Location is: Old english chruch|7|20:00:00|21:00:00|, , IN |40.2671941|-86.13490189999999
Last Chance Group|Location is: Union Hall |2|19:30:00|20:30:00|, , IN |40.2671941|-86.13490189999999
ST PETERS CATHOLIC CHURCH|Location is: ST PETERS CATHOLIC CHURCH|6|19:00:00|20:00:00|5TH STREET, WASHINGTON, IN 47501|38.654179|-87.17020259999998
ST PETERS CHURCH|Location is: ST PETERS CATHOLIC CHURCH|2|18:00:00|19:00:00|5TH STREET, WASHINGTON, IN 47501|38.654179|-87.17020259999998
ST PETERS CHURCH|Location is: ST PETERS CATHOLIC CHURCH|4|18:00:00|19:00:00|5TH STREET, WASHINGTON, IN 47501|38.654179|-87.17020259999998
ST PETERS CHURCH|Location is: ST PETERS CATHOLIC CHURCH|5|18:00:00|19:00:00|5TH STREET, WASHINGTON, IN 47501|38.654179|-87.17020259999998
Sober Not Somber|Location is: Oak Community Church|2|18:30:00|19:30:00|, , IN |40.2671941|-86.13490189999999
Grace Group|Location is: Trinity Methodist Church|1|18:30:00|19:30:00|Charlestown Road, new albany, IN 47150|38.334519|-85.79872799999998
GOT TO WANT IT|Location is: NORTHWEST METHODIST CHURCH|5|10:00:00|11:00:00|PORTAGE AND BRICK, NILES, IN |40.3560913|-85.29293840000003
We Do Recover   AM|Location is: Lighthouse Recovery Home|3|10:11:00|11:11:00|116 N. Illinois Street, montgomery, IN 47960|40.0478357|-86.89612260000001
ST BETHLEHEM GROUP|Location is: 1921 Madison St.|5|13:30:00|14:30:00|St. Marys, Room L-5, Clarksville, IN |38.2977376|-85.74559590000001
  OD Surrender Group  (Womens Meeting)|Location is: St. Paul Episcopal Church  (ParishHS)|3|18:00:00|19:00:00|1015 East Main Street, new albany, IN 47150|38.287069|-85.81184589999998
Stepping into Sobriety|Location is: Floyd County Token Club|5|18:00:00|19:00:00|506 Pearl Street, new albany, IN 47150|38.287438|-85.823419
The Gardenview Group|Location is: Jeff Token Club|6|20:00:00|21:00:00|511 Indiana Ave, Jeffersonville, IN 47130|38.273642|-85.746508
SHELBYVILLE GROUP|Location is: First Presbyterian Church|5|13:30:00|14:30:00|600 N Britten, Shelbyville, IN |39.5214373|-85.77692380000002
Sunday Night Smoke Out|Location is: Provodince Home|1|20:00:00|21:00:00|520 W 9th St, Jasper, IN 47546|38.395004|-86.93722689999998
Live+Let Live Beginners|Location is: St. Peter's Caf.|4|19:00:00|20:00:00|96 Con. Ave., Cambridge, IN 47546|38.3876856|-86.95881980000001
The Frankfort Group|Location is: 300 Strathmore Dr.|3|20:00:00|21:00:00|Frankfort, KY , frankfort, IN |40.293102|-86.52550200000002
No Nonsense Group|Location is: Immanuel United Church of Christ - Fellowship Center|5|20:00:00|21:00:00|, , IN |40.2671941|-86.13490189999999
PETERSBURG FRIDAY NIGHT|Location is: St. Peters Lutheran Church|6|20:00:00|21:00:00|343 Center St., Petersburg, IN 47567|38.49515969999999|-87.27665569999999
Brosmer House|Location is: on the square|3|20:00:00|21:00:00|Jasper, Huntingburg, IN |38.3621422|-86.98242879999998
Walk The Walk|Location is: Presbyterian Church|3|20:30:00|21:30:00|Presbyterian Church 2688 Main St. (Route 206), W. Windsor, IN |40.1544887|-85.2127456
Sober by Grace|Location is: Sober by Grace|2|06:30:00|07:30:00|2 Militia Dr., Rm G-5, enter rear, Lexington, IN |38.6522821|-85.6252409
NEW HOPE GROUP 2|Location is: LEXINGTON JAYCEE HUT|1|09:30:00|10:30:00|OLD CHAPIN HIGHWAY, LEXINGTON, IN |38.6522821|-85.6252409
NEW HOPE GROUP 3|Location is: LEXINGTON JAYCEE HUT|1|17:00:00|18:00:00|OLD CHAPIN HIGHWAY, LEXINGTON, IN |38.6522821|-85.6252409
NEW HOPE GROUP|Location is: LEXINGTON JAYCEE HUT|2|19:00:00|20:00:00|OLD CHAPIN HIGHWAY, LEXINGTON, IN |38.6522821|-85.6252409
NEW HOPE GROUP|Location is: LEXINGTON JAYCEE HUT|3|19:00:00|20:00:00|OLD CHAPIN HIGHWAY, LEXINGTON, IN |38.6522821|-85.6252409
NEW HOPE GROUP|Location is: LEXINGTON JAYCEE HUT|6|19:00:00|20:00:00|OLD CHAPIN HIGHWAY, LEXINGTON, IN |38.6522821|-85.6252409
NEW HOPE GROUP|Location is: LEXINGTON JAYCEE HUT|7|19:00:00|20:00:00|OLD CHAPIN HIGHWAY, LEXINGTON, IN |38.6522821|-85.6252409
My Meeting|Location is: My House|6|19:00:00|20:00:00|My Address, lexington, IN |38.6522821|-85.6252409
Early Birds|Location is: 1st Presbyterian Church|5|07:00:00|08:00:00|320 North Main St., Princeton, IN 47670|38.3574185|-87.56745180000001
Early Birds|Location is: 1st Presbyterian Church|2|07:00:00|08:00:00|320 North Main St., Princeton, IN 47670|38.3574185|-87.56745180000001
Alvordton Mens|Location is: Fresh Start Home|2|20:00:00|21:00:00|109 W. Main, , Ohio  USA, IN 47630|37.9454812|-87.40683230000002
WELCOME THURSDAY|Location is: Mary Queen of the Apostles Church, rear|5|20:00:00|21:00:00|, , IN |40.2671941|-86.13490189999999
Noon C&L upstairs meeting|Location is: C&L Club|6|12:00:00|13:00:00|E Columbia St & N Linwood Ave, Evansville, IN 47711|37.9846866|-87.55302110000002
Sunday Morning Group|Location is: Healthsouth Rehabilitation Hospital|1|10:00:00|11:00:00|Covert Ave, Evansville, IN 47714|37.9551479|-87.51855439999997
JUST GIVE IT AWAY|Location is: State Road Comm. Church|2|19:00:00|20:00:00|, , IN |40.2671941|-86.13490189999999
DEACONESS SUNDAY|Location is: United Methodist Church|1|20:00:00|21:00:00|4200 Pearl Rd. - Enter off Memphis Ave., Cleveland, IN |39.791641|-85.646499
GAZEBO GROUP|Location is: Stella Maris|1|09:30:00|10:30:00|Stella Maris, Cleveland, IN |39.791641|-85.646499
MONDAY WOMEN 12:15 AM|Location is: Stella Maris Coffee Shop|2|12:15:00|13:15:00|1302 Winslow Rd,& 25th St.& The Flats, Cleveland, IN |39.791641|-85.646499
IN TO ACTION WOMEN BIG BOOK|Location is: Stella Maris Meeting Room|2|19:00:00|20:00:00|1320 Washington Ave-ground level, Cleveland, IN |39.791641|-85.646499
FRESH START|Location is: Fresh Start Halfway|2|19:30:00|20:30:00|2415 East 55th @Quincy, Cleveland, IN |39.791641|-85.646499
LANGUAGE OF THE HEART|Location is: Mt. Pleasant Church of God|3|19:00:00|20:00:00|3304 East 126th St. @Luke, Cleveland, IN |39.791641|-85.646499
GARDEN VALLEY|Location is: Lexington Village|5|18:30:00|19:30:00|7820 Lexington Ave., Comm. Room, Cleveland, IN |41.6838457|-85.99702250000001
FIRST 164 PAGES B.B. DISC.|Location is: Mt. Pleasant United Meth. Church|5|19:00:00|20:00:00|3232 E. 128th St.@Abell, Cleveland, IN |39.791641|-85.646499
MATT TALBOT WEST|Location is: Our Lady of Angels Church|5|20:00:00|21:00:00|3644 Rocky River Dr,Primary Bldg., Cleveland, IN |39.791641|-85.646499
HAPPY JOYOUS & FREE B.B.|Location is: Eliza Bryant Community Rm.|6|18:00:00|19:00:00|1350 Addison Rd.,side ent., Cleveland, IN |39.791641|-85.646499
SOBER NUMBERS|Location is: Gordon Square Bldg.|6|19:00:00|20:00:00|6516 Detroit Rd.,rear, Cleveland, IN |39.791641|-85.646499
SPRINGBROOK SATURDAY|Location is: Bohn Golden Agen Center|7|19:00:00|20:00:00|1667 Ansel Rd. Springbrook Ap, Cleveland, IN |39.791641|-85.646499
SATURDAY NIGHT CLOSED MEN|Location is: Stella Maris|7|18:30:00|19:30:00|1320 Washington Ave. Cafeteria, Cleveland, IN |39.791641|-85.646499
west 25th street group|Location is: church basement|2|08:00:00|09:00:00|archwood off w 25th, Cleveland, IN |39.791641|-85.646499
BROADWAY-55TH|Location is: Broadway United Methoddist Church|5|20:30:00|21:30:00|5246 Broadway Ave.@ 55 near Pershing., Cleveland, IN |39.791641|-85.646499
FRIDAY MORNING SPIRITUAL|Location is: Antioch Baptist Church|6|10:30:00|11:30:00|8869 Cedar Ave.@ 89th Street, Cleveland, IN |39.791641|-85.646499
FAIRMOUNT TUESDAY|Location is: St. Paul&#39;s Episcopal Church|3|20:30:00|21:30:00|, , IN |40.2671941|-86.13490189999999
CALVARY|Location is: Calvary Presbyterian Church,Rear|7|19:00:00|20:00:00|2020 E 79th St.@ Euclid Ave, Cleveland, IN |39.791641|-85.646499
SHOREGATE MEN STAG|Location is: Fellowship United Church of Christ|3|21:00:00|22:00:00|, , IN |40.2671941|-86.13490189999999
Henry County A.A.|Location is: Kewanee, IL|2|19:00:00|20:00:00|, , IN |40.2671941|-86.13490189999999
Henry County A.A.|Location is: Kewanee, IL|3|20:00:00|21:00:00|, , IN |40.2671941|-86.13490189999999
Henry County A.A.|Location is: Kewanee, IL|4|12:00:00|13:00:00|, , IN |40.2671941|-86.13490189999999
Henry County A.A.|Location is: Kewanee, IL|5|12:00:00|13:00:00|, , IN |40.2671941|-86.13490189999999
Henry County A.A.|Location is: Kewanee, IL|6|20:00:00|21:00:00|, , IN |40.2671941|-86.13490189999999
Henry County A.A.|Location is: Kewanee, IL|7|19:00:00|20:00:00|, , IN |40.2671941|-86.13490189999999
Henry County A.A.|Location is: Kewanee, IL|1|11:00:00|12:00:00|, , IN |40.2671941|-86.13490189999999
PINE HURST GROUP|Location is:  FIRST CHRISTIAN CHURCH|4|19:00:00|20:00:00|, , IN |40.2671941|-86.13490189999999
Brown Baggers|Location is: 13th Street Clubhouse|1|12:00:00|13:00:00|31 W Bypass, bowling_green, IN |39.3872882|-87.01638830000002
AA Group 2|Location is: AA Group|1|09:00:00|10:00:00|South side of Hwy. 34, 1 mi. west of town at 453 Ave., Madison, IN |38.7358933|-85.37995769999998
AA Group 4|Location is: AA Group|1|19:30:00|20:30:00|South side of Hwy. 34, 1 mi. west of town at 453 Ave., Madison, IN |38.7358933|-85.37995769999998
AA Group|Location is: AA Group|2|20:00:00|21:00:00|South side of Hwy. 34, 1 mi. west of town at 453 Ave., Madison, IN |38.7358933|-85.37995769999998
AA Group|Location is: AA Group|3|20:00:00|21:00:00|South side of Hwy. 34, 1 mi. west of town at 453 Ave., Madison, IN |38.7358933|-85.37995769999998
AA Group|Location is: AA Group|5|20:00:00|21:00:00|South side of Hwy. 34, 1 mi. west of town at 453 Ave., Madison, IN |38.7358933|-85.37995769999998
AA Group 3|Location is: AA Group|7|10:00:00|11:00:00|South side of Hwy. 34, 1 mi. west of town at 453 Ave., Madison, IN |38.7358933|-85.37995769999998
AA Group 2|Location is: AA Group|7|09:00:00|10:00:00|South side of Hwy. 34, 1 mi. west of town at 453 Ave., Madison, IN |38.7358933|-85.37995769999998
Unnamed Meeting|Location is: Trinity Lutheran Church|4|07:30:00|08:30:00|, , IN |40.2671941|-86.13490189999999
Unnamed Meeting|Location is: Trinity Lutheran Church|2|07:30:00|08:30:00|, , IN |40.2671941|-86.13490189999999
Unnamed Meeting|Location is: Trinity Lutheran Church|3|07:30:00|08:30:00|, , IN |40.2671941|-86.13490189999999
Unnamed Meeting|Location is: Trinity Lutheran Church|5|07:30:00|08:30:00|, , IN |40.2671941|-86.13490189999999
Unnamed Meeting|Location is: Trinity Lutheran Church|6|07:30:00|08:30:00|, , IN |40.2671941|-86.13490189999999
Unnamed Meeting|Location is: Trinity Lutheran Church|7|19:00:00|20:00:00|, , IN |40.2671941|-86.13490189999999
Unnamed Meeting|Location is: Trinity Lutheran Church|1|19:00:00|20:00:00|, , IN |40.2671941|-86.13490189999999
The New Beginnings Group|Location is: Federated Church|7|10:00:00|11:00:00|Wintrop Terr. - Rt. 67, WARREN, IN |40.6828226|-85.42719520000003
BIKERS IN RECOVERY|Location is: BIKERS IN RECOVERY|1|19:00:00|20:00:00|, , IN |40.2671941|-86.13490189999999
BIKERS IN RECOVERY|Location is: BIKERS IN RECOVERY|4|20:00:00|21:00:00|, , IN |40.2671941|-86.13490189999999
BELLEFONTAINE UNITED METHODIST CHURCH|Location is: BELLEFONTAINE UNITED METHODIST CHURCH|3|20:00:00|21:00:00|, , IN |40.2671941|-86.13490189999999
Nooners|Location is: Solutions Recovery Club|2|12:00:00|13:00:00|, , IN |40.2671941|-86.13490189999999
Nooners|Location is: Solutions Recovery Club|3|12:00:00|13:00:00|, , IN |40.2671941|-86.13490189999999
Nooners|Location is: Solutions Recovery Club|4|12:00:00|13:00:00|, , IN |40.2671941|-86.13490189999999
Nooners|Location is: Solutions Recovery Club|5|12:00:00|13:00:00|, , IN |40.2671941|-86.13490189999999
Nooners|Location is: Solutions Recovery Club|6|12:00:00|13:00:00|, , IN |40.2671941|-86.13490189999999
Frontier Group|Location is: St. Paul’s Episcopal Church|3|19:30:00|20:30:00|66 Lower Main Street, Fort Fairfield, IN |41.080354|-85.13930629999999
The Downtown Group|Location is: Rockford|1|09:00:00|10:00:00|1411 N. Main St, rockport, IN 61103|37.883291|-87.0489139
LAMBDA GROUP|Location is: Unitarian Church|2|20:00:00|21:00:00|1808 Woodmont Blvd (Morgan House), Nashville, IN |39.2072501|-86.24695350000002
SOLUTIONS IN RECOVERY|Location is: 2525 Perimeter Place Drive|3|null|N/A|Suite 136 (Breadford Heath Srvcs), Nashville, IN |39.2072501|-86.24695350000002
21ST AVENUE MEETING|Location is: Belmont United Methodist Church|3|13:00:00|14:00:00|2007 Acklen Ave (Downstairs), Nashville, IN |39.2072501|-86.24695350000002
PHYSIC CHANGE GROUP|Location is: 1406 County Hospital Rd|4|13:00:00|14:00:00|DC4 Courtroom (front enterance), Nashville, IN |39.2072501|-86.24695350000002
LAMBDA GROUP|Location is: Unitarian Church|5|19:30:00|20:30:00|1808 Woodmont Blvd (Morgan House), Nashville, IN |39.2072501|-86.24695350000002
WAVERLY-BELMONT GROUP|Location is: Christ the King Church|6|13:00:00|14:00:00|3001 Belmont Blvd. (rear entrance), Nashville, IN |39.2072501|-86.24695350000002
Unnamed Meeting|Location is: 501 GROUP|7|01:00:00|02:00:00|, , IN |40.2671941|-86.13490189999999
Unnamed Meeting|Location is: 501 GROUP|2|20:00:00|21:00:00|, , IN |40.2671941|-86.13490189999999
Unnamed Meeting|Location is: 501 GROUP|5|20:00:00|21:00:00|, , IN |40.2671941|-86.13490189999999
West Fork Group|Location is: Fire Station|4|20:00:00|21:00:00|Off Main, West Fork, IN |38.899954|-85.34297400000003
BRENTWOOD FULL MOON|Location is: Otter Creek Church of Christ|6|18:30:00|19:30:00|, , IN |40.2671941|-86.13490189999999
Sparta Group|Location is: Presbyterian Church|5|20:00:00|21:00:00|Downtown Sparta, Sparta, IN |39.1053333|-85.04523340000003
Power of Now|Location is: St Francis Ch|2|19:30:00|20:30:00| 203 S Kensington Ave, Liberty, IN 60525|41.5154063|-87.09376299999997
Open Family Disc|Location is: St Francis Ch|3|20:00:00|21:00:00| 203 S Kensington Ave, Liberty, IN 60525|41.5154063|-87.09376299999997
THE HENRY HOUSE|Location is: THE HENRY HOUSE|3|19:00:00|20:00:00|, , IN |40.2671941|-86.13490189999999
THE HENRY HOUSE|Location is: THE HENRY HOUSE|5|19:00:00|20:00:00|, , IN |40.2671941|-86.13490189999999
THE HENRY HOUSE|Location is: THE HENRY HOUSE|2|19:00:00|20:00:00|, , IN |40.2671941|-86.13490189999999
THE HENRY HOUSE|Location is: THE HENRY HOUSE|4|19:00:00|20:00:00|, , IN |40.2671941|-86.13490189999999
THE HENRY HOUSE|Location is: THE HENRY HOUSE|6|19:00:00|20:00:00|, , IN |40.2671941|-86.13490189999999
THE HENRY HOUSE|Location is: THE HENRY HOUSE|7|10:00:00|11:00:00|, , IN |40.2671941|-86.13490189999999
THE HENRY HOUSE|Location is: THE HENRY HOUSE|1|10:00:00|11:00:00|, , IN |40.2671941|-86.13490189999999
Candlelite|Location is: Episcopal Church|5|19:00:00|20:00:00|1700 North 3900, Whiterocks, IN 15490|39.5114731|-87.1378886
Whiterocks Group|Location is: Episcopal Church|3|19:00:00|20:00:00|1700 North 3900, Whiterocks, IN 15490|39.5114731|-87.1378886
Serenity Group|Location is: Murfreesboro|2|20:00:00|21:00:00|, , IN |40.2671941|-86.13490189999999
Serenity Group|Location is: Murfreesboro|3|20:00:00|21:00:00|, , IN |40.2671941|-86.13490189999999
Serenity Group|Location is: Murfreesboro|4|20:00:00|21:00:00|, , IN |40.2671941|-86.13490189999999
Serenity Group|Location is: Murfreesboro|5|20:00:00|21:00:00|, , IN |40.2671941|-86.13490189999999
Serenity Group|Location is: Murfreesboro|6|20:00:00|21:00:00|, , IN |40.2671941|-86.13490189999999
Serenity Group|Location is: Murfreesboro|7|20:00:00|21:00:00|, , IN |40.2671941|-86.13490189999999
Serenity Group|Location is: Murfreesboro|1|20:00:00|21:00:00|, , IN |40.2671941|-86.13490189999999
UPTOWN|Location is: St. Paul`s Luth. Ch.|4|19:15:00|20:15:00|4900 Conn. Ave., Northwest, IN 52405|41.7043568|-85.96341919999998
CHAPEL HILL NEW LIFE GROUP OF A.A.|Location is: Chapel Hill Community Baptist Church|2|19:00:00|20:00:00|, , IN |40.2671941|-86.13490189999999
CHAPEL HILL NEW LIFE GROUP OF A.A.|Location is: Chapel Hill Community Baptist Church|5|19:00:00|20:00:00|, , IN |40.2671941|-86.13490189999999
Foglifters|Location is: Thompson Presb Church|5|07:00:00|08:00:00|Aquetong Rd. PA, Hamilton, IN |41.53366159999999|-84.91273960000001
Foglifters|Location is: Thompson Presb Church|6|07:00:00|08:00:00|Aquetong Rd. PA, Hamilton, IN |41.53366159999999|-84.91273960000001
Our Happy Hour|Location is: Thompson Presb Church|6|18:45:00|19:45:00|Aquetong Rd. PA, Hamilton, IN |41.53366159999999|-84.91273960000001
Foglifters|Location is: Thompson Presb Church|3|07:00:00|08:00:00|Aquetong Rd. PA, Hamilton, IN |41.53366159999999|-84.91273960000001
Lunch Bunch|Location is: Christ Episcopal Church Hall|2|12:30:00|13:30:00|26 S Main St @ Park St, Albion, IN |41.3956043|-85.42442410000001
Lunch Bunch|Location is: Christ Episcopal Church Hall|3|12:30:00|13:30:00|26 S Main St @ Park St, Albion, IN |41.3956043|-85.42442410000001
Lunch Bunch|Location is: Christ Episcopal Church Hall|5|12:30:00|13:30:00|26 S Main St @ Park St, Albion, IN |41.3956043|-85.42442410000001
Lunch Bunch|Location is: Christ Episcopal Church Hall|6|12:30:00|13:30:00|26 S Main St @ Park St, Albion, IN |41.3956043|-85.42442410000001
Burlington Big Book Group|Location is: Burlington Union Church|4|20:00:00|21:00:00|Patterson Creek Road (just up from elementary school), burlington, IN |40.4803144|-86.39471879999996
AA Way Of Life|Location is: Bethel Lutheran Church|3|19:00:00|20:00:00|, , IN |40.2671941|-86.13490189999999
AA Way Of Life|Location is: Bethel Lutheran Church|2|19:00:00|20:00:00|, , IN |40.2671941|-86.13490189999999
AA Way Of Life|Location is: Bethel Lutheran Church|6|19:00:00|20:00:00|, , IN |40.2671941|-86.13490189999999
FAYETTEVILLE GROUP|Location is: St. Mary&#39;s Episcopal Church|2|19:00:00|20:00:00|, , IN |40.2671941|-86.13490189999999
FAYETTEVILLE GROUP|Location is: St. Mary&#39;s Episcopal Church|5|19:00:00|20:00:00|, , IN |40.2671941|-86.13490189999999
Friday Beginners|Location is: Our Lady of Mt. Carmel|6|10:00:00|11:00:00|275 N.8th St (btwn Meeker & Havemeyer), brooklyn, IN |39.5392141|-86.36915979999998
Friday Beginners 2|Location is: Our Lady of Mt. Carmel|6|21:30:00|22:30:00|275 N.8th St (btwn Meeker & Havemeyer), brooklyn, IN |39.5392141|-86.36915979999998
Sunday Beginners|Location is: Our Lady of Mt. Carmel|1|17:30:00|18:30:00|275 N.8th St (btwn Meeker & Havemeyer), brooklyn, IN |39.5392141|-86.36915979999998
Steel Workers|Location is: St. Josephs Church|2|19:00:00|20:00:00|New Falls Rd., Princeton, IN |38.3553236|-87.56752219999998
Blue Springs Group|Location is: Blue Springs|2|18:30:00|19:30:00|, , IN |40.2671941|-86.13490189999999
Blue Springs Group|Location is: Blue Springs|3|09:00:00|10:00:00|, , IN |40.2671941|-86.13490189999999
Blue Springs Group|Location is: Blue Springs|4|12:00:00|13:00:00|, , IN |40.2671941|-86.13490189999999
Blue Springs Group|Location is: Blue Springs|5|18:30:00|19:30:00|, , IN |40.2671941|-86.13490189999999
Blue Springs Group|Location is: Blue Springs|6|09:00:00|10:00:00|, , IN |40.2671941|-86.13490189999999
Blue Springs Group|Location is: Blue Springs|7|12:00:00|13:00:00|, , IN |40.2671941|-86.13490189999999
Blue Springs Group|Location is: Blue Springs|1|15:00:00|16:00:00|, , IN |40.2671941|-86.13490189999999
Monday Reflections|Location is: St. Pauls Luthern Church|2|19:00:00|20:00:00|, , IN |40.2671941|-86.13490189999999
