JONES STREET|Location is: River City Clubhouse|7|19:00:00|20:00:00|3623 Lee St, alexandria, LA 71302|31.27603|-92.44588999999996
jolena|Location is: pineville|1|10:00:00|11:00:00|1604dupreerd, pineville, LA 71360|31.398711|-92.44131399999998
NEW ROADS GROUP|Location is: CLUB TWELVE OF NEW ROADS|2|20:00:00|21:00:00|3448 MARY DRIVE NEW ROADS LA, new_roads, LA 70760|30.6863022|-91.46553340000003
NEW ROADS GROUP|Location is: CLUB TWELVE OF NEW ROADS|3|20:00:00|21:00:00|3448 MARY DRIVE NEW ROADS LA, new_roads, LA 70760|30.6863022|-91.46553340000003
NEW ROADS GROUP|Location is: CLUB TWELVE OF NEW ROADS|5|20:00:00|21:00:00|3448 MARY DRIVE NEW ROADS LA, new_roads, LA 70760|30.6863022|-91.46553340000003
NEW ROADS GROUP|Location is: NEW ROADS LA. |4|20:00:00|21:00:00|3448 MARY DRIVE, new_roads, LA 70760|30.6863022|-91.46553340000003
NEW ROADS GROUP|Location is: NEW ROADS LA. |6|20:00:00|21:00:00|3448 MARY DRIVE, new_roads, LA 70760|30.6863022|-91.46553340000003
SERENITY ON SATURDAY|Location is: NEW ROADS LA. |7|18:00:00|19:00:00|3448 MARY DRIVE, new_roads, LA 70760|30.6863022|-91.46553340000003
Freedom&#39;s Choice|Location is: behind Domino&#39;s|1|20:00:00|21:00:00|1119C Johnston St., lafayette, LA 70501|30.217766|-92.01840399999998
Freedom&#39;s Choice|Location is: behind Domino&#39;s|4|20:00:00|21:00:00|1119C Johnston St., lafayette, LA 70501|30.217766|-92.01840399999998
AA Meeting|Location is: St Joseph's Church|6|20:00:00|21:00:00|830 S. Lafayette, South Lyons, LA 70506|30.2048468|-92.0647108
3rd Street & Park|Location is: Crowley|3|19:00:00|20:00:00|317 E. 3rd Street, crowley, LA 70526|30.2130511|-92.36902930000002
11 step meeting|Location is: First United Methodist Church (downtown)|6|20:00:00|21:00:00|919 America St room115, baton_rouge, LA 70802|30.446084|-91.181153
Fellowship Group|Location is: University United Methodist Church|6|17:45:00|18:45:00|3350 Dalrymple Dr, Baton Rouge, LA 70802|30.41799319999999|-91.17161729999998
Fellowship Group|Location is: University United Methodist Church|1|18:30:00|19:30:00|3350 Dalrymple Dr, Baton Rouge, LA 70802|30.41799319999999|-91.17161729999998
Young and the Restless|Location is: Church of the Way|4|19:30:00|20:30:00|250 S. Foster Dr,, baton rouge, LA 70806|30.4453137|-91.13879529999997
Early Birds|Location is: Church of the Way|1|07:30:00|08:30:00|250 S. Foster Dr,, baton rouge, LA 70806|30.4453137|-91.13879529999997
FREEDOM OF CHOICE|Location is: METROPOLITAIN COMMUNITY CHURCH|2|20:00:00|21:00:00|7747 TOM DR , baton_rouge, LA 70806|30.4647296|-91.10882900000001
FREEDOM OF CHOICE|Location is: METROPOLITAIN COMMUNITY CHURCH|5|20:00:00|21:00:00|7747 TOM DR , baton_rouge, LA 70806|30.4647296|-91.10882900000001
FREEDOM OF CHOICE|Location is: METROPOLITAIN COMMUNITY CHURCH|7|20:00:00|21:00:00|7747 TOM DR , baton_rouge, LA 70806|30.4647296|-91.10882900000001
Sherwood Men's Step x Step|Location is: Friends Church|5|20:00:00|21:00:00|950 S Sherwood Blvd, Sherwood, LA 70815|30.449109|-91.05854699999998
Tuesday Lit. Group|Location is: AA Central Office|3|10:00:00|11:00:00|10319 Old Hammond Hwy, baton rouge, LA 70816|30.4329987|-91.0722318
Shivering Denizens|Location is: AA Central Office|1|10:00:00|11:00:00|10319 Old Hammond Hwy, baton rouge, LA 70816|30.4329987|-91.0722318
Quarters Speaker Meeting|Location is: Tau Center|1|19:00:00|20:00:00|8080 Margaret Ann Ave, Baton Rouge, LA 70809|30.4024748|-91.1016108
AA Meeting|Location is: OLOL TAU Center|4|18:00:00|19:00:00|8080 Margaret Ann Avenue, baton rouge, LA 70809|30.4024748|-91.1016108
224 Group|Location is: Serenity Club|1|10:00:00|11:00:00|7519 Amite Church Road, denham_springs, LA 70706|30.5442945|-90.96282339999999
Sanity Break|Location is: Highland Presbyterian|6|12:00:00|13:00:00|10024 Highland Rd, baton rouge, LA 70810|30.3623051|-91.11245810000003
Sanity Break|Location is: Highland Presbyterian|5|12:00:00|13:00:00|10024 Highland Rd, baton rouge, LA 70810|30.3623051|-91.11245810000003
Sanity Break|Location is: Highland Presbyterian|4|12:00:00|13:00:00|10024 Highland Rd, baton rouge, LA 70810|30.3623051|-91.11245810000003
Sanity Break|Location is: Highland Presbyterian|3|12:00:00|13:00:00|10024 Highland Rd, baton rouge, LA 70810|30.3623051|-91.11245810000003
Sanity Break|Location is: Highland Presbyterian Church|2|12:00:00|13:00:00|10024 Highland Rd, baton rouge, LA 70810|30.3623051|-91.11245810000003
Brimstone Sulphur Group|Location is: Parkview Baptist Church|1|18:00:00|19:00:00|1623 Picard Road, sulphur, LA 70663|30.2243054|-93.38479089999998
Settlement|Location is: Settlement Lutheran Church|2|20:00:00|21:00:00|n/a, Gowen, LA |32.6543026|-91.46095020000001
MANSFIELD GROUP|Location is: ST JOSEPHS CATHOLIC CHURCH|4|19:00:00|20:00:00|305 JEFFERSON ST, MANSFIELD, LA 71052|32.034407|-93.7090915
NO NAME GROUP|Location is: OLD BAPTIST BOOK STORE|1|13:00:00|14:00:00|713 SHREVEPORT ROAD, MINDEN, LA 71055|32.6069704|-93.29653389999999
OUTCAST GROUP|Location is: OLD BAPTIST BOOK STORE|4|20:00:00|21:00:00|713 SHREVEPORT ROAD, MINDEN, LA 71055|32.6069704|-93.29653389999999
PINK CLOUGG|Location is: ST JOHNS EPISCOPAL CHURCH|2|17:30:00|18:30:00|1107 BROADWAY ST, MINDEN, LA 71055|32.6188532|-93.28333930000002
MINDEN|Location is: THE ALPHA CLUB|2|06:45:00|07:45:00|801 GOODWILL ST, MINDEN, LA 71055|32.625819|-93.29286350000001
MINDEN 3|Location is: THE ALPHA CLUB|3|17:15:00|18:15:00|801 GOODWILL ST, MINDEN, LA 71055|32.625819|-93.29286350000001
MINDEN 2|Location is: THE ALPHA CLUB|4|20:00:00|21:00:00|801 GOODWILL ST, MINDEN, LA 71055|32.625819|-93.29286350000001
MINDEN|Location is: THE ALPHA CLUB|5|06:45:00|07:45:00|801 GOODWILL ST, MINDEN, LA 71055|32.625819|-93.29286350000001
MINDEN 4|Location is: THE ALPHA CLUB|6|12:00:00|13:00:00|801 GOODWILL ST, MINDEN, LA 71055|32.625819|-93.29286350000001
MINDEN|Location is: THE ALPHA CLUB|7|06:45:00|07:45:00|801 GOODWILL ST, MINDEN, LA 71055|32.625819|-93.29286350000001
MINDEN 4|Location is: THE ALPHA CLUB|1|12:00:00|13:00:00|801 GOODWILL ST, MINDEN, LA 71055|32.625819|-93.29286350000001
MINDEN 2|Location is: THE ALPHA CLUB|1|20:00:00|21:00:00|801 GOODWILL ST, MINDEN, LA 71055|32.625819|-93.29286350000001
MINDEN 2|Location is: THE ALPHA CLUB|2|20:00:00|21:00:00|801 GOODWILL ST, MINDEN, LA 71055|32.625819|-93.29286350000001
MINDEN 2|Location is: THE ALPHA CLUB|3|20:00:00|21:00:00|801 GOODWILL ST, MINDEN, LA 71055|32.625819|-93.29286350000001
MINDEN 2|Location is: THE ALPHA CLUB|5|20:00:00|21:00:00|801 GOODWILL ST, MINDEN, LA 71055|32.625819|-93.29286350000001
MINDEN 2|Location is: THE ALPHA CLUB|6|20:00:00|21:00:00|801 GOODWILL ST, MINDEN, LA 71055|32.625819|-93.29286350000001
MINDEN 2|Location is: THE ALPHA CLUB|7|20:00:00|21:00:00|801 GOODWILL ST, MINDEN, LA 71055|32.625819|-93.29286350000001
MINDEN GROUP|Location is: THE ALPHA CLUB|4|20:00:00|21:00:00|801 GOODWILL ST, MINDEN, LA 71055|32.625819|-93.29286350000001
BISTINEAU GROUP|Location is: KORAN BAPTIST CHURCH|3|19:00:00|20:00:00|5158 HIGHWAY 527, HAUGHTON, LA |32.4252258|-93.46507910000003
PPG GROUP|Location is: GRACE COMMUNITY CHURCH|3|19:30:00|20:30:00|9400 ELLERBE ROAD, SHREVEPORT, LA 71106|32.4007834|-93.73552710000001
WHITE DOVE|Location is: UNIVERSITY CHURCH OF CHRIST|3|20:00:00|21:00:00|2045 E 70TH STREET, SHREVEPORT, LA 71105|32.444286|-93.7056829
BELLAIRE GROUP|Location is: BELLAIRE BAPTIST CHURCH|2|20:00:00|21:00:00|1210 BELLAIRE BLVD, BOSSIER CITY, LA 71112|32.4865404|-93.67922369999997
KEYSTONE|Location is: ST LUKES UNITED METHODIST CHURCH|2|20:00:00|21:00:00|6012 YOUREE DRIVE, SHREVEPORT, LA 71105|32.450202|-93.72328900000002
BROADMOOR AWARENESS|Location is: ST PAULS EPISCOPAL CHURCH|2|20:00:00|21:00:00|275 SOUTHFIELD ROAD, SHREVEPORT, LA 71105|32.4563924|-93.72055369999998
OUTLAWS, EVERYBODY WELCOME|Location is: ST PAULS EPISCOPAL CHURCH|5|20:00:00|21:00:00|275 SOUTHFIELD ROAD, SHREVEPORT, LA 71105|32.4563924|-93.72055369999998
79TH STREET MENS GROUP|Location is: AB PALMER PARK REC CENTER|3|20:00:00|21:00:00|547 79TH STREET, SHREVEPORT, LA 71106|32.4327472|-93.74766090000003
FRIENDS|Location is: ST JOSEPH CATHOLIC CHURCH|1|17:30:00|18:30:00|1210 ANNISTON AVE, SHREVEPORT, LA 71105|32.4693588|-93.71685149999996
SOUTH SHREVEPORT GROUP|Location is: ST MARY OF PINES CATHOLIC CHURCH|1|16:00:00|17:00:00|1050 BERT KOUNS LOOP, SHREVEPORT, LA 71118|32.40339|-93.78833800000001
SOUTH SHREVEPORT GROUP|Location is: ST MARY OF PINES CATHOLIC CHURCH|2|20:00:00|21:00:00|1050 BERT KOUNS LOOP, SHREVEPORT, LA 71118|32.40339|-93.78833800000001
SOUTH SHREVEPORT GROUP|Location is: ST MARY OF PINES CATHOLIC CHURCH|3|19:00:00|20:00:00|1050 BERT KOUNS LOOP, SHREVEPORT, LA 71118|32.40339|-93.78833800000001
PRIMARY PURPOSE|Location is: BROADMOOR UNITED METHODIST|2|20:00:00|21:00:00|3715 YOUREE DR, SHREVEPORT, LA 71105|32.471659|-93.720346
HAPPY DESTINY|Location is: BROADMOOR UNITED METHODIST CHURCH|4|20:00:00|21:00:00|3715 YOUREE DRIVE, SHREVEPORT, LA 71105|32.471659|-93.720346
SOBRIETY 101|Location is: CENTRAL OFFICE OF SHREVEPORT|3|12:00:00|13:00:00|2800 YOUREE DRIVE, SHREVEPORT, LA 71104|32.4847635|-93.72422010000003
NO GUARANTEE GROUP|Location is: CENTENARY COLLEGE|3|20:00:00|21:00:00|2910 CENTENARY BLVD, SHREVEPORT, LA 71104|32.483407|-93.73417999999998
FIRST THINGS FIRST|Location is: Koala Club|2|07:00:00|08:00:00|4809 Shed Road, Bossier City, LA 71111|32.544891|-93.66941220000001
FIRST THINGS FIRST|Location is: Koala Club|3|07:00:00|08:00:00|4809 Shed Road, Bossier City, LA 71111|32.544891|-93.66941220000001
FIRST THINGS FIRST|Location is: Koala Club|4|19:30:00|20:30:00|4809 Shed Road, Bossier City, LA 71111|32.544891|-93.66941220000001
FIRST THINGS FIRST|Location is: Koala Club|5|07:00:00|08:00:00|4809 Shed Road, Bossier City, LA 71111|32.544891|-93.66941220000001
FIRST THINGS FIRST|Location is: Koala Club|6|07:00:00|08:00:00|4809 Shed Road, Bossier City, LA 71111|32.544891|-93.66941220000001
RISE AND SHINE|Location is: Koala Club|1|09:00:00|10:00:00|4809 Shed Road, Bossier City, LA 71111|32.544891|-93.66941220000001
RISE AND SHINE|Location is: Koala Club|2|09:00:00|10:00:00|4809 Shed Road, Bossier City, LA 71111|32.544891|-93.66941220000001
RISE AND SHINE|Location is: Koala Club|3|09:00:00|10:00:00|4809 Shed Road, Bossier City, LA 71111|32.544891|-93.66941220000001
RISE AND SHINE|Location is: Koala Club|4|09:00:00|10:00:00|4809 Shed Road, Bossier City, LA 71111|32.544891|-93.66941220000001
RISE AND SHINE|Location is: Koala Club|5|09:00:00|10:00:00|4809 Shed Road, Bossier City, LA 71111|32.544891|-93.66941220000001
RISE AND SHINE|Location is: Koala Club|6|09:00:00|10:00:00|4809 Shed Road, Bossier City, LA 71111|32.544891|-93.66941220000001
RISE AND SHINE|Location is: Koala Club|7|09:00:00|10:00:00|4809 Shed Road, Bossier City, LA 71111|32.544891|-93.66941220000001
LUNCH BUNCH|Location is: Koala Club|2|12:00:00|13:00:00|4809 Shed Road, Bossier City, LA 71111|32.544891|-93.66941220000001
LUNCH BUNCH|Location is: Koala Club|3|12:00:00|13:00:00|4809 Shed Road, Bossier City, LA 71111|32.544891|-93.66941220000001
LUNCH BUNCH|Location is: Koala Club|4|12:00:00|13:00:00|4809 Shed Road, Bossier City, LA 71111|32.544891|-93.66941220000001
LUNCH BUNCH|Location is: Koala Club|5|12:00:00|13:00:00|4809 Shed Road, Bossier City, LA 71111|32.544891|-93.66941220000001
LUNCH BUNCH|Location is: Koala Club|6|12:00:00|13:00:00|4809 Shed Road, Bossier City, LA 71111|32.544891|-93.66941220000001
LUNCH BUNCH|Location is: Koala Club|7|12:00:00|13:00:00|4809 Shed Road, Bossier City, LA 71111|32.544891|-93.66941220000001
HALF PAST FIVE|Location is: Koala Club|1|17:30:00|18:30:00|4809 Shed Road, Bossier City, LA 71111|32.544891|-93.66941220000001
HALF PAST FIVE|Location is: Koala Club|2|17:30:00|18:30:00|4809 Shed Road, Bossier City, LA 71111|32.544891|-93.66941220000001
HALF PAST FIVE|Location is: Koala Club|3|17:30:00|18:30:00|4809 Shed Road, Bossier City, LA 71111|32.544891|-93.66941220000001
HALF PAST FIVE|Location is: Koala Club|4|17:30:00|18:30:00|4809 Shed Road, Bossier City, LA 71111|32.544891|-93.66941220000001
HALF PAST FIVE|Location is: Koala Club|5|17:30:00|18:30:00|4809 Shed Road, Bossier City, LA 71111|32.544891|-93.66941220000001
HALF PAST FIVE|Location is: Koala Club|6|17:30:00|18:30:00|4809 Shed Road, Bossier City, LA 71111|32.544891|-93.66941220000001
HALF PAST FIVE|Location is: Koala Club|7|17:30:00|18:30:00|4809 Shed Road, Bossier City, LA 71111|32.544891|-93.66941220000001
THREE LEGACIES|Location is: Koala Club|1|12:00:00|13:00:00|4809 Shed Road, Bossier City, LA 71111|32.544891|-93.66941220000001
FAITHFUL FEW|Location is: Koala Club|1|20:00:00|21:00:00|4809 Shed Road, Bossier City, LA 71111|32.544891|-93.66941220000001
ST FRANCIS GROUP|Location is: Koala Club|2|20:00:00|21:00:00|4809 Shed Road, Bossier City, LA 71111|32.544891|-93.66941220000001
THE BOSSIER GROUP|Location is: Koala Club|3|20:00:00|21:00:00|4809 Shed Road, Bossier City, LA 71111|32.544891|-93.66941220000001
AIRLINE GROUP|Location is: Koala Club|4|20:00:00|21:00:00|4809 Shed Road, Bossier City, LA 71111|32.544891|-93.66941220000001
THE BOSSIER GROUP|Location is: Koala Club|5|20:00:00|21:00:00|4809 Shed Road, Bossier City, LA 71111|32.544891|-93.66941220000001
Caduceus|Location is: Shreveport|3|19:00:00|20:00:00|Kings Hwy, Shreveport, LA 71104|32.4814116|-93.74586699999998
WINNERS|Location is: KINGS HIGHWAY CHRISTIAN CHURCH|2|12:30:00|13:30:00|806 KINGS HIGHWAY, SHREVEPORT, LA 71104|32.4815677|-93.74646419999999
FAIRFIELD GROUP|Location is: KINGS HIGHWAY CHRISTIAN CHURCH|2|20:00:00|21:00:00|806 KINGS HIGHWAY, SHREVEPORT, LA 71104|32.4815677|-93.74646419999999
WINNERS GROUP|Location is: KINGS HIGHWAY CHRISTIAN CHURCH|4|12:30:00|13:30:00|806 KINGS HIGHWAY, SHREVEPORT, LA 71104|32.4815677|-93.74646419999999
SALVATION ARMY GROUP|Location is: THE SALVATION ARMY|3|18:00:00|19:00:00|200 E STONER AVE, SHREVEPORT, LA 71101|32.4999835|-93.72891140000002
LAMBDA GROUP|Location is: SHREVEPORT CHURCH OF HOPE|5|18:30:00|19:30:00|1714 HIGHLAND AVE, SHREVEPORT, LA 71101|32.494933|-93.739912
1700 GROUP|Location is: OAKWOOD HOME FOR WOMEN|2|10:00:00|11:00:00|1700 HIGHLAND AVE, SHREVEPORT, LA 71101|32.4953949|-93.73963129999999
STILL MAGNOLIAS|Location is: OAKWOOD HOME FOR WOMEN|4|19:00:00|20:00:00|1700 HIGHLAND AVE, SHREVEPORT, LA 71101|32.4953949|-93.73963129999999
THE MENS GROUP|Location is: ST GEORGE CREEK ORTHODOX CHURCH|3|12:30:00|13:30:00|1719 CRESWELL AVE, SHREVEPORT, LA 71101|32.494773|-93.74118599999997
T.I.E.|Location is: NOEL MEMORIAL UNTIED METHODIST CHURCH|1|19:00:00|20:00:00|520 HERNDON ST, SHREVEPORT, LA 71101|32.4963657|-93.7404659
T.I.E.|Location is: NOEL MEMORIAL UNTIED METHODIST CHURCH|2|20:30:00|21:30:00|520 HERNDON ST, SHREVEPORT, LA 71101|32.4963657|-93.7404659
T.I.E.|Location is: NOEL MEMORIAL UNTIED METHODIST CHURCH|3|12:00:00|13:00:00|520 HERNDON ST, SHREVEPORT, LA 71101|32.4963657|-93.7404659
T.I.E.|Location is: NOEL MEMORIAL UNTIED METHODIST CHURCH|4|17:15:00|18:15:00|520 HERNDON ST, SHREVEPORT, LA 71101|32.4963657|-93.7404659
T.I.E.|Location is: NOEL MEMORIAL UNTIED METHODIST CHURCH|5|19:00:00|20:00:00|520 HERNDON ST, SHREVEPORT, LA 71101|32.4963657|-93.7404659
T.I.E.|Location is: NOEL MEMORIAL UNTIED METHODIST CHURCH|6|06:45:00|07:45:00|520 HERNDON ST, SHREVEPORT, LA 71101|32.4963657|-93.7404659
T.I.E.|Location is: NOEL MEMORIAL UNTIED METHODIST CHURCH|7|12:00:00|13:00:00|520 HERNDON ST, SHREVEPORT, LA 71101|32.4963657|-93.7404659
NOT TO BE MISSED|Location is: FIRST EVANGELICAL LUTHERAN CHURCH|5|12:30:00|13:30:00|2115 LINE AVE, SHREVEPORT, LA 71104|32.491395|-93.74570790000001
EYE OPENER|Location is: THE HIGHLAND CLUB|2|07:15:00|08:15:00|1711 TULANE AVE, SHREVEPORT, LA 71103|32.474049|-93.7652559
EYE OPENER|Location is: THE HIGHLAND CLUB|3|17:30:00|18:30:00|1711 TULANE AVE, SHREVEPORT, LA 71103|32.474049|-93.7652559
EYE OPENER|Location is: THE HIGHLAND CLUB|4|12:00:00|13:00:00|1711 TULANE AVE, SHREVEPORT, LA 71103|32.474049|-93.7652559
EYE OPENER|Location is: THE HIGHLAND CLUB|5|17:30:00|18:30:00|1711 TULANE AVE, SHREVEPORT, LA 71103|32.474049|-93.7652559
EYE OPENER|Location is: THE HIGHLAND CLUB|6|07:15:00|08:15:00|1711 TULANE AVE, SHREVEPORT, LA 71103|32.474049|-93.7652559
EYE OPENER|Location is: THE HIGHLAND CLUB|7|08:30:00|09:30:00|1711 TULANE AVE, SHREVEPORT, LA 71103|32.474049|-93.7652559
EYE OPENER|Location is: THE HIGHLAND CLUB|1|17:30:00|18:30:00|1711 TULANE AVE, SHREVEPORT, LA 71103|32.474049|-93.7652559
12 @ 12 / HIGH NOON|Location is: THE HIGHLAND CLUB|1|20:00:00|21:00:00|1711 TULANE AVE, SHREVEPORT, LA 71103|32.474049|-93.7652559
12 @ 12 / HIGH NOON|Location is: THE HIGHLAND CLUB|2|11:00:00|12:00:00|1711 TULANE AVE, SHREVEPORT, LA 71103|32.474049|-93.7652559
12 @ 12 / HIGH NOON|Location is: THE HIGHLAND CLUB|3|14:00:00|15:00:00|1711 TULANE AVE, SHREVEPORT, LA 71103|32.474049|-93.7652559
12 @ 12 / HIGH NOON|Location is: THE HIGHLAND CLUB|4|18:00:00|19:00:00|1711 TULANE AVE, SHREVEPORT, LA 71103|32.474049|-93.7652559
12 @ 12 / HIGH NOON|Location is: THE HIGHLAND CLUB|5|20:00:00|21:00:00|1711 TULANE AVE, SHREVEPORT, LA 71103|32.474049|-93.7652559
12 @ 12 / HIGH NOON|Location is: THE HIGHLAND CLUB|6|20:00:00|21:00:00|1711 TULANE AVE, SHREVEPORT, LA 71103|32.474049|-93.7652559
12 @ 12 / HIGH NOON|Location is: THE HIGHLAND CLUB|7|17:15:00|18:15:00|1711 TULANE AVE, SHREVEPORT, LA 71103|32.474049|-93.7652559
530 GROUP|Location is: THE HIGHLAND CLUB|1|17:30:00|18:30:00|1711 TULANE AVE, SHREVEPORT, LA 71103|32.474049|-93.7652559
530 GROUP|Location is: THE HIGHLAND CLUB|2|17:30:00|18:30:00|1711 TULANE AVE, SHREVEPORT, LA 71103|32.474049|-93.7652559
530 GROUP|Location is: THE HIGHLAND CLUB|3|17:30:00|18:30:00|1711 TULANE AVE, SHREVEPORT, LA 71103|32.474049|-93.7652559
530 GROUP|Location is: THE HIGHLAND CLUB|4|17:30:00|18:30:00|1711 TULANE AVE, SHREVEPORT, LA 71103|32.474049|-93.7652559
530 GROUP|Location is: THE HIGHLAND CLUB|5|17:30:00|18:30:00|1711 TULANE AVE, SHREVEPORT, LA 71103|32.474049|-93.7652559
530 GROUP|Location is: THE HIGHLAND CLUB|6|17:30:00|18:30:00|1711 TULANE AVE, SHREVEPORT, LA 71103|32.474049|-93.7652559
530 GROUP|Location is: THE HIGHLAND CLUB|7|17:30:00|18:30:00|1711 TULANE AVE, SHREVEPORT, LA 71103|32.474049|-93.7652559
SPIRITUAL PROGRESS|Location is: THE HIGHLAND CLUB|1|12:00:00|13:00:00|1711 TULANE AVE, SHREVEPORT, LA 71103|32.474049|-93.7652559
BACK TO BASICS|Location is: THE HIGHLAND CLUB|1|16:00:00|17:00:00|1711 TULANE AVE, SHREVEPORT, LA 71103|32.474049|-93.7652559
TULANE GROUP|Location is: THE HIGHLAND CLUB|1|19:00:00|20:00:00|1711 TULANE AVE, SHREVEPORT, LA 71103|32.474049|-93.7652559
BACK TO BASICS|Location is: THE HIGHLAND CLUB|2|19:00:00|20:00:00|1711 TULANE AVE, SHREVEPORT, LA 71103|32.474049|-93.7652559
BIG BOOK STUDY|Location is: THE HIGHLAND CLUB|2|20:00:00|21:00:00|1711 TULANE AVE, SHREVEPORT, LA 71103|32.474049|-93.7652559
EYE OPENER II|Location is: THE HIGHLAND CLUB|3|08:30:00|09:30:00|1711 TULANE AVE, SHREVEPORT, LA 71103|32.474049|-93.7652559
TULANE GROUP|Location is: THE HIGHLAND CLUB|3|20:00:00|21:00:00|1711 TULANE AVE, SHREVEPORT, LA 71103|32.474049|-93.7652559
TULANE GROUP|Location is: THE HIGHLAND CLUB|4|20:00:00|21:00:00|1711 TULANE AVE, SHREVEPORT, LA 71103|32.474049|-93.7652559
TULANE GROUP|Location is: THE HIGHLAND CLUB|5|20:00:00|21:00:00|1711 TULANE AVE, SHREVEPORT, LA 71103|32.474049|-93.7652559
426 GROUP|Location is: THE BRIDGE HOUSE|1|18:00:00|19:00:00|426 STONER AVE, SHREVEPORT, LA 71101|32.5000527|-93.7383476
LET YOUR HAIR DOWN|Location is: VIRGINIA PLACE CENTER|1|13:00:00|14:00:00|1130 BUSBY DR, SHREVEPORT, LA 71101|32.5008174|-93.73856590000003
LET YOUR HAIR DOWN|Location is: VIRGINIA PLACE CENTER|2|16:30:00|17:30:00|1130 BUSBY DR, SHREVEPORT, LA 71101|32.5008174|-93.73856590000003
LET YOUR HAIR DOWN|Location is: VIRGINIA PLACE CENTER|3|20:00:00|21:00:00|1130 BUSBY DR, SHREVEPORT, LA 71101|32.5008174|-93.73856590000003
LET YOUR HAIR DOWN|Location is: VIRGINIA PLACE CENTER|4|19:30:00|20:30:00|1130 BUSBY DR, SHREVEPORT, LA 71101|32.5008174|-93.73856590000003
LET YOUR HAIR DOWN|Location is: VIRGINIA PLACE CENTER|5|19:00:00|20:00:00|1130 BUSBY DR, SHREVEPORT, LA 71101|32.5008174|-93.73856590000003
LET YOUR HAIR DOWN|Location is: VIRGINIA PLACE CENTER|6|17:15:00|18:15:00|1130 BUSBY DR, SHREVEPORT, LA 71101|32.5008174|-93.73856590000003
LET YOUR HAIR DOWN|Location is: VIRGINIA PLACE CENTER|7|05:15:00|06:15:00|1130 BUSBY DR, SHREVEPORT, LA 71101|32.5008174|-93.73856590000003
NEW BEGINNINS|Location is: BRENTWOOD HOSPITAL|1|09:00:00|10:00:00|1006 HIGHLAND AVE, SHREVEPORT, LA 71101|32.5026171|-93.73911659999999
THE GREATER HOPE GROUP|Location is: BRENTWOOD HOSPITAL|5|20:00:00|21:00:00|1006 HIGHLAND AVE, SHREVEPORT, LA 71101|32.5026171|-93.73911659999999
ALL-R-NONE|Location is: UAW HALL|1|19:00:00|20:00:00|6881 INDUSTRIAL LOOP EXPRESSWAY, SHREVEPORT, LA 71111|32.5849881|-93.6927531
MARGARET PLACE|Location is: CHRISTUS SHUMPERT HEALTH SYSTEM|1|09:45:00|10:45:00|915 MARGARET PLACE, SHREVEPORT, LA 71101|32.4960026|-93.749528
FREESTATE III|Location is: DOCTORS HOSPITAL|1|08:00:00|09:00:00|1130 LOUISIANA AVE, SHREVEPORT, LA 71101|32.502228|-93.7450854
NEW WAY, NEW LIFE|Location is: STEPS DETOX|1|20:00:00|21:00:00|525 CROCKETT STREET, SHREVEPORT, LA 71101|32.51072|-93.748672
NEW WAY, NEW LIFE|Location is: STEPS DETOX|2|06:45:00|07:45:00|525 CROCKETT STREET, SHREVEPORT, LA 71101|32.51072|-93.748672
NEW WAY, NEW LIFE|Location is: STEPS DETOX|3|12:00:00|13:00:00|525 CROCKETT STREET, SHREVEPORT, LA 71101|32.51072|-93.748672
NEW WAY, NEW LIFE|Location is: STEPS DETOX|4|17:15:00|18:15:00|525 CROCKETT STREET, SHREVEPORT, LA 71101|32.51072|-93.748672
NEW WAY, NEW LIFE|Location is: STEPS DETOX|5|21:00:00|22:00:00|525 CROCKETT STREET, SHREVEPORT, LA 71101|32.51072|-93.748672
NEW WAY, NEW LIFE|Location is: STEPS DETOX|6|08:00:00|09:00:00|525 CROCKETT STREET, SHREVEPORT, LA 71101|32.51072|-93.748672
NEW WAY, NEW LIFE|Location is: STEPS DETOX|7|10:00:00|11:00:00|525 CROCKETT STREET, SHREVEPORT, LA 71101|32.51072|-93.748672
NEW WAY, NEW LIFE|Location is: STEPS DETOX|3|20:00:00|21:00:00|525 CROCKETT ST, SHREVEPORT, LA 71101|32.51072|-93.748672
NEW WAY, NEW LIFE|Location is: STEPS DETOX|4|20:00:00|21:00:00|525 CROCKETT ST, SHREVEPORT, LA 71101|32.51072|-93.748672
NEW HI NOON GROUP|Location is: FIRST UNITED METHODIST CHURCH|4|12:30:00|13:30:00|500 COMMON ST, SHREVEPORT, LA 71101|32.5109038|-93.75272210000003
NEW HI NOON GROUP|Location is: FIRST UNITED METHODIST CHURCH|5|12:30:00|13:30:00|500 COMMON ST, SHREVEPORT, LA 71101|32.5109038|-93.75272210000003
ON THE WAY HOME|Location is: FIRST UNITED METHODIST CHURCH|5|17:30:00|18:30:00|500 COMMON ST, SHREVEPORT, LA 71101|32.5109038|-93.75272210000003
FRIDAY NIGHT LIVE|Location is: FIRST UNITED METHODIST CHURCH|5|20:00:00|21:00:00|500 COMMON ST, SHREVEPORT, LA 71101|32.5109038|-93.75272210000003
WERE NOT SAINTS|Location is: ASBURY UNITED METHODIST CHURCH|1|16:00:00|17:00:00|3200 N AIRLINE DR, BOSSIER CITY, LA 71111|32.5644837|-93.71136869999998
WE’RE NOT SAINTS|Location is: ASBURY UNITED METHODIST CHURCH|3|19:00:00|20:00:00|3200 N AIRLINE DR, BOSSIER CITY, LA 71111|32.5644837|-93.71136869999998
GRACE GROUP|Location is: GRACE COMMUNITY CHURCH|1|16:00:00|17:00:00|9400 ELLERBEE ROAD, SHREVEPORT, LA |32.4007834|-93.73552710000001
HARDY GROUP|Location is: ST MATTHIAS EPISCOPAL CHURCH|2|19:00:00|20:00:00|3301 S MATHIAS ST, SHREVEPORT, LA |32.4842981|-93.84111639999998
Mount Angel Group|Location is: Anslem Hall|4|19:30:00|20:30:00|1 Abbey Dr, St. Benedict, LA 70435|30.526858|-90.11257849999998
Mount Angel Group|Location is: Anslem Hall|6|19:30:00|20:30:00|1 Abbey Dr, St. Benedict, LA 70435|30.526858|-90.11257849999998
WESTWOOD GROUP|Location is: WESTWOOD BAPTIST CHURCH|5|19:00:00|20:00:00|13907 JOHNS GIN ROAD, KEITHVILLE, LA 71047|32.25818|-94.02685489999999
THE PINES GROUP|Location is: Pine Treatment Center|1|20:00:00|21:00:00|6240 Greenwood Road, Shreveport, LA 71119|32.454183|-93.867973
THE PINES GROUP|Location is: Pine Treatment Center|3|20:00:00|21:00:00|6240 Greenwood Road, Shreveport, LA 71119|32.454183|-93.867973
MANGHAM GROUP|Location is: MANGHAM METHODIST CHURCH|2|20:00:00|21:00:00|3939 PINES ROAD, SHREVEPORT, LA 71119|32.4714314|-93.86548319999997
PRINCIPLES BEFORE PERSONALITIES|Location is: W-K COMMUNITY HEALTH CLINIC|4|20:00:00|21:00:00|4700 SHREVEPORT-BLANCHARD HIGHWAY, SHREVEPORT, LA 71107|32.544787|-93.83777199999997
Central Group|Location is: High Street/State Street|2|12:00:00|13:00:00|Former First Christian Church, jackson, LA |30.8374036|-91.21760870000003
Centrals|Location is: Kelly&#39;s office furniture|5|12:00:00|13:00:00|will get back to ya on that, Jackson, LA |30.8374036|-91.21760870000003
110 A HIGH ST|Location is: 110 A HIGH ST|3|20:00:00|21:00:00|110 A HIGH ST, JACKSON, LA 39202|30.8383264|-91.21663990000002
110 A HIGH ST|Location is: 110 A HIGH ST|5|12:00:00|13:00:00|110 A HIGH ST, JACKSON, LA 39202|30.8383264|-91.21663990000002
110 A HIGH ST|Location is: 110 A HIGH ST|7|20:00:00|21:00:00|110 A HIGH ST, JACKSON, LA 39202|30.8383264|-91.21663990000002
Northeast Group|Location is: YANA Club|3|20:00:00|21:00:00|555 Hartfield Street, jackson, LA 39216|30.86347349999999|-91.200469
Northeast Group|Location is: YANA Club|6|20:00:00|21:00:00|555 Hartfield Street, jackson, LA 39216|30.86347349999999|-91.200469
Northeast Group|Location is: YANA Club|1|20:00:00|21:00:00|555 Hartfield Street, jackson, LA 39216|30.86347349999999|-91.200469
Northeast Group|Location is: YANA Club|2|20:00:00|21:00:00|555 Hartfield Street, jackson, LA 39216|30.86347349999999|-91.200469
Northeast Group|Location is: YANA Club|4|20:00:00|21:00:00|555 Hartfield Street, jackson, LA 39216|30.86347349999999|-91.200469
Northeast Group|Location is: YANA Club|5|20:00:00|21:00:00|555 Hartfield Street, jackson, LA 39216|30.86347349999999|-91.200469
Northeast Group|Location is: YANA Club|7|20:00:00|21:00:00|555 Hartfield Street, jackson, LA 39216|30.86347349999999|-91.200469
Northeast Group|Location is: YANA|4|20:00:00|21:00:00|555 Hartfield St, jackson, LA 39216|30.86347349999999|-91.200469
Open Door Group|Location is: Open Door Group|2|12:00:00|13:00:00|801 E. 6th Street, El Dorado, LA 71730|33.0113346|-92.71216190000001
Open Door Group 2|Location is: Open Door Group|2|19:00:00|20:00:00|801 E. 6th Street, El Dorado, LA 71730|33.0113346|-92.71216190000001
Open Door Group|Location is: Open Door Group|3|12:00:00|13:00:00|801 E. 6th Street, El Dorado, LA 71730|33.0113346|-92.71216190000001
Open Door Group 2|Location is: Open Door Group|3|19:00:00|20:00:00|801 E. 6th Street, El Dorado, LA 71730|33.0113346|-92.71216190000001
Open Door Group|Location is: Open Door Group|4|12:00:00|13:00:00|801 E. 6th Street, El Dorado, LA 71730|33.0113346|-92.71216190000001
Open Door Group 2|Location is: Open Door Group|5|19:00:00|20:00:00|801 E. 6th Street, El Dorado, LA 71730|33.0113346|-92.71216190000001
Open Door Group|Location is: Open Door Group|6|12:00:00|13:00:00|801 E. 6th Street, El Dorado, LA 71730|33.0113346|-92.71216190000001
Open Door Group 2|Location is: Open Door Group|7|19:00:00|20:00:00|801 E. 6th Street, El Dorado, LA 71730|33.0113346|-92.71216190000001
Suburban West|Location is: All Saints Episcopal Church|1|20:00:00|21:00:00|100 Rex Drive, new orleans, LA 70123|29.94545759999999|-90.21650950000003
4th dimension|Location is: solutions clubhouse|1|22:00:00|23:00:00|400 maine st, metairie, LA 70121|29.96196419999999|-90.15498209999998
MURRAY STREET GROUP|Location is: MURRAY STREET GROUP|2|20:00:00|21:00:00|1221 MURRAY STREET, NACOGDOCHES, LA 75961|31.7603314|-93.1465976
MURRAY STREET GROUP|Location is: MURRAY STREET GROUP|3|20:00:00|21:00:00|1221 MURRAY STREET, NACOGDOCHES, LA 75961|31.7603314|-93.1465976
MURRAY STREET GROUP|Location is: MURRAY STREET GROUP|4|20:00:00|21:00:00|1221 MURRAY STREET, NACOGDOCHES, LA 75961|31.7603314|-93.1465976
MURRAY STREET GROUP|Location is: MURRAY STREET GROUP|5|20:00:00|21:00:00|1221 MURRAY STREET, NACOGDOCHES, LA 75961|31.7603314|-93.1465976
MURRAY STREET GROUP|Location is: MURRAY STREET GROUP|6|20:00:00|21:00:00|1221 MURRAY STREET, NACOGDOCHES, LA 75961|31.7603314|-93.1465976
MURRAY STREET GROUP|Location is: MURRAY STREET GROUP|7|20:00:00|21:00:00|1221 MURRAY STREET, NACOGDOCHES, LA 75961|31.7603314|-93.1465976
MURRAY STREET GROUP|Location is: MURRAY STREET GROUP|1|20:00:00|21:00:00|1221 MURRAY STREET, NACOGDOCHES, LA 75961|31.7603314|-93.1465976
Recovery Room|Location is: St Andrew's Church|4|20:00:00|21:00:00|S Carrollton Ave & Zimple St, New Orleans, LA 70118|29.9466571|-90.13055729999996
Navarre Park Sheller House|Location is: Navarre Park Sheller House|3|20:00:00|21:00:00|White St., Navarre Park, LA 70119|29.9739746|-90.08217669999999
Primary Purpose|Location is: New Orleans|1|20:00:00|21:00:00|2820 Napoleon Ave., new_orleans, LA 70115|29.9383097|-90.10340250000002
Three Legacies|Location is: St.George's Episcopal Church|5|19:00:00|20:00:00|4600 St Charles Ave, New Orleans, LA 70115|29.925844|-90.10461499999997
Three Legacies|Location is: St. Geoge's Episcopal Chruch|5|19:00:00|20:00:00|4600 St Charles Ave, New Orleans, LA 70115|29.925844|-90.10461499999997
Sober and Serene|Location is: St. Ana Church|2|12:15:00|13:15:00|1313 Esplanade Av, new_orleans, LA 70116|29.9678181|-90.06616639999999
Quarter Group|Location is: Lambda Center|4|20:00:00|21:00:00|831 Elysian Fields Ave, new_orleans, LA 70117|29.96631499999999|-90.05622700000004
ISLA GROUP|Location is: NEW HOPE BAPTIST CHURCH|2|20:00:00|21:00:00|NEW HOPE ROAD, MILAN, LA 70072|29.8120151|-90.1307797
Manolia Group|Location is: Manolia Group|2|20:00:00|21:00:00|914 North Vine Street, Magnolia, LA 71753|32.9942753|-93.464406
Manolia Group|Location is: Manolia Group|4|20:00:00|21:00:00|914 North Vine Street, Magnolia, LA 71753|32.9942753|-93.464406
Manolia Group 2|Location is: Manolia Group|3|12:00:00|13:00:00|914 North Vine Street, Magnolia, LA 71753|32.9942753|-93.464406
Manolia Group|Location is: Manolia Group|3|20:00:00|21:00:00|914 North Vine Street, Magnolia, LA 71753|32.9942753|-93.464406
Manolia Group 2|Location is: Manolia Group|5|12:00:00|13:00:00|914 North Vine Street, Magnolia, LA 71753|32.9942753|-93.464406
Manolia Group|Location is: Manolia Group|6|20:00:00|21:00:00|914 North Vine Street, Magnolia, LA 71753|32.9942753|-93.464406
Manolia Group 2|Location is: Manolia Group|7|12:00:00|13:00:00|914 North Vine Street, Magnolia, LA 71753|32.9942753|-93.464406
Manolia Group 3|Location is: Manolia Group|1|19:00:00|20:00:00|914 North Vine Street, Magnolia, LA 71753|32.9942753|-93.464406
Manolia Group|Location is: Manolia Group|5|20:00:00|21:00:00|914 North Vine Street, Magnolia, LA 71753|32.9942753|-93.464406
Act of Providence|Location is: 2nd floor of the old town soda shop|3|19:30:00|20:30:00|301 Cousin Street, Slidell, LA 70458|30.2739676|-89.782646
VIVIAN GROUP|Location is: BLUE HOUSE|1|14:00:00|15:00:00|219 CENTRAL AVE, VIVIAN, LA 71082|32.8731097|-93.99117960000001
Clean and Free|Location is: St.Mary&#39;s Episcopal Church|2|20:00:00|21:00:00|Hyatt St. across from Oakland Cemetary, Monticello, LA |30.4890784|-91.04871509999998
Sobriety & Beyond|Location is: Catholic Church|5|20:00:00|21:00:00|1024 Main St., Forest City, LA 39074|32.794033|-91.41234700000001
ATLANTA GROUP|Location is: EPISCOPAL CHURCH|2|12:00:00|13:00:00|406 N LOUISE ST, ATLANTA, LA 75551|31.6423693|-92.6710013
ATLANTA GROUP|Location is: EPISCOPAL CHURCH|4|12:00:00|13:00:00|406 N LOUISE ST, ATLANTA, LA 75551|31.6423693|-92.6710013
ATLANTA GROUP|Location is: EPISCOPAL CHURCH|5|12:00:00|13:00:00|406 N LOUISE ST, ATLANTA, LA 75551|31.6423693|-92.6710013
ATLANTA GROUP 2|Location is: EPISCOPAL CHURCH|3|19:00:00|20:00:00|406 N LOUISE ST, ATLANTA, LA 75551|31.6423693|-92.6710013
ATLANTA GROUP 2|Location is: EPISCOPAL CHURCH|5|19:00:00|20:00:00|406 N LOUISE ST, ATLANTA, LA 75551|31.6423693|-92.6710013
ATLANTA GROUP 2|Location is: EPISCOPAL CHURCH|7|19:00:00|20:00:00|406 N LOUISE ST, ATLANTA, LA 75551|31.6423693|-92.6710013
DOWNTOWN SUBURBAN GROUP 6|Location is: DOWNTOWN SUBURBAN GROUP|1|09:30:00|10:30:00|1034 EAST LAKE STREET, TYLER, LA 75701|31.36358689999999|-92.29290049999997
DOWNTOWN SUBURBAN GROUP|Location is: DOWNTOWN SUBURBAN GROUP|2|12:00:00|13:00:00|1034 EAST LAKE STREET, TYLER, LA 75701|31.36358689999999|-92.29290049999997
DOWNTOWN SUBURBAN GROUP|Location is: DOWNTOWN SUBURBAN GROUP|3|12:00:00|13:00:00|1034 EAST LAKE STREET, TYLER, LA 75701|31.36358689999999|-92.29290049999997
DOWNTOWN SUBURBAN GROUP|Location is: DOWNTOWN SUBURBAN GROUP|4|12:00:00|13:00:00|1034 EAST LAKE STREET, TYLER, LA 75701|31.36358689999999|-92.29290049999997
DOWNTOWN SUBURBAN GROUP|Location is: DOWNTOWN SUBURBAN GROUP|5|12:00:00|13:00:00|1034 EAST LAKE STREET, TYLER, LA 75701|31.36358689999999|-92.29290049999997
DOWNTOWN SUBURBAN GROUP|Location is: DOWNTOWN SUBURBAN GROUP|6|12:00:00|13:00:00|1034 EAST LAKE STREET, TYLER, LA 75701|31.36358689999999|-92.29290049999997
DOWNTOWN SUBURBAN GROUP 5|Location is: DOWNTOWN SUBURBAN GROUP|7|13:00:00|14:00:00|1034 EAST LAKE STREET, TYLER, LA 75701|31.36358689999999|-92.29290049999997
DOWNTOWN SUBURBAN GROUP 3|Location is: DOWNTOWN SUBURBAN GROUP|3|18:00:00|19:00:00|1034 EAST LAKE STREET, TYLER, LA 75701|31.36358689999999|-92.29290049999997
DOWNTOWN SUBURBAN GROUP 3|Location is: DOWNTOWN SUBURBAN GROUP|4|18:00:00|19:00:00|1034 EAST LAKE STREET, TYLER, LA 75701|31.36358689999999|-92.29290049999997
DOWNTOWN SUBURBAN GROUP 4|Location is: DOWNTOWN SUBURBAN GROUP|6|18:30:00|19:30:00|1034 EAST LAKE STREET, TYLER, LA 75701|31.36358689999999|-92.29290049999997
DOWNTOWN SUBURBAN GROUP 2|Location is: DOWNTOWN SUBURBAN GROUP|2|20:00:00|21:00:00|1034 EAST LAKE STREET, TYLER, LA 75701|31.36358689999999|-92.29290049999997
DOWNTOWN SUBURBAN GROUP 2|Location is: DOWNTOWN SUBURBAN GROUP|3|20:00:00|21:00:00|1034 EAST LAKE STREET, TYLER, LA 75701|31.36358689999999|-92.29290049999997
DOWNTOWN SUBURBAN GROUP 2|Location is: DOWNTOWN SUBURBAN GROUP|4|20:00:00|21:00:00|1034 EAST LAKE STREET, TYLER, LA 75701|31.36358689999999|-92.29290049999997
DOWNTOWN SUBURBAN GROUP 2|Location is: DOWNTOWN SUBURBAN GROUP|5|20:00:00|21:00:00|1034 EAST LAKE STREET, TYLER, LA 75701|31.36358689999999|-92.29290049999997
DOWNTOWN SUBURBAN GROUP 2|Location is: DOWNTOWN SUBURBAN GROUP|6|20:00:00|21:00:00|1034 EAST LAKE STREET, TYLER, LA 75701|31.36358689999999|-92.29290049999997
DOWNTOWN SUBURBAN GROUP 2|Location is: DOWNTOWN SUBURBAN GROUP|7|20:00:00|21:00:00|1034 EAST LAKE STREET, TYLER, LA 75701|31.36358689999999|-92.29290049999997
DOWNTOWN SUBURBAN GROUP 2|Location is: DOWNTOWN SUBURBAN GROUP|1|20:00:00|21:00:00|1034 EAST LAKE STREET, TYLER, LA 75701|31.36358689999999|-92.29290049999997
Grant County Group|Location is: Chamber of Commerce Building|3|20:00:00|21:00:00|202 N. Oak Street, Sheridan, LA 72150|32.5232207|-92.0831384
Grant County Group|Location is: Chamber of Commerce Building|5|20:00:00|21:00:00|202 N. Oak Street, Sheridan, LA 72150|32.5232207|-92.0831384
This Side of the Lake|Location is: Nasa Rd. 1|4|12:00:00|13:00:00|Webster, Webster, LA 77598|32.6087599|-93.27028009999998
Open Air Group|Location is: Montgomery United Methodist Church|5|18:00:00|19:00:00|22548 Texas 105, Montgomery, LA 77356|31.6930825|-93.61762799999997
Open Air Group|Location is: Montgomery United Methodist Church|2|18:00:00|19:00:00|22548 Texas 105, Montgomery, LA 77356|31.6930825|-93.61762799999997
Alexander Group|Location is: Immanual Lutheran Church|6|20:00:00|21:00:00|15224 Alexander Road, Alexander, LA 72002|31.4607688|-92.39559150000002
"F" Street Group 2|Location is: Across from Park Hill Presby Church|2|12:00:00|13:00:00|123 East F Street, North Little Rock, LA 72116|29.6930638|-90.75494570000001
Wednesday Night 12&12|Location is: Across from Park Hill Presby Church|4|19:00:00|20:00:00|123 East F Street, North Little Rock, LA 72116|29.6930638|-90.75494570000001
"F" Street Group 3|Location is: Across from Park Hill Presby Church|4|17:30:00|18:30:00|123 East F Street, North Little Rock, LA 72116|29.6930638|-90.75494570000001
Indian Hills BBS|Location is: Across from Park Hill Presby Church|2|19:00:00|20:00:00|123 East F Street, North Little Rock, LA 72116|29.6930638|-90.75494570000001
Rock Group|Location is: Across from Park Hill Presby Church|3|19:30:00|20:30:00|123 East F Street, North Little Rock, LA 72116|29.6930638|-90.75494570000001
"F" Street Group 2|Location is: Across from Park Hill Presby Church|3|12:00:00|13:00:00|123 East F Street, North Little Rock, LA 72116|29.6930638|-90.75494570000001
"F" Street Group 3|Location is: Across from Park Hill Presby Church|3|17:30:00|18:30:00|123 East F Street, North Little Rock, LA 72116|29.6930638|-90.75494570000001
"F" Street Group 2|Location is: Across from Park Hill Presby Church|4|12:00:00|13:00:00|123 East F Street, North Little Rock, LA 72116|29.6930638|-90.75494570000001
"F" Street Group 2|Location is: Across from Park Hill Presby Church|5|12:00:00|13:00:00|123 East F Street, North Little Rock, LA 72116|29.6930638|-90.75494570000001
"F" Street Group 3|Location is: Across from Park Hill Presby Church|5|17:30:00|18:30:00|123 East F Street, North Little Rock, LA 72116|29.6930638|-90.75494570000001
"F" Street Group 2|Location is: Across from Park Hill Presby Church|6|12:00:00|13:00:00|123 East F Street, North Little Rock, LA 72116|29.6930638|-90.75494570000001
"F" Street Group 3|Location is: Across from Park Hill Presby Church|6|17:30:00|18:30:00|123 East F Street, North Little Rock, LA 72116|29.6930638|-90.75494570000001
"F" Street Group 2|Location is: Across from Park Hill Presby Church|7|12:00:00|13:00:00|123 East F Street, North Little Rock, LA 72116|29.6930638|-90.75494570000001
"F" Street Group 5|Location is: Across from Park Hill Presby Church|1|19:30:00|20:30:00|123 East F Street, North Little Rock, LA 72116|29.6930638|-90.75494570000001
"F" Street Group|Location is: Across from Park Hill Presby Church|2|06:00:00|07:00:00|123 East F Street, North Little Rock, LA 72116|29.6930638|-90.75494570000001
"F" Street Group|Location is: Across from Park Hill Presby Church|3|06:00:00|07:00:00|123 East F Street, North Little Rock, LA 72116|29.6930638|-90.75494570000001
"F" Street Group|Location is: Across from Park Hill Presby Church|4|06:00:00|07:00:00|123 East F Street, North Little Rock, LA 72116|29.6930638|-90.75494570000001
"F" Street Group|Location is: Across from Park Hill Presby Church|5|06:00:00|07:00:00|123 East F Street, North Little Rock, LA 72116|29.6930638|-90.75494570000001
"F" Street Group|Location is: Across from Park Hill Presby Church|6|06:00:00|07:00:00|123 East F Street, North Little Rock, LA 72116|29.6930638|-90.75494570000001
Rock Group|Location is: Across from Park Hill Presby Church|5|19:30:00|20:30:00|123 East F Street, North Little Rock, LA 72116|29.6930638|-90.75494570000001
Rock Group|Location is: Across from Park Hill Presby Church|7|19:30:00|20:30:00|123 East F Street, North Little Rock, LA 72116|29.6930638|-90.75494570000001
"F" Street Group 3|Location is: Across from Park Hill Presby Church|2|17:30:00|18:30:00|123 East F Street, North Little Rock, LA 72116|29.6930638|-90.75494570000001
"F" Street Group 4|Location is: Across from Park Hill Presby Church|6|22:00:00|23:00:00|123 East F Street, North Little Rock, LA 72116|29.6930638|-90.75494570000001
"F" Street Group 3|Location is: Across from Park Hill Presby Church|7|17:30:00|18:30:00|123 East F Street, North Little Rock, LA 72116|29.6930638|-90.75494570000001
"F" Street Group 4|Location is: Across from Park Hill Presby Church|7|22:00:00|23:00:00|123 East F Street, North Little Rock, LA 72116|29.6930638|-90.75494570000001
St. Andrews Chapel|Location is: JOY OF LIVING|4|19:00:00|20:00:00|Dead Lake Rd., Creola, LA |31.4288386|-92.48143570000002
TWILIGHT GROUP|Location is: ALL SAINTS EPISCOPAL CHURCH|3|19:00:00|20:00:00|1001 12TH STREET, WEST COLUMBIA, LA 77486|33.0183835|-93.48018680000001
TWILIGHT GROUP|Location is: ALL SAINTS EPISCOPAL CHURCH|5|19:00:00|20:00:00|1001 12TH STREET, WEST COLUMBIA, LA 77486|33.0183835|-93.48018680000001
TWILIGHT GROUP|Location is: ALL SAINTS EPISCOPAL CHURCH|6|19:00:00|20:00:00|1001 12TH STREET, WEST COLUMBIA, LA 77486|33.0183835|-93.48018680000001
DOWNTOWN A.A. GROUP2|Location is: DOWNTOWN GROUP|7|20:00:00|21:00:00|1704 Lamar Avenue, , LA |29.8894823|-90.02429269999999
DOWNTOWN GROUP 2|Location is: DOWNTOWN GROUP|2|20:00:00|21:00:00|1704 Lamar Avenue, , LA |29.8894823|-90.02429269999999
DOWNTOWN GROUP 2|Location is: DOWNTOWN GROUP|3|20:00:00|21:00:00|1704 Lamar Avenue, , LA |29.8894823|-90.02429269999999
DOWNTOWN GROUP 2|Location is: DOWNTOWN GROUP|4|20:00:00|21:00:00|1704 Lamar Avenue, , LA |29.8894823|-90.02429269999999
DOWNTOWN GROUP 2|Location is: DOWNTOWN GROUP|5|20:00:00|21:00:00|1704 Lamar Avenue, , LA |29.8894823|-90.02429269999999
DOWNTOWN GROUP 2|Location is: DOWNTOWN GROUP|6|20:00:00|21:00:00|1704 Lamar Avenue, , LA |29.8894823|-90.02429269999999
DOWNTOWN GROUP 2|Location is: DOWNTOWN GROUP|1|20:00:00|21:00:00|1704 Lamar Avenue, , LA |29.8894823|-90.02429269999999
DOWNTOWN A.A. GROUP2|Location is: DOWNTOWN GROUP|2|12:00:00|13:00:00|1704 Lamar Avenue, , LA |29.8894823|-90.02429269999999
DOWNTOWN A.A. GROUP2|Location is: DOWNTOWN GROUP|3|12:00:00|13:00:00|1704 Lamar Avenue, , LA |29.8894823|-90.02429269999999
DOWNTOWN A.A. GROUP2|Location is: DOWNTOWN GROUP|4|12:00:00|13:00:00|1704 Lamar Avenue, , LA |29.8894823|-90.02429269999999
DOWNTOWN A.A. GROUP2|Location is: DOWNTOWN GROUP|5|12:00:00|13:00:00|1704 Lamar Avenue, , LA |29.8894823|-90.02429269999999
DOWNTOWN A.A. GROUP2|Location is: DOWNTOWN GROUP|6|12:00:00|13:00:00|1704 Lamar Avenue, , LA |29.8894823|-90.02429269999999
DOWNTOWN A.A. GROUP2|Location is: DOWNTOWN GROUP|1|20:00:00|21:00:00|1704 Lamar Avenue, , LA |29.8894823|-90.02429269999999
Kitchen Table Step Study Group|Location is: Old Court House|4|19:30:00|20:30:00|Park Place?, LEE, LA |32.5199359|-92.14279379999999
Park Place Group|Location is: First Congregational Church|5|19:30:00|20:30:00|Park Place???, Lee, LA |32.5199359|-92.14279379999999
Red Oak|Location is: First United Methodist Church|3|19:00:00|20:00:00|600 West Red Oak Road, Red Oak, LA 75154|30.4854968|-90.73663119999998
Red Oak|Location is: First United Methodist Church|5|19:00:00|20:00:00|600 West Red Oak Road, Red Oak, LA 75154|30.4854968|-90.73663119999998
UNDERCROFT|Location is: Ch. Of Assumption|4|20:30:00|21:30:00|3401 M.l.k. Jr. Ave., Southeast, LA 75098|30.5334098|-90.46035280000001
FOURTH STEP STUDY|Location is: Ressurection Bapt. Church|6|20:00:00|21:00:00|3501 M.l.k. Jr. Ave., Southeast, LA 75098|30.5334098|-90.46035280000001
ST ROSE OF LIMA|Location is: ST ROSE OF LIMA|2|19:30:00|20:30:00|504 S 3RF, DESOTO, LA |31.9686894|-94.00134969999999
West Memphis Group|Location is: West Memphis Group|2|12:00:00|13:00:00|1233 Park, West Memphis, LA 72301|30.0066205|-90.10554049999996
West Memphis Group 2|Location is: West Memphis Group|2|20:00:00|21:00:00|1233 Park, West Memphis, LA 72301|30.0066205|-90.10554049999996
West Memphis Group|Location is: West Memphis Group|3|12:00:00|13:00:00|1233 Park, West Memphis, LA 72301|30.0066205|-90.10554049999996
West Memphis Group|Location is: West Memphis Group|4|12:00:00|13:00:00|1233 Park, West Memphis, LA 72301|30.0066205|-90.10554049999996
West Memphis Group 2|Location is: West Memphis Group|4|20:00:00|21:00:00|1233 Park, West Memphis, LA 72301|30.0066205|-90.10554049999996
West Memphis Group|Location is: West Memphis Group|5|12:00:00|13:00:00|1233 Park, West Memphis, LA 72301|30.0066205|-90.10554049999996
West Memphis Group|Location is: West Memphis Group|6|12:00:00|13:00:00|1233 Park, West Memphis, LA 72301|30.0066205|-90.10554049999996
West Memphis Group 2|Location is: West Memphis Group|6|20:00:00|21:00:00|1233 Park, West Memphis, LA 72301|30.0066205|-90.10554049999996
West Memphis Group|Location is: West Memphis Group|7|12:00:00|13:00:00|1233 Park, West Memphis, LA 72301|30.0066205|-90.10554049999996
West Memphis Group 3|Location is: West Memphis Group|7|22:00:00|23:00:00|1233 Park, West Memphis, LA 72301|30.0066205|-90.10554049999996
McKinney Miracle 2|Location is: 1st Baptist Church|1|19:30:00|20:30:00|1615 W Louisiana Pkwy, McKinney, LA 75069|31.9098775|-92.62981430000002
McKinney Miracle|Location is: 1st Baptist Church|2|12:00:00|13:00:00|1615 W Louisiana Pkwy, McKinney, LA 75069|31.9098775|-92.62981430000002
McKinney Miracle 2|Location is: 1st Baptist Church|2|19:30:00|20:30:00|1615 W Louisiana Pkwy, McKinney, LA 75069|31.9098775|-92.62981430000002
McKinney Miracle|Location is: 1st Baptist Church|3|12:00:00|13:00:00|1615 W Louisiana Pkwy, McKinney, LA 75069|31.9098775|-92.62981430000002
McKinney Miracle 2|Location is: 1st Baptist Church|3|19:30:00|20:30:00|1615 W Louisiana Pkwy, McKinney, LA 75069|31.9098775|-92.62981430000002
McKinney Miracle|Location is: 1st Baptist Church|4|12:00:00|13:00:00|1615 W Louisiana Pkwy, McKinney, LA 75069|31.9098775|-92.62981430000002
McKinney Miracle 2|Location is: 1st Baptist Church|4|19:30:00|20:30:00|1615 W Louisiana Pkwy, McKinney, LA 75069|31.9098775|-92.62981430000002
McKinney Miracle|Location is: 1st Baptist Church|5|12:00:00|13:00:00|1615 W Louisiana Pkwy, McKinney, LA 75069|31.9098775|-92.62981430000002
McKinney Miracle 2|Location is: 1st Baptist Church|5|19:30:00|20:30:00|1615 W Louisiana Pkwy, McKinney, LA 75069|31.9098775|-92.62981430000002
McKinney Miracle|Location is: 1st Baptist Church|6|12:00:00|13:00:00|1615 W Louisiana Pkwy, McKinney, LA 75069|31.9098775|-92.62981430000002
McKinney Miracle 2|Location is: 1st Baptist Church|6|19:30:00|20:30:00|1615 W Louisiana Pkwy, McKinney, LA 75069|31.9098775|-92.62981430000002
McKinney Miracle 2|Location is: 1st Baptist Church|7|19:30:00|20:30:00|1615 W Louisiana Pkwy, McKinney, LA 75069|31.9098775|-92.62981430000002
McKinney Miracle|Location is: 1st Baptist Church|1|19:30:00|20:30:00|1615 W Louisiana Pkwy, McKinney, LA 75069|31.9098775|-92.62981430000002
McKinney Miracle|Location is: 1st Baptist Church|7|19:30:00|20:30:00|1615 W Louisiana Pkwy, McKinney, LA 75069|31.9098775|-92.62981430000002
Marion Group|Location is: Marion Group|2|20:00:00|21:00:00|98 Cypress Street, Marion, LA 72364|32.8255287|-92.1471631
Marion Group|Location is: Marion Group|4|20:00:00|21:00:00|98 Cypress Street, Marion, LA 72364|32.8255287|-92.1471631
Greenwood Group|Location is: First Methodist Church|7|20:00:00|21:00:00|10 West Denver, Greenwood, LA 72936|32.506295|-93.76469800000001
Greenwood Group|Location is: First Methodist Church|2|19:00:00|20:00:00|10 West Denver, Greenwood, LA 72936|32.506295|-93.76469800000001
Greenwood Group|Location is: First Methodist Church|4|19:00:00|20:00:00|10 West Denver, Greenwood, LA 72936|32.506295|-93.76469800000001
Carrollton 2|Location is: Carrollton|1|null|N/A|1039 S Stemmons Fwy, Carrollton, LA |29.9393052|-90.12142349999999
Carrollton|Location is: Carrollton|1|14:00:00|15:00:00|1039 S Stemmons Fwy, Carrollton, LA |29.9393052|-90.12142349999999
Carrollton 2|Location is: Carrollton|2|null|N/A|1039 S Stemmons Fwy, Carrollton, LA |29.9393052|-90.12142349999999
Carrollton|Location is: Carrollton|2|14:00:00|15:00:00|1039 S Stemmons Fwy, Carrollton, LA |29.9393052|-90.12142349999999
Carrollton 2|Location is: Carrollton|3|null|N/A|1039 S Stemmons Fwy, Carrollton, LA |29.9393052|-90.12142349999999
Carrollton|Location is: Carrollton|3|14:00:00|15:00:00|1039 S Stemmons Fwy, Carrollton, LA |29.9393052|-90.12142349999999
Carrollton 2|Location is: Carrollton|4|null|N/A|1039 S Stemmons Fwy, Carrollton, LA |29.9393052|-90.12142349999999
Carrollton|Location is: Carrollton|4|14:00:00|15:00:00|1039 S Stemmons Fwy, Carrollton, LA |29.9393052|-90.12142349999999
Carrollton 2|Location is: Carrollton|5|null|N/A|1039 S Stemmons Fwy, Carrollton, LA |29.9393052|-90.12142349999999
Carrollton|Location is: Carrollton|5|14:00:00|15:00:00|1039 S Stemmons Fwy, Carrollton, LA |29.9393052|-90.12142349999999
Carrollton 2|Location is: Carrollton|6|null|N/A|1039 S Stemmons Fwy, Carrollton, LA |29.9393052|-90.12142349999999
Carrollton|Location is: Carrollton|6|14:00:00|15:00:00|1039 S Stemmons Fwy, Carrollton, LA |29.9393052|-90.12142349999999
Carrollton 2|Location is: Carrollton|7|null|N/A|1039 S Stemmons Fwy, Carrollton, LA |29.9393052|-90.12142349999999
Carrollton|Location is: Carrollton|7|14:00:00|15:00:00|1039 S Stemmons Fwy, Carrollton, LA |29.9393052|-90.12142349999999
Serene in Evergreen|Location is: Serene in Evergreen|3|14:30:00|15:30:00|Hwy 73/Buffalo Pk Rd(Ch of Hills), Evergreen, LA |30.9526911|-92.10873450000003
SOS Men's Meeting|Location is: SOS Men's Meeting|7|null|N/A|Hwy73/Buffalo Pk Rd (Ch), Evergreen, LA |30.9526911|-92.10873450000003
CHOICES GROUP|Location is: CHOICES GROUP|1|12:00:00|13:00:00|2221 W ARKANSAS LANE, ARLINGTON, LA 76013|32.7866204|-93.0378283
CHOICES GROUP|Location is: CHOICES GROUP|2|12:00:00|13:00:00|2221 W ARKANSAS LANE, ARLINGTON, LA 76013|32.7866204|-93.0378283
CHOICES GROUP|Location is: CHOICES GROUP|3|12:00:00|13:00:00|2221 W ARKANSAS LANE, ARLINGTON, LA 76013|32.7866204|-93.0378283
CHOICES GROUP|Location is: CHOICES GROUP|4|12:00:00|13:00:00|2221 W ARKANSAS LANE, ARLINGTON, LA 76013|32.7866204|-93.0378283
CHOICES GROUP|Location is: CHOICES GROUP|5|12:00:00|13:00:00|2221 W ARKANSAS LANE, ARLINGTON, LA 76013|32.7866204|-93.0378283
CHOICES GROUP|Location is: CHOICES GROUP|6|12:00:00|13:00:00|2221 W ARKANSAS LANE, ARLINGTON, LA 76013|32.7866204|-93.0378283
CHOICES GROUP|Location is: CHOICES GROUP|7|12:00:00|13:00:00|2221 W ARKANSAS LANE, ARLINGTON, LA 76013|32.7866204|-93.0378283
CHOICES GROUP 2|Location is: CHOICES GROUP|1|18:00:00|19:00:00|2221 W ARKANSAS LANE, ARLINGTON, LA 76013|32.7866204|-93.0378283
CHOICES GROUP 2|Location is: CHOICES GROUP|2|18:00:00|19:00:00|2221 W ARKANSAS LANE, ARLINGTON, LA 76013|32.7866204|-93.0378283
CHOICES GROUP 2|Location is: CHOICES GROUP|3|18:00:00|19:00:00|2221 W ARKANSAS LANE, ARLINGTON, LA 76013|32.7866204|-93.0378283
CHOICES GROUP 2|Location is: CHOICES GROUP|4|18:00:00|19:00:00|2221 W ARKANSAS LANE, ARLINGTON, LA 76013|32.7866204|-93.0378283
CHOICES GROUP 2|Location is: CHOICES GROUP|5|18:00:00|19:00:00|2221 W ARKANSAS LANE, ARLINGTON, LA 76013|32.7866204|-93.0378283
CHOICES GROUP 2|Location is: CHOICES GROUP|6|18:00:00|19:00:00|2221 W ARKANSAS LANE, ARLINGTON, LA 76013|32.7866204|-93.0378283
CHOICES GROUP 2|Location is: CHOICES GROUP|7|18:00:00|19:00:00|2221 W ARKANSAS LANE, ARLINGTON, LA 76013|32.7866204|-93.0378283
CHOICES GROUP 3|Location is: CHOICES GROUP|1|22:00:00|23:00:00|2221 W ARKANSAS LANE, ARLINGTON, LA 76013|32.7866204|-93.0378283
CHOICES GROUP 3|Location is: CHOICES GROUP|2|22:00:00|23:00:00|2221 W ARKANSAS LANE, ARLINGTON, LA 76013|32.7866204|-93.0378283
CHOICES GROUP 3|Location is: CHOICES GROUP|3|22:00:00|23:00:00|2221 W ARKANSAS LANE, ARLINGTON, LA 76013|32.7866204|-93.0378283
CHOICES GROUP 3|Location is: CHOICES GROUP|4|22:00:00|23:00:00|2221 W ARKANSAS LANE, ARLINGTON, LA 76013|32.7866204|-93.0378283
CHOICES GROUP 3|Location is: CHOICES GROUP|5|22:00:00|23:00:00|2221 W ARKANSAS LANE, ARLINGTON, LA 76013|32.7866204|-93.0378283
CHOICES GROUP 3|Location is: CHOICES GROUP|6|22:00:00|23:00:00|2221 W ARKANSAS LANE, ARLINGTON, LA 76013|32.7866204|-93.0378283
CHOICES GROUP 3|Location is: CHOICES GROUP|7|22:00:00|23:00:00|2221 W ARKANSAS LANE, ARLINGTON, LA 76013|32.7866204|-93.0378283
Visions For You (Womens)|Location is: Visions For You (Womens)|2|19:00:00|20:00:00|3324 South M Street, Fort Smith, LA 72903|30.0402083|-92.5651441
one day at a time group|Location is: st. theresas church|7|20:00:00|21:00:00|church street, oakland, LA 38060|33.0071781|-92.35720329999998
Pioneer Building|Location is: Pioneer Building|5|18:00:00|19:00:00|500 N. F Street, Fort Smith, LA 72901|30.0402083|-92.5651441
12 & 12|Location is: Pioneer Building|3|18:00:00|19:00:00|500 N. F Street, Fort Smith, LA 72901|30.0402083|-92.5651441
Big Book Study|Location is: Pioneer Building|2|18:00:00|19:00:00|500 N. F Street, Fort Smith, LA 72901|30.0402083|-92.5651441
Chain Gang|Location is: Pioneer Building|4|18:00:00|19:00:00|500 N. F Street, Fort Smith, LA 72901|30.0402083|-92.5651441
Chain Gang|Location is: Pioneer Building|7|18:00:00|19:00:00|500 N. F Street, Fort Smith, LA 72901|30.0402083|-92.5651441
Early Bird|Location is: Pioneer Building|2|06:30:00|07:30:00|500 N. F Street, Fort Smith, LA 72901|30.0402083|-92.5651441
Early Bird|Location is: Pioneer Building|3|06:30:00|07:30:00|500 N. F Street, Fort Smith, LA 72901|30.0402083|-92.5651441
Early Bird|Location is: Pioneer Building|4|06:30:00|07:30:00|500 N. F Street, Fort Smith, LA 72901|30.0402083|-92.5651441
Early Bird|Location is: Pioneer Building|5|06:30:00|07:30:00|500 N. F Street, Fort Smith, LA 72901|30.0402083|-92.5651441
Early Bird|Location is: Pioneer Building|6|06:30:00|07:30:00|500 N. F Street, Fort Smith, LA 72901|30.0402083|-92.5651441
Early Bird|Location is: Pioneer Building|7|06:30:00|07:30:00|500 N. F Street, Fort Smith, LA 72901|30.0402083|-92.5651441
Early Bird|Location is: Pioneer Building|1|07:30:00|08:30:00|500 N. F Street, Fort Smith, LA 72901|30.0402083|-92.5651441
F.O.T.S. Group|Location is: Pioneer Building|1|18:00:00|19:00:00|500 N. F Street, Fort Smith, LA 72901|30.0402083|-92.5651441
New Frontier|Location is: Pioneer Building|5|20:00:00|21:00:00|500 N. F Street, Fort Smith, LA 72901|30.0402083|-92.5651441
New Beginnings|Location is: Pioneer Building|6|18:00:00|19:00:00|500 N. F Street, Fort Smith, LA 72901|30.0402083|-92.5651441
New Frontier|Location is: Pioneer Building|2|20:00:00|21:00:00|500 N. F Street, Fort Smith, LA 72901|30.0402083|-92.5651441
New Frontier|Location is: Pioneer Building|3|20:00:00|21:00:00|500 N. F Street, Fort Smith, LA 72901|30.0402083|-92.5651441
New Frontier|Location is: Pioneer Building|6|20:00:00|21:00:00|500 N. F Street, Fort Smith, LA 72901|30.0402083|-92.5651441
New Frontier|Location is: Pioneer Building|1|20:00:00|21:00:00|500 N. F Street, Fort Smith, LA 72901|30.0402083|-92.5651441
Noon Group|Location is: Pioneer Building|2|12:00:00|13:00:00|500 N. F Street, Fort Smith, LA 72901|30.0402083|-92.5651441
Noon Group|Location is: Pioneer Building|3|12:00:00|13:00:00|500 N. F Street, Fort Smith, LA 72901|30.0402083|-92.5651441
Noon Group|Location is: Pioneer Building|4|12:00:00|13:00:00|500 N. F Street, Fort Smith, LA 72901|30.0402083|-92.5651441
Noon Group|Location is: Pioneer Building|5|12:00:00|13:00:00|500 N. F Street, Fort Smith, LA 72901|30.0402083|-92.5651441
Noon Group|Location is: Pioneer Building|6|12:00:00|13:00:00|500 N. F Street, Fort Smith, LA 72901|30.0402083|-92.5651441
Noon Group|Location is: Pioneer Building|7|12:00:00|13:00:00|500 N. F Street, Fort Smith, LA 72901|30.0402083|-92.5651441
Noon Group|Location is: Pioneer Building|1|12:00:00|13:00:00|500 N. F Street, Fort Smith, LA 72901|30.0402083|-92.5651441
Rock Bottom|Location is: Pioneer Building|4|20:00:00|21:00:00|500 N. F Street, Fort Smith, LA 72901|30.0402083|-92.5651441
Young at Heart|Location is: Pioneer Building|7|20:00:00|21:00:00|500 N. F Street, Fort Smith, LA 72901|30.0402083|-92.5651441
EARLY RISERS|Location is: St Augustine Episcopal Church|2|07:00:00|08:00:00|7910 Navarre Pkwy, Navarre, LA 32566|29.9895279|-90.10624430000001
Unity Group|Location is: Nettleton Methodist Church|5|20:00:00|21:00:00|2310 Boydson, Jonesboro, LA |32.2412672|-92.7159853
Keep It Simple|Location is: Keep It Simple|4|18:30:00|19:30:00|2712 E. Johnson Ave, Jonesboro, LA 72401|32.25398|-92.71119599999997
Four Points|Location is: North Austin|7|23:30:00|00:30:00|111 W Anderson Ln, Austin, LA 78752|32.50611|-93.75365899999997
Four Points|Location is: North Austin|2|12:00:00|13:00:00|111 W Anderson Ln, Austin, LA 78752|32.50611|-93.75365899999997
Four Points|Location is: North Austin|3|18:00:00|19:00:00|111 W Anderson Ln, Austin, LA 78752|32.50611|-93.75365899999997
Four Points|Location is: North Austin|4|12:00:00|13:00:00|111 W Anderson Ln, Austin, LA 78752|32.50611|-93.75365899999997
Four Points|Location is: North Austin|5|18:00:00|19:00:00|111 W Anderson Ln, Austin, LA 78752|32.50611|-93.75365899999997
Four Points|Location is: North Austin|6|23:30:00|00:30:00|111 W Anderson Ln, Austin, LA 78752|32.50611|-93.75365899999997
Four Points|Location is: North Austin|1|18:00:00|19:00:00|111 W Anderson Ln, Austin, LA 78752|32.50611|-93.75365899999997
Westlake|Location is: South|5|20:00:00|21:00:00|2, austin, LA |30.9231868|-91.2601932
xxx|Location is: xxx|1|01:00:00|02:00:00|xxx, austin, LA |29.5734721|-90.74045309999997
Baldwin Group|Location is: Baldwin Group|3|20:00:00|21:00:00|120 Clark Street, Baldwin, LA 72450|29.785996|-91.50171
Baldwin Group|Location is: Baldwin Group|6|20:00:00|21:00:00|120 Clark Street, Baldwin, LA 72450|29.785996|-91.50171
BURTON BRUSH GROUP|Location is: OLD BURTON STORE|3|20:00:00|21:00:00|STATE HWY N, BURTON, LA 72315|30.0990214|-91.78761350000002
A Vision for You Group|Location is: Meadhaven Auditorium|4|19:00:00|20:00:00|2007 East South Boulevard, MONTGOMERY, LA |31.657348|-92.87991829999999
Southside Group|Location is: Meadhaven Auditorium|6|20:00:00|21:00:00|2007 East South Boulevard, MONTGOMERY, LA |31.657348|-92.87991829999999
TUG (The Unity Group)|Location is: MT ZION CHURCH|1|07:00:00|08:00:00|21428 44th Ave W, MOUNTAIN LAKE TERRACE, LA |30.0289502|-90.06299890000003
TUG (The Unity Group)|Location is: MT ZION CHURCH|5|07:00:00|08:00:00|21428 44th Ave W, MOUNTAIN LAKE TERRACE, LA |30.0289502|-90.06299890000003
TUG (The Unity Group)|Location is: MT ZION CHURCH|7|07:00:00|08:00:00|21428 44th Ave W, MOUNTAIN LAKE TERRACE, LA |30.0289502|-90.06299890000003
MOUNTLAKE TERRACE WEDNESDAY|Location is: MT ZION CHURCH|4|20:00:00|21:00:00|21428 44th Ave W, MOUNTAIN LAKE TERRACE, LA |30.0289502|-90.06299890000003
TUG (The Unity Group)|Location is: MT ZION CHURCH|6|07:00:00|08:00:00|21428 44th Ave W, MOUNTAIN LAKE TERRACE, LA |30.0289502|-90.06299890000003
TUG (The Unity Group))|Location is: MT ZION CHURCH|2|07:00:00|08:00:00|21428 44th Ave W, MOUNTAIN LAKE TERRACE, LA |30.0289502|-90.06299890000003
TUG (The Unity Group)|Location is: MT ZION CHURCH|2|18:00:00|19:00:00|21428 44th Ave W, MOUNTAIN LAKE TERRACE, LA |30.0289502|-90.06299890000003
TUG (The Unity Group)|Location is: MT ZION CHURCH|3|07:00:00|08:00:00|21428 44th Ave W, MOUNTAIN LAKE TERRACE, LA |30.0289502|-90.06299890000003
TUG (The Unity Group)|Location is: MT ZION CHURCH|4|07:00:00|08:00:00|21428 44th Ave W, MOUNTAIN LAKE TERRACE, LA |30.0289502|-90.06299890000003
CONSCIOUS CONTACT (Meditation Mtg)|Location is: BAPTIST CHURCH|4|18:30:00|19:30:00|22800 W 56th Ave, Mountain Lake Terrace, LA |30.0289502|-90.06299890000003
Happy Hour Group|Location is: Behind Lakeland Shopping Center|2|17:00:00|18:00:00|N. K, muskogee, LA |30.4431623|-90.17266619999998
Twelve & Twelve Group|Location is: St Luke's Episcopal Church|7|19:30:00|20:30:00|4819 E. 9th , tulsa, LA 74112|30.0151574|-89.99614400000002
Twelve & Twelve Group|Location is: St Luke's Episcopal Church|4|19:03:00|20:03:00|4819 E. 9th , tulsa, LA 74112|30.0151574|-89.99614400000002
PHEONIX GROUP 2|Location is: PHEONIX GROUP|3|12:00:00|13:00:00|FRENCH QUARTER #208, WICHITA FALLS, LA |29.9595843|-90.06299890000003
PHEONIX GROUP|Location is: PHEONIX GROUP|1|20:00:00|21:00:00|FRENCH QUARTER #208, WICHITA FALLS, LA |29.9595843|-90.06299890000003
PHEONIX GROUP|Location is: PHEONIX GROUP|2|20:00:00|21:00:00|FRENCH QUARTER #208, WICHITA FALLS, LA |29.9595843|-90.06299890000003
PHEONIX GROUP|Location is: PHEONIX GROUP|3|20:00:00|21:00:00|FRENCH QUARTER #208, WICHITA FALLS, LA |29.9595843|-90.06299890000003
PHEONIX GROUP|Location is: PHEONIX GROUP|4|20:00:00|21:00:00|FRENCH QUARTER #208, WICHITA FALLS, LA |29.9595843|-90.06299890000003
PHEONIX GROUP|Location is: PHEONIX GROUP|5|20:00:00|21:00:00|FRENCH QUARTER #208, WICHITA FALLS, LA |29.9595843|-90.06299890000003
PHEONIX GROUP|Location is: PHEONIX GROUP|6|20:00:00|21:00:00|FRENCH QUARTER #208, WICHITA FALLS, LA |29.9595843|-90.06299890000003
PHEONIX GROUP|Location is: PHEONIX GROUP|7|20:00:00|21:00:00|FRENCH QUARTER #208, WICHITA FALLS, LA |29.9595843|-90.06299890000003
TRYING TO ARRIVE|Location is: 4510 Beard's Chapel Road|2|null|N/A|Beard's Chapel Baptist Church, Springfield, LA |30.4290818|-90.54870119999998
TRYING TO ARRIVE|Location is: 4510 Beard's Chapel Road|3|null|N/A|Beard's Chapel Baptist Church, Springfield, LA |30.4290818|-90.54870119999998
TRYING TO ARRIVE|Location is: 4510 Beard's Chapel Road|4|null|N/A|Beard's Chapel Baptist Church, Springfield, LA |30.4290818|-90.54870119999998
TRYING TO ARRIVE|Location is: 4510 Beard's Chapel Road|5|null|N/A|Beard's Chapel Baptist Church, Springfield, LA |30.4290818|-90.54870119999998
TRYING TO ARRIVE|Location is: 4510 Beard's Chapel Road|6|null|N/A|Beard's Chapel Baptist Church, Springfield, LA |30.4290818|-90.54870119999998
THAT 12 & 12 MEETING|Location is: SI VIEW COMMUNITY SENTER|4|19:00:00|20:00:00|400 SE Orchard Dr, NORTH BEND, LA 65802|30.2780823|-89.73401460000002
Happy Hour 3|Location is: Serenity House|4|12:00:00|13:00:00|440 Colleg Street, lewisburg, LA 37091|30.5327467|-92.10119069999996
Happy Hour 3|Location is: Lewisburg|2|19:00:00|20:00:00|440 College Street, lewisburg, LA 37091|30.5327467|-92.10119069999996
HAPPY HOUR GROUP|Location is: Serenity House|2|12:00:00|13:00:00|440 College St, Lewisburg, LA 37091|30.5327467|-92.10119069999996
HAPPY HOUR GROUP 2|Location is: Serenity House|3|07:00:00|08:00:00|440 College St, Lewisburg, LA 37091|30.5327467|-92.10119069999996
AL-K GROUP 2|Location is: AL-K GROUP|1|20:00:00|21:00:00|819 N 3RD STREET, KINGSVILLE, LA 78363|31.3227441|-92.45873749999998
AL-K GROUP|Location is: AL-K GROUP|2|12:00:00|13:00:00|819 N 3RD STREET, KINGSVILLE, LA 78363|31.3227441|-92.45873749999998
AL-K GROUP 2|Location is: AL-K GROUP|2|20:00:00|21:00:00|819 N 3RD STREET, KINGSVILLE, LA 78363|31.3227441|-92.45873749999998
AL-K GROUP|Location is: AL-K GROUP|3|12:00:00|13:00:00|819 N 3RD STREET, KINGSVILLE, LA 78363|31.3227441|-92.45873749999998
AL-K GROUP 2|Location is: AL-K GROUP|3|20:00:00|21:00:00|819 N 3RD STREET, KINGSVILLE, LA 78363|31.3227441|-92.45873749999998
AL-K GROUP|Location is: AL-K GROUP|4|12:00:00|13:00:00|819 N 3RD STREET, KINGSVILLE, LA 78363|31.3227441|-92.45873749999998
AL-K GROUP 2|Location is: AL-K GROUP|4|20:00:00|21:00:00|819 N 3RD STREET, KINGSVILLE, LA 78363|31.3227441|-92.45873749999998
AL-K GROUP|Location is: AL-K GROUP|5|12:00:00|13:00:00|819 N 3RD STREET, KINGSVILLE, LA 78363|31.3227441|-92.45873749999998
AL-K GROUP 2|Location is: AL-K GROUP|5|20:00:00|21:00:00|819 N 3RD STREET, KINGSVILLE, LA 78363|31.3227441|-92.45873749999998
AL-K GROUP|Location is: AL-K GROUP|6|12:00:00|13:00:00|819 N 3RD STREET, KINGSVILLE, LA 78363|31.3227441|-92.45873749999998
AL-K GROUP|Location is: AL-K GROUP|7|12:00:00|13:00:00|819 N 3RD STREET, KINGSVILLE, LA 78363|31.3227441|-92.45873749999998
AL-K GROUP 2|Location is: AL-K GROUP|7|20:00:00|21:00:00|819 N 3RD STREET, KINGSVILLE, LA 78363|31.3227441|-92.45873749999998
142 GROUP|Location is: Walnut Church of Christ|2|13:00:00|14:00:00|201 Center Avenue, Dickson, LA 37055|30.0108072|-90.11976859999999
142 GROUP|Location is: Walnut Church of Christ|4|13:00:00|14:00:00|201 Center Avenue, Dickson, LA 37055|30.0108072|-90.11976859999999
G.O.D. (GROUP OF DRUNKS)|Location is: Grace Episcopal Church|3|19:00:00|20:00:00|5291 Main Street, Spring Hill, LA 37174|33.0024087|-93.4612659
G.O.D. (GROUP OF DRUNKS)|Location is: Grace Episcopal Church|6|19:00:00|20:00:00|5291 Main Street, Spring Hill, LA 37174|33.0024087|-93.4612659
FRANKLIN GROUP|Location is: First United Methodist Church|2|13:00:00|14:00:00|145 5th Ave S, Franklin, LA 37064|29.791578|-91.509545
FRANKLIN GROUP|Location is: First United Methodist Church|3|13:00:00|14:00:00|145 5th Ave S, Franklin, LA 37064|29.791578|-91.509545
FRANKLIN GROUP|Location is: First United Methodist Church|4|13:00:00|14:00:00|145 5th Ave S, Franklin, LA 37064|29.791578|-91.509545
FRANKLIN GROUP|Location is: First United Methodist Church|5|13:00:00|14:00:00|145 5th Ave S, Franklin, LA 37064|29.791578|-91.509545
FRANKLIN GROUP|Location is: First United Methodist Church|6|13:00:00|14:00:00|145 5th Ave S, Franklin, LA 37064|29.791578|-91.509545
TRUDGING THE ROAD GROUP|Location is: St. Paul's Episcopal Church (Annex)|2|13:00:00|14:00:00|506 Fair Street, Franklin, LA 37064|32.1710702|-91.72311059999998
ONE STEP CLOSER GROUP|Location is: St Paul's Episcopal Annex|2|13:00:00|14:00:00|506 Fair St, Franklin, LA 37064|32.1710702|-91.72311059999998
FRANKLIN 4TH B.B. STUDY GROUP|Location is: St. Paul's Episcopal Church (Annex)|4|13:30:00|14:30:00|506 Fair Street, Franklin, LA 37064|32.1710702|-91.72311059999998
ONE STEP CLOSER GROUP|Location is: St Paul's Episcopal Annex|4|13:00:00|14:00:00|506 Fair St, Franklin, LA 37064|32.1710702|-91.72311059999998
ONE STEP CLOSER GROUP|Location is: St Paul's Episcopal Annex|6|13:00:00|14:00:00|506 Fair St, Franklin, LA 37064|32.1710702|-91.72311059999998
FRANKLIN MEN'S GROUP|Location is: St Paul's Episcopal Annex|7|null|N/A|506 Fair St, Franklin, LA 37064|32.1710702|-91.72311059999998
SAINT PHILLIPS MEETING|Location is: St. Phillips Church|1|13:00:00|14:00:00|113 2nd Ave. South, Franklin, LA 37064|29.7839225|-91.49935289999996
COMMUNICATIONS GROUP|Location is: Concordia Lutheran Church|3|13:00:00|14:00:00|3501 Central Ave, Nashville, LA 37205|30.5022135|-91.11237210000002
COMMUNICATIONS GROUP|Location is: Concordia Lutheran Church|5|13:00:00|14:00:00|3501 Central Ave, Nashville, LA 37205|30.5022135|-91.11237210000002
COMMUNICATIONS GROUP|Location is: Concordia Lutheran Church|1|13:00:00|14:00:00|3501 Central Ave, Nashville, LA 37205|30.5022135|-91.11237210000002
ONE DAY AT A TIME GROUP|Location is: East End United Methodist Church|4|13:00:00|14:00:00|1212 Holly St, Nashville, LA 37206|29.9447779|-90.11124289999998
ONE DAY AT A TIME GROUP|Location is: East End United Methodist Church|7|13:00:00|14:00:00|1212 Holly St, Nashville, LA 37206|29.9447779|-90.11124289999998
ONE DAY AT A TIME GROUP|Location is: East End United Methodist Church|1|13:00:00|14:00:00|1212 Holly St, Nashville, LA 37206|29.9447779|-90.11124289999998
KEYS TO SOBRIETY|Location is: KP CIVIC CENTER|5|19:00:00|20:00:00|1710 VAUGHN ROAD, VAUGHN, LA 30223|32.4625199|-91.4958115
B.Y.O.L|Location is: St. Matthew`s Ch|3|00:00:00|01:00:00|1729 R. I. Ave, Northwest, LA 30318|32.9637107|-93.1332524
B.Y.O.L|Location is: St. Matthew`s Ch|4|00:00:00|01:00:00|1729 R. I. Ave, Northwest, LA 30318|32.9637107|-93.1332524
B.Y.O.L|Location is: St. Matthew`s Ch|5|00:00:00|01:00:00|1729 R. I. Ave, Northwest, LA 30318|32.9637107|-93.1332524
B.Y.O.L|Location is: St. Matthew`s Ch|6|00:00:00|01:00:00|1729 R. I. Ave, Northwest, LA 30318|32.9637107|-93.1332524
DOWNTOWN NOON|Location is: Pres. Church|2|00:00:00|01:00:00|1313 N.y. Ave, Northwest, LA 30318|30.2209164|-92.38000999999997
DOWNTOWN NOON|Location is: Pres. Church|3|00:00:00|01:00:00|1313 N.y. Ave., Northwest, LA 30318|30.2209164|-92.38000999999997
DOWNTOWN NOON|Location is: Pres. Church|4|00:00:00|01:00:00|1313 N.y. Ave., Northwest, LA 30318|30.2209164|-92.38000999999997
DOWNTOWN NOON|Location is: Pres. Church|5|00:00:00|01:00:00|1313 N.y. Ave., Northwest, LA 30318|30.2209164|-92.38000999999997
DOWNTOWN NOON|Location is: Pres. Church|6|00:00:00|01:00:00|1313 N.y. Ave., Northwest, LA 30318|30.2209164|-92.38000999999997
Sun. A.M.|Location is: John Cuming Bldg.|1|09:00:00|10:00:00|Donaldson Rd., 1st Fl., Concord, LA |32.9554046|-91.44678340000002
WAY OF LIFE GROUP 2|Location is: WAY OF LIFE GROUP|3|19:00:00|20:00:00|408 NE STREET, ATLANTA, LA 30309|29.98193839999999|-90.23025419999999
WAY OF LIFE GROUP 2|Location is: WAY OF LIFE GROUP|5|19:00:00|20:00:00|408 NE STREET, ATLANTA, LA 30309|29.98193839999999|-90.23025419999999
WAY OF LIFE GROUP 2|Location is: WAY OF LIFE GROUP|6|19:00:00|20:00:00|408 NE STREET, ATLANTA, LA 30309|29.98193839999999|-90.23025419999999
No Complaints|Location is: Municipal Bldg|6|19:00:00|20:00:00|Lower Ferry Rd. (2nd Floor), Princeton, LA |32.5893162|-93.51517419999999
Sowing the Seed|Location is: First Assembly of God Church|2|19:00:00|20:00:00|902 East 7th street, winfield, LA 67156|31.9627701|-92.77582430000001
Sowing the Seed|Location is: First Assembly of God Church|4|12:00:00|13:00:00|902 East 7th street, winfield, LA 67156|31.9627701|-92.77582430000001
