First 3 Steps|Location is: St Vincent's Hospital|4|18:00:00|19:00:00|Medical Dental Building, santa fe, NM 87505|35.657082|-105.951146
An AA Group|Location is: Salvation Army|2|19:00:00|20:00:00|525 W Alameda St, Santa Fe, NM 87501|35.6890172|-105.94788470000003
Foothills|Location is: Club|6|16:30:00|17:30:00|Menaul NE, albuquerque, NM |35.1095148|-106.56125070000002
Sick at Six LOL|Location is: Wyoming & Lomas|2|18:00:00|19:00:00|Lomas, albuquerque, NM |35.0867605|-106.58991209999999
Lone Rangers |Location is: Asbury United Metodist Church|7|10:00:00|11:00:00|10000Candelaria RD nE, Albuquerque, NM 87107|35.115876|-106.529068
S.O.S. Men&#39;s Group|Location is: Faith Lutheran Church|2|19:00:00|20:00:00|10000 Spain Road Northeast, albuquerque, NM 87111|35.1383371|-106.52913160000003
Friday Night Smokeless|Location is: Faith Lutheran Church|1|20:00:00|21:00:00|10000 Spain Road Northeast, albuquerque, NM 87111|35.1383371|-106.52913160000003
Foothills |Location is: Juan Tabo & Menaul|5|08:00:00|09:00:00|menaul, albuquerque, NM |35.1095148|-106.56125070000002
Jaywalkers |Location is: United Methodist Church|7|19:30:00|20:30:00|4200 Meadowlark Ln SE, Rio Rancho, NM 87124|35.2405849|-106.6534072
Beginners Group |Location is: Mesa Club|7|18:00:00|19:00:00|4020 Peggy Rd SE, Rio Rancho, NM 87124|35.2383404|-106.65458530000001
Los Alamos Group|Location is: Triangle Club|1|20:00:00|21:00:00|Pueblo St., los_alamos, NM 87544|35.8890546|-106.31402149999997
Turn It Over Early|Location is: Presbyterian Church|2|08:00:00|09:00:00|Paseo Del Pueblo Sur, taos, NM 87571|36.385911|-105.58553159999997
Forgotten Rock|Location is: Abiquiu Library|7|10:00:00|11:00:00|Abiquiu Pubelo, Abiquiu, NM 87510|36.3731341|-106.51127120000001
Forgotten Rock |Location is: Abiquiu Clinic|4|17:30:00|18:30:00|Behind Abiquiu Clinic, Abiquiu, NM 87510|36.3731341|-106.51127120000001
Land Of Enchantment|Location is: Methodist Church|4|19:30:00|20:30:00|Tiger Dr, Raton, NM 87740|36.8850782|-104.44617749999998
Land of Enchantment|Location is: Methodist Church|1|18:00:00|19:00:00|S 4th St & Tiger Dr, Raton, NM 87740|36.8883071|-104.44973700000003
Land of Enchantment|Location is: Methodist Church|6|19:30:00|20:30:00|S 4th St & Tiger Dr, Raton, NM 87740|36.8883071|-104.44973700000003
Land of Enchantment|Location is: Methodist Church|4|19:30:00|20:30:00|S 4th St & Tiger Dr, Raton, NM 87740|36.8883071|-104.44973700000003
Singleness of Purpose|Location is: 1st Christian Church |6|19:00:00|20:00:00|W Church St & N Mesa St, Carlsbad, NM 88220|32.428677|-104.23666000000003
Singleness of Purpose|Location is: 1st Christian Church |5|19:00:00|20:00:00|W Church St & N Mesa St, Carlsbad, NM 88220|32.428677|-104.23666000000003
Singleness of Purpose|Location is: 1st Christian Church |3|19:00:00|20:00:00|W Church St & N Mesa St, Carlsbad, NM 88220|32.428677|-104.23666000000003
High Life for Women|Location is: High Life for Women|3|14:15:00|15:15:00|111 Del Mar Circle (Ch), Aurora, NM |34.5199402|-105.87009009999997
Salida Meeting|Location is: Salida Meeting|6|14:30:00|15:30:00|4936 West St, Salida, NM 81201|35.1960859|-106.73831130000002
Fire House Meeting|Location is: Behind Circle K|1|19:08:00|20:08:00|12 W Center St, Snowflake, NM 85937|35.1974085|-106.67652399999997
Women in Sobriety|Location is: Women in Sobriety|3|19:00:00|20:00:00|1200 South St (Ch bsmt #102), Castle Rock, NM |34.5199402|-105.87009009999997
Men&#39;s Meeting|Location is: Women in Sobriety|3|19:00:00|20:00:00|1200 South St (Ch bsmt #102), Castle Rock, NM |34.5199402|-105.87009009999997
AA Group|Location is: VFW Bldg|4|20:00:00|21:00:00|behind bank, Parker, NM |34.5199402|-105.87009009999997
Giving It Back|Location is: 8007 South Broaadway|1|19:30:00|20:30:00|Highlands Ranch, denver, NM |34.5199402|-105.87009009999997
Liv in the Answer|Location is: Southeast Church|5|12:00:00|13:00:00|E-470, Parker, NM 80134|32.3180737|-106.78644199999997
Liv in the Answer|Location is: Southeast Church|3|12:00:00|13:00:00|E-470, Parker, NM 80134|32.3180737|-106.78644199999997
Liv in the Answer|Location is: Southeast Church|4|12:00:00|13:00:00|E-470, Parker, NM 80134|32.3180737|-106.78644199999997
Liv in the Answer|Location is: Southeast Church|2|12:00:00|13:00:00|E-470, Parker, NM 80134|32.3180737|-106.78644199999997
Liv in the Answer|Location is: Southeast Church|6|12:00:00|13:00:00|E-470, Parker, NM 80134|32.3180737|-106.78644199999997
Men's Acceptance|Location is: Men's Acceptance|7|null|N/A|5707 S. Simms (Ch bsmt), Littleton, NM |34.5199402|-105.87009009999997
Any Lengths|Location is: Any Lengths|3|14:00:00|15:00:00|5707 S. Simms St (Ch), Littleton, NM |34.5199402|-105.87009009999997
Daytimers|Location is: Daytimers|6|14:00:00|15:00:00|5894 S. Datura St. (Ch South door), Littleton, NM |34.5199402|-105.87009009999997
Any Lengths|Location is: Any Lengths|4|14:00:00|15:00:00|5707 S. Simms St (Ch), Littleton, NM |34.5199402|-105.87009009999997
Any Lengths|Location is: Any Lengths|5|14:00:00|15:00:00|5707 S. Simms St (Ch), Littleton, NM |34.5199402|-105.87009009999997
Any Lengths|Location is: Any Lengths|1|14:00:00|15:00:00|5707 S. Simms St (Ch), Littleton, NM |34.5199402|-105.87009009999997
Buckeye Easy Does it|Location is: South East Aurora Club|2|17:45:00|18:45:00|Iliff , aurora, NM |34.5199402|-105.87009009999997
Meditation Meeting|Location is: Meditation Meeting|6|14:00:00|15:00:00|1280 Vine St. (Ch), Denver, NM |34.5199402|-105.87009009999997
Serenity Seekers|Location is: Serenity Seekers|2|14:00:00|15:00:00|400 S. Williams (Ch bsmt lib), Denver, NM |34.5199402|-105.87009009999997
Review Our Day|Location is: Review Our Day|4|14:00:00|15:00:00|1290 Williams St. #104 (Comm Cntr), Denver, NM |34.5199402|-105.87009009999997
Review Our Day|Location is: Review Our Day|2|14:00:00|15:00:00|1290 Williams St. #104 (Comm Cntr), Denver, NM |34.5199402|-105.87009009999997
Old Kent|Location is: Old Kent|6|20:00:00|21:00:00|400 S. Williams (Ch rear bsmt), Denver, NM |34.5199402|-105.87009009999997
Mile High Disc.|Location is: Mile High Disc.|3|14:30:00|15:30:00|4751 Broadway (Salv Army), Denver, NM |34.5199402|-105.87009009999997
Jaywalkers|Location is: Jaywalkers|4|14:00:00|15:00:00|4905 E. Yale Ave. (Ch N door), Denver, NM |34.5199402|-105.87009009999997
11th Chapter|Location is: 11th Chapter|4|14:00:00|15:00:00|4751 N. Broadway (Salv'n Army dining rm), Denver, NM |34.5199402|-105.87009009999997
Tue. Nite Promises Disc.|Location is: Tue. Nite Promises Disc.|3|14:00:00|15:00:00|100 Colo Blvd (Ch, bsmt), Denver, NM |34.5199402|-105.87009009999997
Sobriety|Location is: Sobriety|3|14:00:00|15:00:00|121 Acoma (Sobriety House bsmt) 722-5746, Denver, NM |34.5199402|-105.87009009999997
11th Chapter|Location is: 11th Chapter|1|14:30:00|15:30:00|4751 N. Broadway (Salv'n Army dining rm), Denver, NM |34.5199402|-105.87009009999997
No-Name Group|Location is: No-Name Group|7|14:30:00|15:30:00|400 S. Williams (Church, rear, N door), Denver, NM |34.5199402|-105.87009009999997
Puttin' Sober|Location is: Puttin' Sober|4|14:00:00|15:00:00|565 E. 70th Ave. #2-E (Ind Pk), Denver, NM |34.5199402|-105.87009009999997
Puttin' Sober|Location is: Puttin' Sober|5|14:00:00|15:00:00|565 E. 70th Ave. #2-E (Ind Pk), Denver, NM |34.5199402|-105.87009009999997
Midtowne on the Park|Location is: Midtowne on the Park|1|14:00:00|15:00:00|1290 Williams #103 (Community Cntr), Denver, NM |34.5199402|-105.87009009999997
Puttin' Sober 2|Location is: Puttin' Sober|4|14:30:00|15:30:00|565 E. 70th Ave. #2-E (Ind Pk), Denver, NM |34.5199402|-105.87009009999997
Toxic Shock|Location is: Toxic Shock|6|14:00:00|15:00:00|400 S. Williams (Ch. SE ramp door), Denver, NM |34.5199402|-105.87009009999997
Roundtable|Location is: Roundtable|5|14:00:00|15:00:00|600 Gilpin St (Ch NW door, upstairs library), Denver, NM |34.5199402|-105.87009009999997
Puttin' Sober|Location is: Puttin' Sober|7|14:00:00|15:00:00|565 E. 70th Ave. #2-E (Ind Pk), Denver, NM |34.5199402|-105.87009009999997
Green Light Tuesday|Location is: Green Light Tuesday|3|14:30:00|15:30:00|1350 Washington (Ch Common Rm), Denver, NM |34.5199402|-105.87009009999997
Sobriety|Location is: Sobriety|5|14:30:00|15:30:00|121 Acoma (Sobriety House bsmt) 722-5746, Denver, NM |34.5199402|-105.87009009999997
Sobriety|Location is: Sobriety|6|14:00:00|15:00:00|121 Acoma (Sobriety House bsmt) 722-5746, Denver, NM |34.5199402|-105.87009009999997
Wonderful Gift|Location is: Wonderful Gift|4|14:30:00|15:30:00|595 S. Clinton (Auditorium/ Aspen Rm), Denver, NM |34.5199402|-105.87009009999997
Puttin' Sober 2|Location is: Puttin' Sober|2|14:30:00|15:30:00|565 E. 70th Ave. #2-E (Ind Pk), Denver, NM |34.5199402|-105.87009009999997
Pathway|Location is: Pathway|4|14:00:00|15:00:00|1400 S. University (Ch. rear SE door), Denver, NM |34.5199402|-105.87009009999997
Puttin' Sober|Location is: Puttin' Sober|3|14:00:00|15:00:00|565 E. 70th Ave. #2-E (Ind Pk), Denver, NM |34.5199402|-105.87009009999997
Coming To|Location is: Coming To|3|14:45:00|15:45:00|1155 Cherokee St (detox dining rm), Denver, NM |34.5199402|-105.87009009999997
The Way Out|Location is: The Way Out|5|14:00:00|15:00:00|1155 Cherokee (Detox, Rm 103), Denver, NM |34.5199402|-105.87009009999997
Bonanza|Location is: Bonanza|1|null|N/A|1111 S. Washington St. (Groc Str), Denver, NM |34.5199402|-105.87009009999997
Puttin' Sober|Location is: Puttin' Sober|1|14:00:00|15:00:00|565 E. 70th Ave. #2-E (Ind Pk), Denver, NM |34.5199402|-105.87009009999997
The Way Out|Location is: The Way Out|1|14:00:00|15:00:00|1155 Cherokee (Detox, Rm 103), Denver, NM |34.5199402|-105.87009009999997
Puttin' Sober 3|Location is: Puttin' Sober|7|14:59:00|15:59:00|565 E. 70th Ave. #2-E (Ind Pk), Denver, NM |34.5199402|-105.87009009999997
V.A. Early Birds|Location is: V.A. Early Birds|2|null|N/A|1055 Clermont St. (Hosp 3E #115), Denver, NM |34.5199402|-105.87009009999997
Puttin' Sober|Location is: Puttin' Sober|2|14:00:00|15:00:00|565 E. 70th Ave. #2-E (Ind Pk), Denver, NM |34.5199402|-105.87009009999997
V.A. Early Birds|Location is: V.A. Early Birds|6|null|N/A|1055 Clermont St. (Hosp 3E #115), Denver, NM |34.5199402|-105.87009009999997
Puttin' Sober|Location is: Puttin' Sober|6|14:00:00|15:00:00|565 E. 70th Ave. #2-E (Ind Pk), Denver, NM |34.5199402|-105.87009009999997
V.A. New Beginnings|Location is: V.A. New Beginnings|6|14:00:00|15:00:00|1055 Clermont (Hosp bsmt, auditorium), Denver, NM |34.5199402|-105.87009009999997
Clear Creek Roadrunners|Location is: Clear Creek Roadrunners|5|14:00:00|15:00:00|1410 Colorado (Ch, side door), Idaho Springs, NM |34.5199402|-105.87009009999997
Clear Creek Roadrunners|Location is: Clear Creek Roadrunners|2|14:00:00|15:00:00|1410 Colorado (Ch, side door), Idaho Springs, NM |34.5199402|-105.87009009999997
Clear Creek Roadrunners|Location is: Clear Creek Roadrunners|6|14:00:00|15:00:00|1410 Colorado (Ch, side door), Idaho Springs, NM |34.5199402|-105.87009009999997
Ladies Choice|Location is: Ladies Choice|3|14:00:00|15:00:00|5510 W. 44th (rear 2nd fl) 424-9786, Wheat Ridge, NM |34.5199402|-105.87009009999997
Step Sisters|Location is: Step Sisters|5|null|N/A|5510 W 44th Ave (rear,2nd fl) 424-9786, Wheat Ridge, NM |34.5199402|-105.87009009999997
12 Steppers|Location is: 12 Steppers|4|14:00:00|15:00:00|5510 W. 44th Ave. (2nd Fl rear) 424-9786, Wheat Ridge, NM |34.5199402|-105.87009009999997
11th Step Meeting|Location is: 11th Step Meeting|5|14:00:00|15:00:00|5510 W. 44th Ave. (2nd Fl rear), Wheat Ridge, NM |34.5199402|-105.87009009999997
11th Step Meeting|Location is: 11th Step Meeting|6|null|N/A|5510 W. 44th Ave. (2nd Fl rear), Wheat Ridge, NM |34.5199402|-105.87009009999997
Rockin' Recovery|Location is: Rockin' Recovery|5|14:00:00|15:00:00|5510 W. 44th (rear 2nd Floor) 424-9786, Wheat Ridge, NM |34.5199402|-105.87009009999997
Humpday Morning|Location is: 12 Steppers|4|null|N/A|5510 W. 44th Ave. (2nd Fl rear) 424-9786, Wheat Ridge, NM |34.5199402|-105.87009009999997
Alano|Location is: Alano|4|14:00:00|15:00:00|5510 W. 44th Ave (rear 2nd fl) 424-9786, Wheat Ridge, NM |34.5199402|-105.87009009999997
Alano 2|Location is: Alano|3|null|N/A|5510 W. 44th Ave (rear 2nd fl) 424-9786, Wheat Ridge, NM |34.5199402|-105.87009009999997
Alano|Location is: Alano|3|14:00:00|15:00:00|5510 W. 44th Ave (rear 2nd fl) 424-9786, Wheat Ridge, NM |34.5199402|-105.87009009999997
Eureka|Location is: Eureka|3|14:30:00|15:30:00|4643 Wadsworth (Detox 2nd Fl), Wheat Ridge, NM |34.5199402|-105.87009009999997
Alano 2|Location is: Alano|5|null|N/A|5510 W. 44th Ave (rear 2nd fl) 424-9786, Wheat Ridge, NM |34.5199402|-105.87009009999997
Sunday Morning|Location is: Ladies Choice|1|null|N/A|5510 W. 44th (rear 2nd fl) 424-9786, Wheat Ridge, NM |34.5199402|-105.87009009999997
Alano|Location is: Alano|1|14:00:00|15:00:00|5510 W. 44th Ave (rear 2nd fl) 424-9786, Wheat Ridge, NM |34.5199402|-105.87009009999997
Everett Group|Location is: Everett Group|1|14:30:00|15:30:00|4643 Wadsworth (Detox, 2nd Fl), Wheat Ridge, NM |34.5199402|-105.87009009999997
Hang In There|Location is: Hang In There|7|null|N/A|5510 W.44th(upstairs rear)424-9786, Wheat Ridge, NM |34.5199402|-105.87009009999997
Wayfarers|Location is: Wayfarers|7|14:00:00|15:00:00|5510 W.44th (2nd fl rear) 424-9786, Wheat Ridge, NM |34.5199402|-105.87009009999997
Alano 2|Location is: Alano|2|null|N/A|5510 W. 44th Ave (rear 2nd fl) 424-9786, Wheat Ridge, NM |34.5199402|-105.87009009999997
Alano|Location is: Alano|2|14:00:00|15:00:00|5510 W. 44th Ave (rear 2nd fl) 424-9786, Wheat Ridge, NM |34.5199402|-105.87009009999997
H.O.W. Alano|Location is: H.O.W. Alano|2|14:00:00|15:00:00|5510 W. 44th Ave (rear 2nd fl), 424-9786, Wheat Ridge, NM |34.5199402|-105.87009009999997
Alano 2|Location is: Alano|6|null|N/A|5510 W. 44th Ave (rear 2nd fl) 424-9786, Wheat Ridge, NM |34.5199402|-105.87009009999997
Alano|Location is: Alano|6|14:00:00|15:00:00|5510 W. 44th Ave (rear 2nd fl) 424-9786, Wheat Ridge, NM |34.5199402|-105.87009009999997
As We See It|Location is: Ladies Choice|6|14:00:00|15:00:00|5510 W. 44th (rear 2nd fl) 424-9786, Wheat Ridge, NM |34.5199402|-105.87009009999997
Alano Big Book Buddies|Location is: Alano Big Book Buddies|4|14:00:00|15:00:00|5510 W 44th(rear 2nd fl)424-9786, Wheat Ridge, NM |34.5199402|-105.87009009999997
Alano Men's Stag|Location is: Alano Men's Stag|2|14:30:00|15:30:00|5510 W 44th (rear 2nd fl) 424-9786, Wheat Ridge, NM |34.5199402|-105.87009009999997
Wed Night Beginners|Location is: Wed Night Beginners|4|14:00:00|15:00:00|5510 W 44th, (2nd fl rear) 424-9786, Wheat Ridge, NM |34.5199402|-105.87009009999997
10 AM Big Book Study|Location is: 10 AM Big Book Study|4|null|N/A|5510 W. 44th (Upstairs rear) 424-9786, Wheat Ridge, NM |34.5199402|-105.87009009999997
10 AM Big Book Study|Location is: 10 AM Big Book Study|3|null|N/A|5510 W. 44th (Upstairs rear) 424-9786, Wheat Ridge, NM |34.5199402|-105.87009009999997
Bring Your Big Book|Location is: Bring Your Big Book|1|14:30:00|15:30:00|5510 W 44th (rear), 424-9786, Wheat Ridge, NM |34.5199402|-105.87009009999997
10 AM Big Book Study|Location is: 10 AM Big Book Study|2|null|N/A|5510 W. 44th (Upstairs rear) 424-9786, Wheat Ridge, NM |34.5199402|-105.87009009999997
Friday Night Meditation|Location is: Eagle Bend Apartments Clubhouse|6|22:00:00|23:00:00|U.S. 6, Avon, NM 81620|34.1925032|-103.3360826
Changing Women|Location is: Changing Women|5|14:30:00|15:30:00|9272 Ralston Rd (Plaza) 420-6560, Arvada, NM |34.5199402|-105.87009009999997
Lady Jaywalkers|Location is: Lady Jaywalkers|4|19:45:00|20:45:00|13455 W. 58th Ave. (TF Fac), Arvada, NM |34.5199402|-105.87009009999997
Arvada #1|Location is: Arvada #1|6|14:30:00|15:30:00|5725 Teller St. (Lion's Club), Arvada, NM |34.5199402|-105.87009009999997
Sat Nite Speakers|Location is: Changing Women|7|14:00:00|15:00:00|9272 Ralston Rd (Plaza) 420-6560, Arvada, NM |34.5199402|-105.87009009999997
Old Town Group|Location is: Old Town Group|3|null|N/A|5628 Olde Wadsworth (Storefront), Arvada, NM |34.5199402|-105.87009009999997
Old Town Group|Location is: Old Town Group|1|null|N/A|5628 Olde Wadsworth (Storefront), Arvada, NM |34.5199402|-105.87009009999997
Last Ride|Location is: Old Town Group|1|null|N/A|5628 Olde Wadsworth (Storefront), Arvada, NM |34.5199402|-105.87009009999997
A New Day|Location is: A New Day|1|null|N/A|9272 Ralston Rd (Plaza), 420-6560, Arvada, NM |34.5199402|-105.87009009999997
Bottoms Up|Location is: A New Day|4|null|N/A|9272 Ralston Rd (Plaza), 420-6560, Arvada, NM |34.5199402|-105.87009009999997
Bottoms Up|Location is: A New Day|3|null|N/A|9272 Ralston Rd (Plaza), 420-6560, Arvada, NM |34.5199402|-105.87009009999997
Recovery Hour|Location is: A New Day|3|14:30:00|15:30:00|9272 Ralston Rd (Plaza), 420-6560, Arvada, NM |34.5199402|-105.87009009999997
Bottoms Up|Location is: A New Day|5|null|N/A|9272 Ralston Rd (Plaza), 420-6560, Arvada, NM |34.5199402|-105.87009009999997
Recovery Hour|Location is: A New Day|5|14:30:00|15:30:00|9272 Ralston Rd (Plaza), 420-6560, Arvada, NM |34.5199402|-105.87009009999997
Bottoms Up|Location is: A New Day|7|null|N/A|9272 Ralston Rd (Plaza), 420-6560, Arvada, NM |34.5199402|-105.87009009999997
Bottoms Up|Location is: A New Day|2|null|N/A|9272 Ralston Rd (Plaza), 420-6560, Arvada, NM |34.5199402|-105.87009009999997
Recovery Hour|Location is: A New Day|2|14:30:00|15:30:00|9272 Ralston Rd (Plaza), 420-6560, Arvada, NM |34.5199402|-105.87009009999997
Bottoms Up|Location is: A New Day|6|null|N/A|9272 Ralston Rd (Plaza), 420-6560, Arvada, NM |34.5199402|-105.87009009999997
Recovery Hour|Location is: A New Day|6|14:30:00|15:30:00|9272 Ralston Rd (Plaza), 420-6560, Arvada, NM |34.5199402|-105.87009009999997
Bill's Brownbaggers|Location is: A New Day|4|14:00:00|15:00:00|9272 Ralston Rd (Plaza), 420-6560, Arvada, NM |34.5199402|-105.87009009999997
Recovery Hour|Location is: A New Day|4|14:30:00|15:30:00|9272 Ralston Rd (Plaza), 420-6560, Arvada, NM |34.5199402|-105.87009009999997
Bill's Brownbaggers|Location is: A New Day|3|14:00:00|15:00:00|9272 Ralston Rd (Plaza), 420-6560, Arvada, NM |34.5199402|-105.87009009999997
Edgewater Beginners|Location is: Changing Women|3|14:30:00|15:30:00|9272 Ralston Rd (Plaza) 420-6560, Arvada, NM |34.5199402|-105.87009009999997
Bill's Brownbaggers|Location is: A New Day|5|14:00:00|15:00:00|9272 Ralston Rd (Plaza), 420-6560, Arvada, NM |34.5199402|-105.87009009999997
Early Risers|Location is: Early Risers|1|null|N/A|5777 Old Wadsworth Bl (Restaurant), Arvada, NM |34.5199402|-105.87009009999997
Bill's Brownbaggers|Location is: A New Day|1|14:00:00|15:00:00|9272 Ralston Rd (Plaza), 420-6560, Arvada, NM |34.5199402|-105.87009009999997
SOB Group|Location is: SOB Group|1|14:30:00|15:30:00|9272 Ralston Rd. (Plaza) 420-6560, Arvada, NM |34.5199402|-105.87009009999997
What It's Like|Location is: What It's Like|7|null|N/A|13810 W. 85th Dr. (Depot clubhs), Arvada, NM |34.5199402|-105.87009009999997
Bill's Brownbaggers|Location is: A New Day|7|14:00:00|15:00:00|9272 Ralston Rd (Plaza), 420-6560, Arvada, NM |34.5199402|-105.87009009999997
Bill's Brownbaggers|Location is: A New Day|2|14:00:00|15:00:00|9272 Ralston Rd (Plaza), 420-6560, Arvada, NM |34.5199402|-105.87009009999997
Bill's Brownbaggers|Location is: A New Day|6|14:00:00|15:00:00|9272 Ralston Rd (Plaza), 420-6560, Arvada, NM |34.5199402|-105.87009009999997
Candlelight Meeting|Location is: A New Day|6|14:30:00|15:30:00|9272 Ralston Rd (Plaza), 420-6560, Arvada, NM |34.5199402|-105.87009009999997
Friday Night Group|Location is: Leupp Church of Nazarene|6|19:00:00|20:00:00|downtown, Leupp, NM |34.5199402|-105.87009009999997
Newark Noon|Location is: St Mark_s Episcopal Church|2|00:00:00|01:00:00|400 S Main St (Rt 88), Newark, NM |34.5199402|-105.87009009999997
Newark Noon|Location is: St Mark_s Episcopal Church|3|00:00:00|01:00:00|400 S Main St (Rt 88), Newark, NM |34.5199402|-105.87009009999997
Newark Noon|Location is: St Mark_s Episcopal Church|4|00:00:00|01:00:00|400 S Main St (Rt 88), Newark, NM |34.5199402|-105.87009009999997
Newark Noon|Location is: St Mark_s Episcopal Church|5|00:00:00|01:00:00|400 S Main St (Rt 88), Newark, NM |34.5199402|-105.87009009999997
Newark Noon|Location is: St Mark_s Episcopal Church|6|00:00:00|01:00:00|400 S Main St (Rt 88), Newark, NM |34.5199402|-105.87009009999997
Wayne County Group|Location is: St Mark_s Episcopal Church|6|19:30:00|20:30:00|400 S Main St (Rt 88), Newark, NM |34.5199402|-105.87009009999997
I've Had Enough|Location is: I've Had Enough|1|14:30:00|15:30:00|12099 Lowell Bl. (Ch), Broomfield, NM |34.5199402|-105.87009009999997
I've Had Enough|Location is: I've Had Enough|7|14:30:00|15:30:00|12099 Lowell Bl. (Ch), Broomfield, NM |34.5199402|-105.87009009999997
Broomfield Solutions|Location is: Broomfield Solutions|4|14:30:00|15:30:00|1080 Birch St. (Salv Army), Broomfield, NM |34.5199402|-105.87009009999997
Broomfield Solutions|Location is: Broomfield Solutions|3|14:30:00|15:30:00|1080 Birch St. (Salv Army), Broomfield, NM |34.5199402|-105.87009009999997
Broomfield Solutions|Location is: Broomfield Solutions|5|14:30:00|15:30:00|1080 Birch St. (Salv Army), Broomfield, NM |34.5199402|-105.87009009999997
Broomfield Solutions|Location is: Broomfield Solutions|2|14:30:00|15:30:00|1080 Birch St. (Salv Army), Broomfield, NM |34.5199402|-105.87009009999997
Broomfield Solutions|Location is: Broomfield Solutions|6|14:30:00|15:30:00|1080 Birch St. (Salv Army), Broomfield, NM |34.5199402|-105.87009009999997
Campus Group|Location is: Campus Group|3|14:00:00|15:00:00|1202 Folsom St. & Colo. Ave. (Chapel), Boulder, NM |34.5199402|-105.87009009999997
Groupo Unidad|Location is: Groupo Unidad|1|14:00:00|15:00:00|1318 Mapleton Ave. (East Entrance), Boulder, NM |34.5199402|-105.87009009999997
Groupo Unidad|Location is: Groupo Unidad|6|14:00:00|15:00:00|1318 Mapleton Ave. (East Entrance), Boulder, NM |34.5199402|-105.87009009999997
Campus Group|Location is: Campus Group|5|14:00:00|15:00:00|1202 Folsom St. & Colo. Ave. (Chapel), Boulder, NM |34.5199402|-105.87009009999997
Only Requirement Group|Location is: 1st Congregational Church|4|20:30:00|21:30:00|1128 Pine St, Boulder, NM 80302|35.1152013|-106.35502429999997
Pine Street Group|Location is: 1st Congregational Church|7|19:00:00|20:00:00|1128 Pine St, Boulder, NM 80302|35.1152013|-106.35502429999997
Wed. Night Beginners|Location is: Wed. Night Beginners|4|19:30:00|20:30:00|1237 Pine St, Boulder, NM 80302|35.1152013|-106.35502429999997
Sat. Nite Jive on Wed.|Location is: Wed. Night Beginners|4|19:00:00|20:00:00|1237 Pine St, Boulder, NM 80302|35.1152013|-106.35502429999997
Gratitude in Action|Location is: Wed. Night Beginners|4|18:00:00|19:00:00|1237 Pine St, Boulder, NM 80302|35.1152013|-106.35502429999997
Saturday Nite Jive|Location is: Wed. Night Beginners|7|19:30:00|20:30:00|1237 Pine St, Boulder, NM 80302|35.1152013|-106.35502429999997
Women Drink Free|Location is: Wed. Night Beginners|2|20:00:00|21:00:00|1237 Pine St, Boulder, NM 80302|35.1152013|-106.35502429999997
DRAGOON GANG|Location is: WOMENS CLUB|5|19:30:00|20:30:00|JOHNSON ROAD, DRAGOON, NM |34.5199402|-105.87009009999997
Women's Serenity Group|Location is: Women's Serenity Group|7|14:00:00|15:00:00|1303 S. Bross Lane (ch), Longmont, NM |34.5199402|-105.87009009999997
New Hope Group|Location is: New Hope Group|6|14:00:00|15:00:00|9993 WCR 11 (Ch hs), Longmont, NM |34.5199402|-105.87009009999997
New Hope Group|Location is: New Hope Group|4|14:00:00|15:00:00|9993 WCR 11 (Ch hs), Longmont, NM |34.5199402|-105.87009009999997
S.S.S. Meeting|Location is: S.S.S. Meeting|3|14:00:00|15:00:00|Longs Peak Ave & Pratt (Sr. Ctr.), Longmont, NM |34.5199402|-105.87009009999997
EMORY GROUP|Location is: EMORY GROUP|3|20:00:00|21:00:00|TEXAS STREET AND HWY 19 NORTH, EMORY, NM |34.5199402|-105.87009009999997
Fellowship Group|Location is: Charlie&#39;s Place|1|11:00:00|12:00:00|McKinze & I-37, corpus_christi, NM |34.5199402|-105.87009009999997
Bridge City AA|Location is: Bridge City, Texas|1|00:00:00|01:00:00|Dobyn Street, bridge_city, NM |34.5199402|-105.87009009999997
ST STEPHENS EPISCOPAL CHURCH|Location is: ST STEPHENS EPISCOPAL CHURCH|2|19:00:00|20:00:00|11TH AND D, DOUGLAS, NM 85607|35.5929533|-105.22104769999999
ST STEPHENS EPISCOPAL CHURCH|Location is: ST STEPHENS EPISCOPAL CHURCH|4|19:00:00|20:00:00|11TH AND D, DOUGLAS, NM 85607|35.5929533|-105.22104769999999
VERHELST RECOVERY HOUSE|Location is: VERHELST RECOVERY HOUSE|4|13:00:00|14:00:00|TOUVREVILLE ROAD, BISBEE, NM |34.5199402|-105.87009009999997
VERHELST RECOVERY HOUSE 2|Location is: VERHELST RECOVERY HOUSE|6|12:00:00|13:00:00|TOUVREVILLE ROAD, BISBEE, NM |34.5199402|-105.87009009999997
VERHELST RECOVERY HOUSE|Location is: VERHELST RECOVERY HOUSE|6|13:00:00|14:00:00|TOUVREVILLE ROAD, BISBEE, NM |34.5199402|-105.87009009999997
VERHELST RECOVERY HOUSE 3|Location is: VERHELST RECOVERY HOUSE|7|19:00:00|20:00:00|TOUVREVILLE ROAD, BISBEE, NM |34.5199402|-105.87009009999997
11th Step|Location is: 11th Step|3|19:00:00|20:00:00|Info @928-699-0960, FLAGSTAFF, NM |34.5199402|-105.87009009999997
PHEONIX GROUP 2|Location is: PHEONIX GROUP|3|12:00:00|13:00:00|FRENCH QUARTER #208, WICHITA FALLS, NM |34.5199402|-105.87009009999997
PHEONIX GROUP|Location is: PHEONIX GROUP|1|20:00:00|21:00:00|FRENCH QUARTER #208, WICHITA FALLS, NM |34.5199402|-105.87009009999997
PHEONIX GROUP|Location is: PHEONIX GROUP|2|20:00:00|21:00:00|FRENCH QUARTER #208, WICHITA FALLS, NM |34.5199402|-105.87009009999997
PHEONIX GROUP|Location is: PHEONIX GROUP|3|20:00:00|21:00:00|FRENCH QUARTER #208, WICHITA FALLS, NM |34.5199402|-105.87009009999997
PHEONIX GROUP|Location is: PHEONIX GROUP|4|20:00:00|21:00:00|FRENCH QUARTER #208, WICHITA FALLS, NM |34.5199402|-105.87009009999997
PHEONIX GROUP|Location is: PHEONIX GROUP|5|20:00:00|21:00:00|FRENCH QUARTER #208, WICHITA FALLS, NM |34.5199402|-105.87009009999997
PHEONIX GROUP|Location is: PHEONIX GROUP|6|20:00:00|21:00:00|FRENCH QUARTER #208, WICHITA FALLS, NM |34.5199402|-105.87009009999997
PHEONIX GROUP|Location is: PHEONIX GROUP|7|20:00:00|21:00:00|FRENCH QUARTER #208, WICHITA FALLS, NM |34.5199402|-105.87009009999997
SEDONA CHURCH OF THE ROCKS|Location is: SEDONA CHURCH OF THE ROCKS|2|14:00:00|15:00:00|BOWSTRING DR. AND HWY 179, SEDONA, NM |34.5199402|-105.87009009999997
HIGH NOON GROUP|Location is: SERENITY CLUB|2|12:00:00|13:00:00|5049 S HWY 92, SIERRA VISTA, NM 85650|35.3826255|-106.17073399999998
HWY 92 GROUP|Location is: SERENITY CLUB|2|19:00:00|20:00:00|5049 S HWY 92, SIERRA VISTA, NM 85650|35.3826255|-106.17073399999998
HIGH NOON GROUP|Location is: SERENITY CLUB|3|12:00:00|13:00:00|5049 S HWY 92, SIERRA VISTA, NM 85650|35.3826255|-106.17073399999998
HWY 92 GROUP 2|Location is: SERENITY CLUB|3|18:00:00|19:00:00|5049 S HWY 92, SIERRA VISTA, NM 85650|35.3826255|-106.17073399999998
HWY 92 GROUP|Location is: SERENITY CLUB|3|19:00:00|20:00:00|5049 S HWY 92, SIERRA VISTA, NM 85650|35.3826255|-106.17073399999998
HIGH NOON GROUP|Location is: SERENITY CLUB|4|12:00:00|13:00:00|5049 S HWY 92, SIERRA VISTA, NM 85650|35.3826255|-106.17073399999998
HWY 92 GROUP 2|Location is: SERENITY CLUB|4|18:00:00|19:00:00|5049 S HWY 92, SIERRA VISTA, NM 85650|35.3826255|-106.17073399999998
HIGH NOON GROUP|Location is: SERENITY CLUB|5|12:00:00|13:00:00|5049 S HWY 92, SIERRA VISTA, NM 85650|35.3826255|-106.17073399999998
HWY 92 GROUP|Location is: SERENITY CLUB|5|19:00:00|20:00:00|5049 S HWY 92, SIERRA VISTA, NM 85650|35.3826255|-106.17073399999998
HIGH NOON GROUP|Location is: SERENITY CLUB|6|12:00:00|13:00:00|5049 S HWY 92, SIERRA VISTA, NM 85650|35.3826255|-106.17073399999998
HWY 92 GROUP 3|Location is: SERENITY CLUB|6|17:00:00|18:00:00|5049 S HWY 92, SIERRA VISTA, NM 85650|35.3826255|-106.17073399999998
HIGH NOON GROUP|Location is: SERENITY CLUB|7|12:00:00|13:00:00|5049 S HWY 92, SIERRA VISTA, NM 85650|35.3826255|-106.17073399999998
SATURDAY NIGHT SPEAKER|Location is: SERENITY CLUB|7|19:00:00|20:00:00|5049 S HWY 92, SIERRA VISTA, NM 85650|35.3826255|-106.17073399999998
HWY 92 GROUP 4|Location is: SERENITY CLUB|1|08:00:00|09:00:00|5049 S HWY 92, SIERRA VISTA, NM 85650|35.3826255|-106.17073399999998
HWY 92 GROUP|Location is: SERENITY CLUB|1|19:00:00|20:00:00|5049 S HWY 92, SIERRA VISTA, NM 85650|35.3826255|-106.17073399999998
WE CAN GROUP|Location is: DESERT CHAPEL CHURCH|5|19:30:00|20:30:00|462 N. PALO VERDE DR., APACHE JUNCTION, NM 85120|33.3289181|-105.58951139999999
COLD COFFEE GRP|Location is: DESERT CHAPEL CHURCH|2|19:30:00|20:30:00|462 N. PALO VERDE DR., APACHE JUNCTION, NM 85120|33.3289181|-105.58951139999999
WEDNESDAY NITE WINNERS|Location is: DESERT CHAPEL CHURCH|4|19:30:00|20:30:00|462 N. PALO VERDE DR., APACHE JUNCTION, NM 85120|33.3289181|-105.58951139999999
TUESDAY NITE STEPPIN' OUT|Location is: DESERT CHAPEL CHURCH|3|19:00:00|20:00:00|462 N. PALO VERDE DR., APACHE JUNCTION, NM 85120|33.3289181|-105.58951139999999
SOBRIETY ROCKS|Location is: DESERT CHAPEL CHURCH|7|10:00:00|11:00:00|462 N. PALO VERDE DR., APACHE JUNCTION, NM 85120|33.3289181|-105.58951139999999
AJ YOUNG PEOPLE|Location is: DESERT CHAPEL CHURCH|3|19:30:00|20:30:00|462 N. PALO VERDE DR., APACHE JUNCTION, NM 85120|33.3289181|-105.58951139999999
smoke-free nooners|Location is: 1st ave/prince rd, tucson|1|10:00:00|11:00:00|unknown, tucson, NM |34.5199402|-105.87009009999997
WAKE UP|Location is: ALANO CLUB OF THE EASTSIDE|6|06:00:00|07:00:00|12302 NE 8th, BELLVUE, NM |34.5199402|-105.87009009999997
BELLEVUE FRESH START|Location is: ALANO CLUB OF THE EASTSIDE|6|07:00:00|08:00:00|12302 NE 8th, BELLVUE, NM |34.5199402|-105.87009009999997
HIGH NOONERS|Location is: ALANO CLUB OF THE EASTSIDE|6|12:00:00|13:00:00|12302 NE 8th, BELLVUE, NM |34.5199402|-105.87009009999997
EASTSIDE NOONERS|Location is: ALANO CLUB OF THE EASTSIDE|6|12:10:00|13:10:00|12302 NE 8th, BELLVUE, NM |34.5199402|-105.87009009999997
AFTERNOONERS|Location is: ALANO CLUB OF THE EASTSIDE|6|14:00:00|15:00:00|12302 NE 8th, BELLVUE, NM |34.5199402|-105.87009009999997
LIVING SOBER|Location is: ALANO CLUB OF THE EASTSIDE|6|17:30:00|18:30:00|12302 NE 8th, BELLVUE, NM |34.5199402|-105.87009009999997
HAPPY DESTINIES|Location is: ALANO CLUB OF THE EASTSIDE|6|19:30:00|20:30:00|12302 NE 8th, BELLVUE, NM |34.5199402|-105.87009009999997
BIG BOOK STUDY|Location is: ALANO CLUB OF THE EASTSIDE|6|20:00:00|21:00:00|12302 NE 8th, BELLVUE, NM |34.5199402|-105.87009009999997
ESSENTIALS GROUP|Location is: ALANO CLUB OF THE EASTSIDE|6|21:30:00|22:30:00|12302 NE 8th, BELLVUE, NM |34.5199402|-105.87009009999997
HILLTOP HOOTOWL|Location is: ALANO CLUB OF THE EASTSIDE|6|null|N/A|12302 NE 8th, BELLVUE, NM |34.5199402|-105.87009009999997
WAKE UP|Location is: ALANO CLUB OF THE EASTSIDE|2|06:00:00|07:00:00|12302 NE 8th, BELLVUE, NM |34.5199402|-105.87009009999997
BELLEVUE FRESH START|Location is: ALANO CLUB OF THE EASTSIDE|2|07:00:00|08:00:00|12302 NE 8th, BELLVUE, NM |34.5199402|-105.87009009999997
HIGH NOONERS|Location is: ALANO CLUB OF THE EASTSIDE|2|12:00:00|13:00:00|12302 NE 8th, BELLVUE, NM |34.5199402|-105.87009009999997
EASTSIDE NOONERS|Location is: ALANO CLUB OF THE EASTSIDE|2|12:10:00|13:10:00|12302 NE 8th, BELLVUE, NM |34.5199402|-105.87009009999997
AFTERNOONERS|Location is: ALANO CLUB OF THE EASTSIDE|2|14:00:00|15:00:00|12302 NE 8th, BELLVUE, NM |34.5199402|-105.87009009999997
LIVING SOBER HAPPY HOUR|Location is: ALANO CLUB OF THE EASTSIDE|2|17:30:00|18:30:00|12302 NE 8th, BELLVUE, NM |34.5199402|-105.87009009999997
DESTINOS FELIZES|Location is: ALANO CLUB OF THE EASTSIDE|2|19:30:00|20:30:00|12302 NE 8th, BELLVUE, NM |34.5199402|-105.87009009999997
ESSENTIALS GROUP|Location is: ALANO CLUB OF THE EASTSIDE|2|21:30:00|22:30:00|12302 NE 8th, BELLVUE, NM |34.5199402|-105.87009009999997
WAKE UP|Location is: ALANO CLUB OF THE EASTSIDE|7|06:00:00|07:00:00|12302 NE 8th, BELLVUE, NM |34.5199402|-105.87009009999997
BELLEVUE FRESH START|Location is: ALANO CLUB OF THE EASTSIDE|7|07:00:00|08:00:00|12302 NE 8th, BELLVUE, NM |34.5199402|-105.87009009999997
SOBER WOMEN|Location is: ALANO CLUB OF THE EASTSIDE|7|08:30:00|09:30:00|12302 NE 8th, BELLVUE, NM |34.5199402|-105.87009009999997
HIGH NOONERS|Location is: ALANO CLUB OF THE EASTSIDE|7|12:00:00|13:00:00|12302 NE 8th, BELLVUE, NM |34.5199402|-105.87009009999997
EASTSIDE NOONERS|Location is: ALANO CLUB OF THE EASTSIDE|7|12:30:00|13:30:00|12302 NE 8th, BELLVUE, NM |34.5199402|-105.87009009999997
GRAPEVINE GROUP|Location is: ALANO CLUB OF THE EASTSIDE|7|14:00:00|15:00:00|12302 NE 8th, BELLVUE, NM |34.5199402|-105.87009009999997
SATURDAY STEPS|Location is: ALANO CLUB OF THE EASTSIDE|7|15:00:00|16:00:00|12302 NE 8th, BELLVUE, NM |34.5199402|-105.87009009999997
LIVING SOBER|Location is: ALANO CLUB OF THE EASTSIDE|7|17:30:00|18:30:00|12302 NE 8th, BELLVUE, NM |34.5199402|-105.87009009999997
DESTINOS FELIZES|Location is: ALANO CLUB OF THE EASTSIDE|7|19:30:00|20:30:00|12302 NE 8th, BELLVUE, NM |34.5199402|-105.87009009999997
HAPPY DESTINIES|Location is: ALANO CLUB OF THE EASTSIDE|7|20:00:00|21:00:00|12302 NE 8th, BELLVUE, NM |34.5199402|-105.87009009999997
ESSENTIALS GROUP|Location is: ALANO CLUB OF THE EASTSIDE|7|21:30:00|22:30:00|12302 NE 8th, BELLVUE, NM |34.5199402|-105.87009009999997
HILLTOP HOOTOWL|Location is: ALANO CLUB OF THE EASTSIDE|7|00:00:00|01:00:00|12302 NE 8th, BELLVUE, NM |34.5199402|-105.87009009999997
WAKE UP|Location is: ALANO CLUB OF THE EASTSIDE|1|06:00:00|07:00:00|12302 NE 8th, BELLVUE, NM |34.5199402|-105.87009009999997
FRESH START|Location is: ALANO CLUB OF THE EASTSIDE|1|07:00:00|08:00:00|12302 NE 8th, BELLVUE, NM |34.5199402|-105.87009009999997
EASTSIDE OPEN BREAKFAST|Location is: ALANO CLUB OF THE EASTSIDE|1|09:30:00|10:30:00|12302 NE 8th, BELLVUE, NM |34.5199402|-105.87009009999997
HIGH NOONERS|Location is: ALANO CLUB OF THE EASTSIDE|1|12:00:00|13:00:00|12302 NE 8th, BELLVUE, NM |34.5199402|-105.87009009999997
NOONER|Location is: ALANO CLUB OF THE EASTSIDE|1|12:30:00|13:30:00|12302 NE 8th, BELLVUE, NM |34.5199402|-105.87009009999997
GRAPEVINE GROUP|Location is: ALANO CLUB OF THE EASTSIDE|1|14:00:00|15:00:00|12302 NE 8th, BELLVUE, NM |34.5199402|-105.87009009999997
LIVING SOBER|Location is: ALANO CLUB OF THE EASTSIDE|1|17:30:00|18:30:00|12302 NE 8th, BELLVUE, NM |34.5199402|-105.87009009999997
BIG BOOK STUDY|Location is: ALANO CLUB OF THE EASTSIDE|1|19:30:00|20:30:00|12302 NE 8th, BELLVUE, NM |34.5199402|-105.87009009999997
HAPPY DESTINIES|Location is: ALANO CLUB OF THE EASTSIDE|1|19:30:00|20:30:00|12302 NE 8th, BELLVUE, NM |34.5199402|-105.87009009999997
ESSENTIALS GROUP|Location is: ALANO CLUB OF THE EASTSIDE|1|21:30:00|22:30:00|12302 NE 8th, BELLVUE, NM |34.5199402|-105.87009009999997
WAKE UP|Location is: ALANO CLUB OF THE EASTSIDE|5|06:00:00|07:00:00|12302 NE 8th, BELLVUE, NM |34.5199402|-105.87009009999997
BELLEVUE FRESH START|Location is: ALANO CLUB OF THE EASTSIDE|5|07:00:00|08:00:00|12302 NE 8th, BELLVUE, NM |34.5199402|-105.87009009999997
HIGH NOONERS|Location is: ALANO CLUB OF THE EASTSIDE|5|12:00:00|13:00:00|12302 NE 8th, BELLVUE, NM |34.5199402|-105.87009009999997
EASTSIDE NOONERS|Location is: ALANO CLUB OF THE EASTSIDE|5|12:10:00|13:10:00|12302 NE 8th, BELLVUE, NM |34.5199402|-105.87009009999997
AFTERNOONERS|Location is: ALANO CLUB OF THE EASTSIDE|5|14:00:00|15:00:00|12302 NE 8th, BELLVUE, NM |34.5199402|-105.87009009999997
WOMEN OF WORTH|Location is: ALANO CLUB OF THE EASTSIDE|5|17:30:00|18:30:00|12302 NE 8th, BELLVUE, NM |34.5199402|-105.87009009999997
ESSENTIALS GROUP|Location is: ALANO CLUB OF THE EASTSIDE|5|21:30:00|22:30:00|12302 NE 8th, BELLVUE, NM |34.5199402|-105.87009009999997
PSYPC|Location is: ALANO CLUB OF THE EASTSIDE|5|19:30:00|20:30:00|12302 NE 8th, BELLVUE, NM |34.5199402|-105.87009009999997
WAKE UP|Location is: ALANO CLUB OF THE EASTSIDE|3|06:00:00|07:00:00|12302 NE 8th, BELLVUE, NM |34.5199402|-105.87009009999997
FRESH START|Location is: ALANO CLUB OF THE EASTSIDE|3|07:00:00|08:00:00|12302 NE 8th, BELLVUE, NM |34.5199402|-105.87009009999997
HIGH NOONERS|Location is: ALANO CLUB OF THE EASTSIDE|3|12:00:00|13:00:00|12302 NE 8th, BELLVUE, NM |34.5199402|-105.87009009999997
EASTSIDE NOONERS|Location is: ALANO CLUB OF THE EASTSIDE|3|12:10:00|13:10:00|12302 NE 8th, BELLVUE, NM |34.5199402|-105.87009009999997
AFTERNOONERS|Location is: ALANO CLUB OF THE EASTSIDE|3|14:00:00|15:00:00|12302 NE 8th, BELLVUE, NM |34.5199402|-105.87009009999997
LIVING SOBER HAPPY HOUR|Location is: ALANO CLUB OF THE EASTSIDE|3|17:30:00|18:30:00|12302 NE 8th, BELLVUE, NM |34.5199402|-105.87009009999997
PSYPC AA MEETING|Location is: ALANO CLUB OF THE EASTSIDE|3|19:30:00|20:30:00|12302 NE 8th, BELLVUE, NM |34.5199402|-105.87009009999997
ESSENTIALS GROUP|Location is: ALANO CLUB OF THE EASTSIDE|3|21:30:00|22:30:00|12302 NE 8th, BELLVUE, NM |34.5199402|-105.87009009999997
WAKE UP|Location is: ALANO CLUB OF THE EASTSIDE|4|06:00:00|07:00:00|12302 NE 8th, BELLVUE, NM |34.5199402|-105.87009009999997
BELLEVUE FRESH START|Location is: ALANO CLUB OF THE EASTSIDE|4|07:00:00|08:00:00|12302 NE 8th, BELLVUE, NM |34.5199402|-105.87009009999997
HIGH NOONERS|Location is: ALANO CLUB OF THE EASTSIDE|4|12:00:00|13:00:00|12302 NE 8th, BELLVUE, NM |34.5199402|-105.87009009999997
EASTSIDE NOONERS|Location is: ALANO CLUB OF THE EASTSIDE|4|12:10:00|13:10:00|12302 NE 8th, BELLVUE, NM |34.5199402|-105.87009009999997
AFTERNOONERS|Location is: ALANO CLUB OF THE EASTSIDE|4|14:00:00|15:00:00|12302 NE 8th, BELLVUE, NM |34.5199402|-105.87009009999997
LIVING SOBER|Location is: ALANO CLUB OF THE EASTSIDE|4|17:30:00|18:30:00|12302 NE 8th, BELLVUE, NM |34.5199402|-105.87009009999997
AA JUNTA EN ESPANOL|Location is: ALANO CLUB OF THE EASTSIDE|4|19:30:00|20:30:00|12302 NE 8th, BELLVUE, NM |34.5199402|-105.87009009999997
DESTINOS FELIZES|Location is: ALANO CLUB OF THE EASTSIDE|4|19:30:00|20:30:00|12302 NE 8th, BELLVUE, NM |34.5199402|-105.87009009999997
ESSENTIALS GROUP|Location is: ALANO CLUB OF THE EASTSIDE|4|21:30:00|22:30:00|12302 NE 8th, BELLVUE, NM |34.5199402|-105.87009009999997
HILLTOP BREAKFAST|Location is: ALANO CLUB OF THE EASTSIDE|6|09:30:00|10:30:00|12302 NE 8th, BELLVUE, NM |34.5199402|-105.87009009999997
HILLTOP BREAKFAST|Location is: ALANO CLUB OF THE EASTSIDE|2|09:30:00|10:30:00|12302 NE 8th, BELLVUE, NM |34.5199402|-105.87009009999997
DESTINOS FELICES|Location is: ALANO CLUB OF THE EASTSIDE|1|13:30:00|14:30:00|12302 NE 8th, BELLVUE, NM |34.5199402|-105.87009009999997
HILLTOP BREAKFAST|Location is: ALANO CLUB OF THE EASTSIDE|5|09:30:00|10:30:00|12302 NE 8th, BELLVUE, NM |34.5199402|-105.87009009999997
HILLTOP BREAKFAST|Location is: ALANO CLUB OF THE EASTSIDE|3|09:30:00|10:30:00|12302 NE 8th, BELLVUE, NM |34.5199402|-105.87009009999997
HILLTOP BREAKFAST MEETING|Location is: ALANO CLUB OF THE EASTSIDE|4|09:30:00|10:30:00|12302 NE 8th, BELLVUE, NM |34.5199402|-105.87009009999997
HILLTOP MEETING|Location is: ALANO CLUB OF THE EASTSIDE|4|21:30:00|22:30:00|12302 NE 8th, BELLVUE, NM |34.5199402|-105.87009009999997
APACHE TRAIL GROUP|Location is: THE SOCIETY|5|20:00:00|21:00:00|9333 E. APACHE TRAIL #125, MESA, NM 85208|35.1062413|-106.50478609999999
LIVING IN THE SOLUTION|Location is: THE SOCIETY|2|17:30:00|18:30:00|9333 E. APACHE TRAIL #125, MESA, NM 85208|35.1062413|-106.50478609999999
EARLY RIZERS|Location is: THE SOCIETY|3|08:30:00|09:30:00|9333 E. APACHE TRAIL #125, MESA, NM 85208|35.1062413|-106.50478609999999
APACHE TRAIL GROUP|Location is: THE SOCIETY|2|20:00:00|21:00:00|9333 E. APACHE TRAIL #125, MESA, NM 85208|35.1062413|-106.50478609999999
EARLY RIZERS|Location is: THE SOCIETY|4|08:30:00|09:30:00|9333 E. APACHE TRAIL #125, MESA, NM 85208|35.1062413|-106.50478609999999
EARLY RIZERS|Location is: THE SOCIETY|5|08:30:00|09:30:00|9333 E. APACHE TRAIL #125, MESA, NM 85208|35.1062413|-106.50478609999999
EARLY RIZERS|Location is: THE SOCIETY|6|08:30:00|09:30:00|9333 E. APACHE TRAIL #125, MESA, NM 85208|35.1062413|-106.50478609999999
HI-NOONERS|Location is: THE SOCIETY|6|12:00:00|13:00:00|9333 E. APACHE TRAIL #125, MESA, NM 85208|35.1062413|-106.50478609999999
APACHE TRAIL GROUP|Location is: THE SOCIETY|6|20:00:00|21:00:00|9333 E. APACHE TRAIL #125, MESA, NM 85208|35.1062413|-106.50478609999999
APACHE TRAIL GROUP|Location is: THE SOCIETY|1|20:00:00|21:00:00|9333 E. APACHE TRAIL #125, MESA, NM 85208|35.1062413|-106.50478609999999
NEWCOMER GROUP|Location is: THE SOCIETY|3|20:00:00|21:00:00|9333 E. APACHE TRAIL #125, MESA, NM 85208|35.1062413|-106.50478609999999
8 O' CLOCK A.A SPEAKER|Location is: THE SOCIETY|7|20:00:00|21:00:00|9333 E. APACHE TRAIL #125, MESA, NM 85208|35.1062413|-106.50478609999999
APACHE TRAIL GROUP|Location is: THE SOCIETY|4|20:00:00|21:00:00|9333 E. APACHE TRAIL #125, MESA, NM 85208|35.1062413|-106.50478609999999
LIVING IN THE SOLUTION|Location is: THE SOCIETY|4|17:30:00|18:30:00|9333 E. APACHE TRAIL #125, MESA, NM 85208|35.1062413|-106.50478609999999
HI NOONERS GROUP|Location is: THE SOCIETY|1|12:00:00|13:00:00|9333 E. APACHE TRAIL #125, MESA, NM 85208|35.1062413|-106.50478609999999
SUNDAY MORNING WOMEN|Location is: THE SOCIETY|1|10:00:00|11:00:00|9333 E. APACHE TRAIL #125, MESA, NM 85208|35.1062413|-106.50478609999999
EARLY RIZERS|Location is: THE SOCIETY|7|08:30:00|09:30:00|9333 E. APACHE TRAIL #125, MESA, NM 85208|35.1062413|-106.50478609999999
HI-NOONERS|Location is: THE SOCIETY|4|12:00:00|13:00:00|9333 E. APACHE TRAIL #125, MESA, NM 85208|35.1062413|-106.50478609999999
HI-NOONERS|Location is: THE SOCIETY|5|12:00:00|13:00:00|9333 E. APACHE TRAIL #125, MESA, NM 85208|35.1062413|-106.50478609999999
LIVING IN THE SOLUTION|Location is: THE SOCIETY|5|17:30:00|18:30:00|9333 E. APACHE TRAIL #125, MESA, NM 85208|35.1062413|-106.50478609999999
LIVING IN THE SOLUTION|Location is: THE SOCIETY|6|17:30:00|18:30:00|9333 E. APACHE TRAIL #125, MESA, NM 85208|35.1062413|-106.50478609999999
HI-NOONERS|Location is: THE SOCIETY|7|12:00:00|13:00:00|9333 E. APACHE TRAIL #125, MESA, NM 85208|35.1062413|-106.50478609999999
LIVING IN THE SOLUTION|Location is: THE SOCIETY|7|17:30:00|18:30:00|9333 E. APACHE TRAIL #125, MESA, NM 85208|35.1062413|-106.50478609999999
EARLY RIZERS|Location is: THE SOCIETY|1|08:30:00|09:30:00|9333 E. APACHE TRAIL #125, MESA, NM 85208|35.1062413|-106.50478609999999
LIVING IN THE SOLUTION|Location is: THE SOCIETY|1|17:30:00|18:30:00|9333 E. APACHE TRAIL #125, MESA, NM 85208|35.1062413|-106.50478609999999
EARLY RIZERS|Location is: THE SOCIETY|2|08:30:00|09:30:00|9333 E. APACHE TRAIL #125, MESA, NM 85208|35.1062413|-106.50478609999999
HI-NOONERS AS BILL SEES IT|Location is: THE SOCIETY|2|12:00:00|13:00:00|9333 E. APACHE TRAIL #125, MESA, NM 85208|35.1062413|-106.50478609999999
HI-NOONERS|Location is: THE SOCIETY|3|12:00:00|13:00:00|9333 E. APACHE TRAIL #125, MESA, NM 85208|35.1062413|-106.50478609999999
LIVING IN THE SOLUTION|Location is: THE SOCIETY|3|17:30:00|18:30:00|9333 E. APACHE TRAIL #125, MESA, NM 85208|35.1062413|-106.50478609999999
BASIC #2|Location is: VICTORY LUTHERAN CHURCH|4|20:00:00|21:00:00|5946 E. UNIVERSITY DR., MESA, NM 85205|34.9867153|-106.6140441
eye opener|Location is: Verde Valley Alano Club|2|07:00:00|08:00:00|1309 E. Cherry St., cottonwood, NM 86326|34.9695463|-106.69620099999997
ROAD TO RECOVERY 2|Location is: ROAD TO RECOVERY|4|12:00:00|13:00:00|5640 E. MAIN ST., MESA, NM 85205|32.1797763|-106.7061549
ROAD TO RECOV'Y BIG BOOK|Location is: ROAD TO RECOVERY|4|17:30:00|18:30:00|5640 E. MAIN ST., MESA, NM 85205|32.1797763|-106.7061549
ROAD TO RECOV'Y NEWCOMERS|Location is: ROAD TO RECOVERY|5|18:45:00|19:45:00|5640 E. MAIN ST., MESA, NM 85205|32.1797763|-106.7061549
ROAD TO RECOVERY 6|Location is: ROAD TO RECOVERY|4|08:00:00|09:00:00|5640 E. MAIN ST., MESA, NM 85205|32.1797763|-106.7061549
ROAD TO RECOVERY 5|Location is: ROAD TO RECOVERY|4|20:00:00|21:00:00|5640 E. MAIN ST., MESA, NM 85205|32.1797763|-106.7061549
ROAD TO RECOVERY 5|Location is: ROAD TO RECOVERY|5|20:00:00|21:00:00|5640 E. MAIN ST., MESA, NM 85205|32.1797763|-106.7061549
ROAD TO RECOVERY 6|Location is: ROAD TO RECOVERY|6|08:00:00|09:00:00|5640 E. MAIN ST., MESA, NM 85205|32.1797763|-106.7061549
ROAD TO RECOVERY 3|Location is: ROAD TO RECOVERY|6|17:30:00|18:30:00|5640 E. MAIN ST., MESA, NM 85205|32.1797763|-106.7061549
ROAD TO RECOV'Y SENIORS IN SOBR.|Location is: ROAD TO RECOVERY|7|15:00:00|16:00:00|5640 E. MAIN ST., MESA, NM 85205|32.1797763|-106.7061549
ROAD TO RECOVERY 3|Location is: ROAD TO RECOVERY|7|17:30:00|18:30:00|5640 E. MAIN ST., MESA, NM 85205|32.1797763|-106.7061549
ROAD TO RECOVERY 3|Location is: ROAD TO RECOVERY|2|17:30:00|18:30:00|5640 E. MAIN ST., MESA, NM 85205|32.1797763|-106.7061549
ROAD TO RECOVERY 6|Location is: ROAD TO RECOVERY|3|08:00:00|09:00:00|5640 E. MAIN ST., MESA, NM 85205|32.1797763|-106.7061549
ROAD TO RECOVERY 5|Location is: ROAD TO RECOVERY|3|20:00:00|21:00:00|5640 E. MAIN ST., MESA, NM 85205|32.1797763|-106.7061549
ROAD TO RECOV'Y BIG BOOK|Location is: ROAD TO RECOVERY|2|08:00:00|09:00:00|5640 E. MAIN ST., MESA, NM 85205|32.1797763|-106.7061549
ROAD TO RECOVERY 5|Location is: ROAD TO RECOVERY|2|20:00:00|21:00:00|5640 E. MAIN ST., MESA, NM 85205|32.1797763|-106.7061549
ROAD TO RECOV'Y MEN|Location is: ROAD TO RECOVERY|7|08:00:00|09:00:00|5640 E. MAIN ST., MESA, NM 85205|32.1797763|-106.7061549
ROAD TO RECOV'Y LAST SAT = SPKR|Location is: ROAD TO RECOVERY|7|20:00:00|21:00:00|5640 E. MAIN ST., MESA, NM 85205|32.1797763|-106.7061549
ROAD TO RECOVERY|Location is: ROAD TO RECOVERY|5|06:30:00|07:30:00|5640 E. MAIN ST., MESA, NM 85205|32.1797763|-106.7061549
ROAD TO RECOVERY 6|Location is: ROAD TO RECOVERY|5|08:00:00|09:00:00|5640 E. MAIN ST., MESA, NM 85205|32.1797763|-106.7061549
ROAD TO RECOVERY 3|Location is: ROAD TO RECOVERY|5|17:30:00|18:30:00|5640 E. MAIN ST., MESA, NM 85205|32.1797763|-106.7061549
ROAD TO RECOVERY 5|Location is: ROAD TO RECOVERY|6|20:00:00|21:00:00|5640 E. MAIN ST., MESA, NM 85205|32.1797763|-106.7061549
ROAD TO RECOV'Y WOMEN|Location is: ROAD TO RECOVERY|4|18:45:00|19:45:00|5640 E. MAIN ST., MESA, NM 85205|32.1797763|-106.7061549
ROAD TO RECOV'Y LADIES|Location is: ROAD TO RECOVERY|7|10:00:00|11:00:00|5640 E. MAIN ST., MESA, NM 85205|32.1797763|-106.7061549
ROAD TO RECOV'Y WOMEN|Location is: ROAD TO RECOVERY|3|10:00:00|11:00:00|5640 E. MAIN ST., MESA, NM 85205|32.1797763|-106.7061549
ROAD TO RECOV'Y YOUNG PEOPLE|Location is: ROAD TO RECOVERY|6|18:45:00|19:45:00|5640 E. MAIN ST., MESA, NM 85205|32.1797763|-106.7061549
ROAD TO RECOVERY|Location is: ROAD TO RECOVERY|4|06:30:00|07:30:00|5640 E. MAIN ST., MESA, NM 85205|32.1797763|-106.7061549
ROAD TO RECOVERY 2|Location is: ROAD TO RECOVERY|5|12:00:00|13:00:00|5640 E. MAIN ST., MESA, NM 85205|32.1797763|-106.7061549
ROAD TO RECOVERY|Location is: ROAD TO RECOVERY|6|06:30:00|07:30:00|5640 E. MAIN ST., MESA, NM 85205|32.1797763|-106.7061549
ROAD TO RECOVERY 2|Location is: ROAD TO RECOVERY|6|12:00:00|13:00:00|5640 E. MAIN ST., MESA, NM 85205|32.1797763|-106.7061549
ROAD TO RECOVERY|Location is: ROAD TO RECOVERY|7|06:30:00|07:30:00|5640 E. MAIN ST., MESA, NM 85205|32.1797763|-106.7061549
ROAD TO RECOVERY 2|Location is: ROAD TO RECOVERY|7|12:00:00|13:00:00|5640 E. MAIN ST., MESA, NM 85205|32.1797763|-106.7061549
ROAD TO RECOVERY|Location is: ROAD TO RECOVERY|1|06:30:00|07:30:00|5640 E. MAIN ST., MESA, NM 85205|32.1797763|-106.7061549
ROAD TO RECOVERY 6|Location is: ROAD TO RECOVERY|1|08:00:00|09:00:00|5640 E. MAIN ST., MESA, NM 85205|32.1797763|-106.7061549
ROAD TO RECOV'Y 11TH STEP|Location is: ROAD TO RECOVERY|1|10:00:00|11:00:00|5640 E. MAIN ST., MESA, NM 85205|32.1797763|-106.7061549
ROAD TO RECOVERY 2|Location is: ROAD TO RECOVERY|1|12:00:00|13:00:00|5640 E. MAIN ST., MESA, NM 85205|32.1797763|-106.7061549
ROAD TO RECOVERY 3|Location is: ROAD TO RECOVERY|1|17:30:00|18:30:00|5640 E. MAIN ST., MESA, NM 85205|32.1797763|-106.7061549
ROAD TO RECOVERY 4|Location is: ROAD TO RECOVERY|1|18:45:00|19:45:00|5640 E. MAIN ST., MESA, NM 85205|32.1797763|-106.7061549
ROAD TO RECOVERY 5|Location is: ROAD TO RECOVERY|1|20:00:00|21:00:00|5640 E. MAIN ST., MESA, NM 85205|32.1797763|-106.7061549
ROAD TO RECOVERY|Location is: ROAD TO RECOVERY|2|06:30:00|07:30:00|5640 E. MAIN ST., MESA, NM 85205|32.1797763|-106.7061549
ROAD TO RECOVERY 2|Location is: ROAD TO RECOVERY|2|12:00:00|13:00:00|5640 E. MAIN ST., MESA, NM 85205|32.1797763|-106.7061549
ROAD TO RECOVERY 4|Location is: ROAD TO RECOVERY|2|18:45:00|19:45:00|5640 E. MAIN ST., MESA, NM 85205|32.1797763|-106.7061549
ROAD TO RECOVERY|Location is: ROAD TO RECOVERY|3|06:30:00|07:30:00|5640 E. MAIN ST., MESA, NM 85205|32.1797763|-106.7061549
ROAD TO RECOVERY 2|Location is: ROAD TO RECOVERY|3|12:00:00|13:00:00|5640 E. MAIN ST., MESA, NM 85205|32.1797763|-106.7061549
ROAD TO RECOVERY 3|Location is: ROAD TO RECOVERY|3|17:30:00|18:30:00|5640 E. MAIN ST., MESA, NM 85205|32.1797763|-106.7061549
Serenity in Sobriety|Location is: Serenity in Sobriety|5|14:00:00|15:00:00|Steinmetz House, Sonora, NM |35.1820667|-106.57129759999998
CAREFREE WILDLIFE|Location is: CHRIST THE LORD CHURCH|4|09:00:00|10:00:00|9205 E. CAVE CREEK RD., CAREFREE / CAVE CREEK, NM |34.5199402|-105.87009009999997
12 AND 12|Location is: CHRIST THE LORD CHURCH|5|09:00:00|10:00:00|9205 E. CAVE CREEK RD., CAREFREE / CAVE CREEK, NM |34.5199402|-105.87009009999997
EASY DOES IT BIG BOOK|Location is: EASY DOES IT|1|17:30:00|18:30:00|1241 E. BROADWAY RD #14/15, MESA, NM 85204|34.973376|-106.657918
EASY DOES IT NEWCOMERS|Location is: EASY DOES IT|1|16:00:00|17:00:00|1241 E. BROADWAY RD #14/15, MESA, NM 85204|34.973376|-106.657918
EASY DOES IT 6|Location is: EASY DOES IT|7|16:00:00|17:00:00|1241 E. BROADWAY RD #14/15, MESA, NM 85204|34.973376|-106.657918
EASY DOES IT 4|Location is: EASY DOES IT|4|19:00:00|20:00:00|1241 E. BROADWAY RD #14/15, MESA, NM 85204|34.973376|-106.657918
EASY DOES IT 4|Location is: EASY DOES IT|5|19:00:00|20:00:00|1241 E. BROADWAY RD #14/15, MESA, NM 85204|34.973376|-106.657918
EASY DOES IT 5|Location is: EASY DOES IT|6|20:30:00|21:30:00|1241 E. BROADWAY RD #14/15, MESA, NM 85204|34.973376|-106.657918
EASY DOES IT 3|Location is: EASY DOES IT|7|17:30:00|18:30:00|1241 E. BROADWAY RD #14/15, MESA, NM 85204|34.973376|-106.657918
EASY DOES IT 4|Location is: EASY DOES IT|7|19:00:00|20:00:00|1241 E. BROADWAY RD #14/15, MESA, NM 85204|34.973376|-106.657918
EASY DOES IT 4|Location is: EASY DOES IT|2|19:00:00|20:00:00|1241 E. BROADWAY RD #14/15, MESA, NM 85204|34.973376|-106.657918
EASY DOES IT 2|Location is: EASY DOES IT|1|12:00:00|13:00:00|1241 E. BROADWAY RD #14/15, MESA, NM 85204|34.973376|-106.657918
EASY DOES IT WOMEN|Location is: EASY DOES IT|1|19:00:00|20:00:00|1241 E. BROADWAY RD #14/15, MESA, NM 85204|34.973376|-106.657918
EASY DOES IT 2|Location is: EASY DOES IT|6|12:00:00|13:00:00|1241 E. BROADWAY RD #14/15, MESA, NM 85204|34.973376|-106.657918
EASY DOES IT 3|Location is: EASY DOES IT|2|17:30:00|18:30:00|1241 E. BROADWAY RD #14/15, MESA, NM 85204|34.973376|-106.657918
EASY DOES IT 3|Location is: EASY DOES IT|3|17:30:00|18:30:00|1241 E. BROADWAY RD #14/15, MESA, NM 85204|34.973376|-106.657918
EASY DOES IT|Location is: EASY DOES IT|4|08:00:00|09:00:00|1241 E. BROADWAY RD #14/15, MESA, NM 85204|34.973376|-106.657918
EASY DOES IT 2|Location is: EASY DOES IT|4|12:00:00|13:00:00|1241 E. BROADWAY RD #14/15, MESA, NM 85204|34.973376|-106.657918
EASY DOES IT 3|Location is: EASY DOES IT|4|17:30:00|18:30:00|1241 E. BROADWAY RD #14/15, MESA, NM 85204|34.973376|-106.657918
EASY DOES IT 5|Location is: EASY DOES IT|4|20:30:00|21:30:00|1241 E. BROADWAY RD #14/15, MESA, NM 85204|34.973376|-106.657918
EASY DOES IT|Location is: EASY DOES IT|5|08:00:00|09:00:00|1241 E. BROADWAY RD #14/15, MESA, NM 85204|34.973376|-106.657918
EASY DOES IT 2|Location is: EASY DOES IT|5|12:00:00|13:00:00|1241 E. BROADWAY RD #14/15, MESA, NM 85204|34.973376|-106.657918
EASY DOES IT 3|Location is: EASY DOES IT|5|17:30:00|18:30:00|1241 E. BROADWAY RD #14/15, MESA, NM 85204|34.973376|-106.657918
EASY DOES IT 5|Location is: EASY DOES IT|5|20:30:00|21:30:00|1241 E. BROADWAY RD #14/15, MESA, NM 85204|34.973376|-106.657918
EASY DOES IT|Location is: EASY DOES IT|6|08:00:00|09:00:00|1241 E. BROADWAY RD #14/15, MESA, NM 85204|34.973376|-106.657918
EASY DOES IT 3|Location is: EASY DOES IT|6|17:30:00|18:30:00|1241 E. BROADWAY RD #14/15, MESA, NM 85204|34.973376|-106.657918
EASY DOES IT|Location is: EASY DOES IT|7|08:00:00|09:00:00|1241 E. BROADWAY RD #14/15, MESA, NM 85204|34.973376|-106.657918
EASY DOES IT 2|Location is: EASY DOES IT|7|12:00:00|13:00:00|1241 E. BROADWAY RD #14/15, MESA, NM 85204|34.973376|-106.657918
EASY DOES IT 5|Location is: EASY DOES IT|7|20:30:00|21:30:00|1241 E. BROADWAY RD #14/15, MESA, NM 85204|34.973376|-106.657918
EASY DOES IT GRAPEVINE|Location is: EASY DOES IT|1|08:00:00|09:00:00|1241 E. BROADWAY RD #14/15, MESA, NM 85204|34.973376|-106.657918
EASY DOES IT CANDLELIGHT|Location is: EASY DOES IT|1|20:30:00|21:30:00|1241 E. BROADWAY RD #14/15, MESA, NM 85204|34.973376|-106.657918
EASY DOES IT|Location is: EASY DOES IT|2|08:00:00|09:00:00|1241 E. BROADWAY RD #14/15, MESA, NM 85204|34.973376|-106.657918
EASY DOES IT 2|Location is: EASY DOES IT|2|12:00:00|13:00:00|1241 E. BROADWAY RD #14/15, MESA, NM 85204|34.973376|-106.657918
EASY DOES IT 5|Location is: EASY DOES IT|2|20:30:00|21:30:00|1241 E. BROADWAY RD #14/15, MESA, NM 85204|34.973376|-106.657918
EASY DOES IT|Location is: EASY DOES IT|3|08:00:00|09:00:00|1241 E. BROADWAY RD #14/15, MESA, NM 85204|34.973376|-106.657918
EASY DOES IT 2|Location is: EASY DOES IT|3|12:00:00|13:00:00|1241 E. BROADWAY RD #14/15, MESA, NM 85204|34.973376|-106.657918
EASY DOES IT 4|Location is: EASY DOES IT|3|19:00:00|20:00:00|1241 E. BROADWAY RD #14/15, MESA, NM 85204|34.973376|-106.657918
EASY DOES IT 5|Location is: EASY DOES IT|3|20:30:00|21:30:00|1241 E. BROADWAY RD #14/15, MESA, NM 85204|34.973376|-106.657918
EASY DOES IT SPEAKER|Location is: EASY DOES IT|6|19:00:00|20:00:00|1241 E. BROADWAY RD #14/15, MESA, NM 85204|34.973376|-106.657918
NAME IN THE HAT|Location is: NAME IN THE HAT|1|10:30:00|11:30:00|1045 E. MAIN ST., MESA, NM 85204|32.1797763|-106.7061549
NAME IN THE HAT|Location is: NAME IN THE HAT|4|20:00:00|21:00:00|1045 E. MAIN ST., MESA, NM 85204|32.1797763|-106.7061549
NAME IN THE HAT|Location is: NAME IN THE HAT|7|16:00:00|17:00:00|1045 E. MAIN ST., MESA, NM 85204|32.1797763|-106.7061549
SCOTTSDALE NON-DRINKERS (EARLY)|Location is: EL DORADO PARK,|1|09:30:00|10:30:00|OAK ST. + MILLER RD., SCOTTSDALE, NM |34.5199402|-105.87009009999997
SCOTTSDALE NON-DRINKERS (LATE)|Location is: EL DORADO PARK,|1|11:00:00|12:00:00|OAK ST. + MILLER RD., SCOTTSDALE, NM |34.5199402|-105.87009009999997
SATURDAY NIGHT VARIETY|Location is: ST. THERESA CATHOLIC CHURCH|7|20:30:00|21:30:00|50TH ST. + THOMAS RD., PHOENIX, NM |34.5199402|-105.87009009999997
HOGAN'S HEROES|Location is: FRANCISCAN RENWL|1|17:00:00|18:00:00|5802 E. LINCOLN DR., PARADISE VALLEY, NM 85253|32.638287|-105.70150890000002
NEW RIVER STRAIGHT LIFE|Location is: NAZARENE CHURCH|5|19:30:00|20:30:00|N. 7TH ST. + CAREFREE HIGHWAY, NEW RIVER, NM |34.5199402|-105.87009009999997
NEW RIVER STRAIGHT LIFE|Location is: NAZARENE CHURCH|7|19:30:00|20:30:00|N. 7TH ST. + CAREFREE HIGHWAY, NEW RIVER, NM |34.5199402|-105.87009009999997
SCOTTSDALE STEP GROUP|Location is: CHRIST CHURCH OF THE ASCENSION|3|20:00:00|21:00:00|4015 E. LINCOLN DR., PARADISE VALLEY, NM 85253|32.638287|-105.70150890000002
WAY OUT OF THE BOTTLE|Location is: MEMORIAL PRESBYTERIAN CHURCH|5|20:00:00|21:00:00|4141 E. THOMAS RD., PHOENIX, NM 85018|35.1145925|-106.65104020000001
TUESDAY MEN'S STAG|Location is: MEMORIAL PRESBYTERIAN CHURCH|3|19:00:00|20:00:00|4141 E. THOMAS RD., PHOENIX, NM 85018|35.1145925|-106.65104020000001
BAREFOOT GROUP|Location is: SUNNYSLOPE PRESBYTERIAN W. ENTRY, NORTH RM|5|20:15:00|21:15:00|9317 N. 2ND ST., PHOENIX, NM 85020|35.1110014|-106.61409170000002
SUNDAY NITE NORTH|Location is: CHURCH OF THE BEATITUDES|1|20:00:00|21:00:00|555 W. GLENDALE AVE., PHOENIX, NM 85013|35.1141154|-106.64930470000002
BIG BOOK EXPERIENCE|Location is: CHURCH OF THE BEATITUDES|6|20:00:00|21:00:00|555 W. GLENDALE AVE., PHOENIX, NM 85013|35.1141154|-106.64930470000002
FOURTH DIMENSION|Location is: FIRST CONGREGATIONAL CHURCH|6|18:00:00|19:00:00|1407 N. 2ND ST., PHOENIX, NM 85004|35.1155078|-106.65988419999996
11TH STEP MEDITATION MTG.|Location is: FIRST CONGREGATIONAL CHURCH|2|19:00:00|20:00:00|1407 N. 2ND ST., PHOENIX, NM 85004|35.1155078|-106.65988419999996
11TH STEP MEDITATION|Location is: FIRST CONGREGATIONAL CHURCH|7|07:30:00|08:30:00|1407 N. 2ND ST., PHOENIX, NM 85004|35.1155078|-106.65988419999996
ROUND TABLE GROUP|Location is: FIRST CONGREGATIONAL CHURCH|4|18:00:00|19:00:00|1407 N. 2ND ST., PHOENIX, NM 85004|35.1155078|-106.65988419999996
WOLFPACK|Location is: WOLFPACK|2|19:00:00|20:00:00|VISIT HTTP://WWW. AZWOLFPACK.COM, PHOENIX, NM |34.5199402|-105.87009009999997
POST TIME|Location is: POST TIME|5|10:30:00|11:30:00|TURF PARADISE RACE TRACK, PHOENIX, NM |34.5199402|-105.87009009999997
Oberlin AA|Location is: Ambulance Barn|4|20:00:00|21:00:00|606 West Caldron, oberlin, NM |34.5199402|-105.87009009999997
GETTING STARTED IN THE ZONE|Location is: INFORM SECURITY ATTENDING A.A. MTG|3|19:30:00|20:30:00|1125 W. JACKSON ST., PHOENIX, NM 85007|35.1109957|-106.55872529999999
DEEP WITHIN|Location is: DEEP WITHIN|4|19:00:00|20:00:00|114 W. DESERT DR., PHOENIX, NM 85041|35.1109957|-106.55872529999999
DEEP WITHIN|Location is: DEEP WITHIN|6|19:00:00|20:00:00|114 W. DESERT DR., PHOENIX, NM 85041|35.1109957|-106.55872529999999
DEEP WITHIN|Location is: DEEP WITHIN|2|19:00:00|20:00:00|114 W. DESERT DR., PHOENIX, NM 85041|35.1109957|-106.55872529999999
DEER VALLEY WEST|Location is: ST. RAPHAEL'S CHURCH|7|20:00:00|21:00:00|5525 W. ACOMA DR., GLENDALE, NM 85306|35.0866973|-106.6976922
ATTITUDE ADJUSTMENT|Location is: ST. RAPHAEL'S CHURCH|4|20:00:00|21:00:00|5525 W. ACOMA DR., GLENDALE, NM 85306|35.0866973|-106.6976922
ANGEL'S ALIBI|Location is: ST. RAPHAEL'S CHURCH|6|20:00:00|21:00:00|5525 W. ACOMA DR., GLENDALE, NM 85306|35.0866973|-106.6976922
SUNDAY NIGHT NEWCOMERS|Location is: ST. RAPHAEL'S CHURCH|1|19:00:00|20:00:00|5525 W. ACOMA DR., GLENDALE, NM 85306|35.0866973|-106.6976922
TWIN PALMS GROUP|Location is: CONCORDIA LUTHERAN CHURCH|5|19:00:00|20:00:00|4901 W. INDIAN SCHOOL RD., PHOENIX, NM 85031|35.1110304|-106.58956119999999
MARYVALE GROUP|Location is: CONCORDIA LUTHERAN CHURCH|2|19:00:00|20:00:00|4901 W. INDIAN SCHOOL RD., PHOENIX, NM 85031|35.1110304|-106.58956119999999
WARNER COMMUNITY RESOURCE CENTER|Location is: WARNER COMMUNITY RESOURCE CENTER|4|18:00:00|19:00:00|ACROSS FROM SCHOOL, SUN CITY, NM |34.5199402|-105.87009009999997
ALPHA OMEGA|Location is: NU HOPE ALANO|3|20:00:00|21:00:00|12313 N.W. GRAND AVE., EL MIRAGE, NM 85335|35.1285415|-106.5050885
GLIMPSE OF HOPE CANDLELIGHT|Location is: NU HOPE ALANO|7|22:30:00|23:30:00|12313 N.W. GRAND AVE., EL MIRAGE, NM 85335|35.1285415|-106.5050885
BREATH OF FRESH AIR|Location is: NU HOPE ALANO|4|17:30:00|18:30:00|12313 N.W. GRAND AVE., EL MIRAGE, NM 85335|35.1285415|-106.5050885
SUNDOWNERS|Location is: NU HOPE ALANO|4|17:30:00|18:30:00|12313 N.W. GRAND AVE., EL MIRAGE, NM 85335|35.1285415|-106.5050885
NO NAME GROUP|Location is: NU HOPE ALANO|4|20:15:00|21:15:00|12313 N.W. GRAND AVE., EL MIRAGE, NM 85335|35.1285415|-106.5050885
BREATH OF FRESH AIR|Location is: NU HOPE ALANO|5|17:30:00|18:30:00|12313 N.W. GRAND AVE., EL MIRAGE, NM 85335|35.1285415|-106.5050885
SUNDOWNERS|Location is: NU HOPE ALANO|5|17:30:00|18:30:00|12313 N.W. GRAND AVE., EL MIRAGE, NM 85335|35.1285415|-106.5050885
DRY LOOK PROGRAM OF RECOVERY|Location is: NU HOPE ALANO|5|20:00:00|21:00:00|12313 N.W. GRAND AVE., EL MIRAGE, NM 85335|35.1285415|-106.5050885
BREATH OF FRESH AIR|Location is: NU HOPE ALANO|6|17:30:00|18:30:00|12313 N.W. GRAND AVE., EL MIRAGE, NM 85335|35.1285415|-106.5050885
SUNDOWNERS|Location is: NU HOPE ALANO|6|17:30:00|18:30:00|12313 N.W. GRAND AVE., EL MIRAGE, NM 85335|35.1285415|-106.5050885
BREATH OF FRESH AIR|Location is: NU HOPE ALANO|7|17:30:00|18:30:00|12313 N.W. GRAND AVE., EL MIRAGE, NM 85335|35.1285415|-106.5050885
11TH STEP MEETING|Location is: NU HOPE ALANO|1|09:30:00|10:30:00|12313 N.W. GRAND AVE., EL MIRAGE, NM 85335|35.1285415|-106.5050885
BREATH OF FRESH AIR|Location is: NU HOPE ALANO|1|17:30:00|18:30:00|12313 N.W. GRAND AVE., EL MIRAGE, NM 85335|35.1285415|-106.5050885
SUNDOWNERS|Location is: NU HOPE ALANO|1|17:30:00|18:30:00|12313 N.W. GRAND AVE., EL MIRAGE, NM 85335|35.1285415|-106.5050885
BREATH OF FRESH AIR|Location is: NU HOPE ALANO|2|17:30:00|18:30:00|12313 N.W. GRAND AVE., EL MIRAGE, NM 85335|35.1285415|-106.5050885
SUNDOWNERS|Location is: NU HOPE ALANO|2|17:30:00|18:30:00|12313 N.W. GRAND AVE., EL MIRAGE, NM 85335|35.1285415|-106.5050885
DRY LOOK PROGRAM|Location is: NU HOPE ALANO|2|20:00:00|21:00:00|12313 N.W. GRAND AVE., EL MIRAGE, NM 85335|35.1285415|-106.5050885
BREATH OF FRESH AIR|Location is: NU HOPE ALANO|3|17:30:00|18:30:00|12313 N.W. GRAND AVE., EL MIRAGE, NM 85335|35.1285415|-106.5050885
SUNDOWNERS|Location is: NU HOPE ALANO|3|17:30:00|18:30:00|12313 N.W. GRAND AVE., EL MIRAGE, NM 85335|35.1285415|-106.5050885
CACTUS WELCOME HOME GROUP|Location is: NU HOPE ALANO|4|12:15:00|13:15:00|12313 N.W. GRAND AVE., EL MIRAGE, NM 85335|35.1285415|-106.5050885
SMOKEBUSTERS|Location is: NU HOPE ALANO|4|12:15:00|13:15:00|12313 N.W. GRAND AVE., EL MIRAGE, NM 85335|35.1285415|-106.5050885
CACTUS WELCOME HOME GROUP|Location is: NU HOPE ALANO|5|12:15:00|13:15:00|12313 N.W. GRAND AVE., EL MIRAGE, NM 85335|35.1285415|-106.5050885
SMOKEBUSTERS|Location is: NU HOPE ALANO|5|12:15:00|13:15:00|12313 N.W. GRAND AVE., EL MIRAGE, NM 85335|35.1285415|-106.5050885
CACTUS WELCOME HOME GROUP|Location is: NU HOPE ALANO|6|12:15:00|13:15:00|12313 N.W. GRAND AVE., EL MIRAGE, NM 85335|35.1285415|-106.5050885
SMOKEBUSTERS|Location is: NU HOPE ALANO|6|12:15:00|13:15:00|12313 N.W. GRAND AVE., EL MIRAGE, NM 85335|35.1285415|-106.5050885
CACTUS WELCOME HOME GROUP|Location is: NU HOPE ALANO|7|12:15:00|13:15:00|12313 N.W. GRAND AVE., EL MIRAGE, NM 85335|35.1285415|-106.5050885
SMOKEBUSTERS|Location is: NU HOPE ALANO|7|12:15:00|13:15:00|12313 N.W. GRAND AVE., EL MIRAGE, NM 85335|35.1285415|-106.5050885
CACTUS WELCOME HOME GROUP|Location is: NU HOPE ALANO|1|12:15:00|13:15:00|12313 N.W. GRAND AVE., EL MIRAGE, NM 85335|35.1285415|-106.5050885
CACTUS WELCOME HOME GROUP|Location is: NU HOPE ALANO|2|12:15:00|13:15:00|12313 N.W. GRAND AVE., EL MIRAGE, NM 85335|35.1285415|-106.5050885
SMOKEBUSTERS|Location is: NU HOPE ALANO|2|12:15:00|13:15:00|12313 N.W. GRAND AVE., EL MIRAGE, NM 85335|35.1285415|-106.5050885
CACTUS WELCOME HOME GROUP|Location is: NU HOPE ALANO|3|12:15:00|13:15:00|12313 N.W. GRAND AVE., EL MIRAGE, NM 85335|35.1285415|-106.5050885
SMOKEBUSTERS|Location is: NU HOPE ALANO|3|12:15:00|13:15:00|12313 N.W. GRAND AVE., EL MIRAGE, NM 85335|35.1285415|-106.5050885
MEN'S STAG|Location is: NU HOPE ALANO|7|08:30:00|09:30:00|12313 N.W. GRAND AVE., EL MIRAGE, NM 85335|35.1285415|-106.5050885
WOMEN'S SAT. AM 12+12|Location is: NU HOPE ALANO|7|08:30:00|09:30:00|12313 N.W. GRAND AVE., EL MIRAGE, NM 85335|35.1285415|-106.5050885
SUNDOWNERS|Location is: NU HOPE ALANO|7|20:00:00|21:00:00|12313 N.W. GRAND AVE., EL MIRAGE, NM 85335|35.1285415|-106.5050885
PATHWAY|Location is: NU HOPE ALANO|1|11:00:00|12:00:00|12313 N.W. GRAND AVE., EL MIRAGE, NM 85335|35.1285415|-106.5050885
WAY OF LIVING|Location is: NU HOPE ALANO|3|10:00:00|11:00:00|12313 N.W. GRAND AVE., EL MIRAGE, NM 85335|35.1285415|-106.5050885
AWAKENING 11TH STEP GROUP|Location is: NU HOPE ALANO|4|06:30:00|07:30:00|12313 N.W. GRAND AVE., EL MIRAGE, NM 85335|35.1285415|-106.5050885
AWAKENING 11TH STEP GROUP|Location is: NU HOPE ALANO|5|06:30:00|07:30:00|12313 N.W. GRAND AVE., EL MIRAGE, NM 85335|35.1285415|-106.5050885
AWAKENING 11TH STEP GROUP|Location is: NU HOPE ALANO|6|06:30:00|07:30:00|12313 N.W. GRAND AVE., EL MIRAGE, NM 85335|35.1285415|-106.5050885
12 AND 12|Location is: NU HOPE ALANO|6|20:15:00|21:15:00|12313 N.W. GRAND AVE., EL MIRAGE, NM 85335|35.1285415|-106.5050885
AWAKENING 11TH STEP GROUP|Location is: NU HOPE ALANO|7|06:30:00|07:30:00|12313 N.W. GRAND AVE., EL MIRAGE, NM 85335|35.1285415|-106.5050885
AWAKENING 11TH STEP GROUP|Location is: NU HOPE ALANO|1|06:30:00|07:30:00|12313 N.W. GRAND AVE., EL MIRAGE, NM 85335|35.1285415|-106.5050885
AWAKENING 11TH STEP GROUP|Location is: NU HOPE ALANO|2|06:30:00|07:30:00|12313 N.W. GRAND AVE., EL MIRAGE, NM 85335|35.1285415|-106.5050885
AWAKENING 11TH STEP GROUP|Location is: NU HOPE ALANO|3|06:30:00|07:30:00|12313 N.W. GRAND AVE., EL MIRAGE, NM 85335|35.1285415|-106.5050885
MORNING MADNESS|Location is: NU HOPE ALANO|7|10:00:00|11:00:00|12313 N.W. GRAND AVE., EL MIRAGE, NM 85335|35.1285415|-106.5050885
Kingman AA Group #1|Location is: Upstairs, to the left!|4|01:00:00|02:00:00|113 A Ave E, Kingman, NM 67068|35.5212502|-106.34123950000003
Kingman AA Group #1|Location is: Upstairs, to the left!|1|20:00:00|21:00:00|115 A Ave E, Kingman, NM 67068|35.5212502|-106.34123950000003
Kingman AA Group #1|Location is: Upstairs, to the left!|6|20:00:00|21:00:00|115 A Ave E, Kingman, NM 67068|35.5212502|-106.34123950000003
Pisgah Group|Location is: First Presbyterian Church|5|08:00:00|09:00:00|40 Church Street - Enter in Alley, Asheville, NM |34.5199402|-105.87009009999997
East Carbon|Location is: City Hall|3|20:00:00|21:00:00|Utah 123, East Carbon, NM |34.5199402|-105.87009009999997
East Carbon|Location is: City Hall|6|20:00:00|21:00:00|Utah 123, East Carbon, NM |34.5199402|-105.87009009999997
Centerpoint|Location is: Fellowship Hall|2|20:00:00|21:00:00|CENTERPOINT TX, center_point, NM |34.5199402|-105.87009009999997
Closed AA|Location is: 4 Corners Mental Health|5|19:30:00|20:30:00|575 East 100 South, Price, NM 84501|35.2281148|-106.60650499999997
Primary Purpose Step Study|Location is: 110 N 400 E|4|07:00:00|08:00:00|Vernal, vernal, NM |34.5199402|-105.87009009999997
Book Study|Location is: Catholic Church -|5|20:00:00|21:00:00|138 North 100 West, Vernal, NM 84078|35.3084533|-106.70599979999997
Sunlight of the Spirit|Location is: World Assembly of God|2|19:00:00|20:00:00|444 West 400 North, Vernal, NM 84078|35.3084533|-106.70599979999997
Sunlight of the Spirit|Location is: World Assembly of God|6|19:00:00|20:00:00|444 West 400 North, Vernal, NM 84078|35.3084533|-106.70599979999997
Price Nooners|Location is: Price Alano Club|1|12:00:00|13:00:00|1267 Carbonville Road, Price, NM |34.5199402|-105.87009009999997
Price Nooners|Location is: Price Alano Club|2|12:00:00|13:00:00|1267 Carbonville Road, Price, NM |34.5199402|-105.87009009999997
Price Nooners|Location is: Price Alano Club|3|12:00:00|13:00:00|1267 Carbonville Road, Price, NM |34.5199402|-105.87009009999997
Price Nooners|Location is: Price Alano Club|4|12:00:00|13:00:00|1267 Carbonville Road, Price, NM |34.5199402|-105.87009009999997
Price Nooners|Location is: Price Alano Club|5|12:00:00|13:00:00|1267 Carbonville Road, Price, NM |34.5199402|-105.87009009999997
Price Nooners|Location is: Price Alano Club|6|12:00:00|13:00:00|1267 Carbonville Road, Price, NM |34.5199402|-105.87009009999997
Price Nooners|Location is: Price Alano Club|7|12:00:00|13:00:00|1267 Carbonville Road, Price, NM |34.5199402|-105.87009009999997
Molehill Mountaineers|Location is: Price Alano Club|6|19:00:00|20:00:00|1267 Carbonville Road, Price, NM |34.5199402|-105.87009009999997
Molehill Mountaineers|Location is: Price Alano Club|7|19:00:00|20:00:00|1267 Carbonville Road, Price, NM |34.5199402|-105.87009009999997
Discussion|Location is: Roosevelt Alano Club|6|19:00:00|20:00:00|144 East 300 South, Roosevelt, NM 84066|33.9438606|-103.6513084
Discussion|Location is: Roosevelt Alano Club|7|19:00:00|20:00:00|144 East 300 South, Roosevelt, NM 84066|33.9438606|-103.6513084
Discussion|Location is: Roosevelt Alano Club|1|19:00:00|20:00:00|144 East 300 South, Roosevelt, NM 84066|33.9438606|-103.6513084
Big Book Study|Location is: Roosevelt Alano Club|4|19:00:00|20:00:00|144 East 300 South, Roosevelt, NM 84066|33.9438606|-103.6513084
Altrincham &#39;come & go&#39;|Location is: Unitarian Church|6|11:30:00|12:30:00|Sylvan Grove/Dunham Road, manchester, NM |34.5199402|-105.87009009999997
DUGWAY GROUP|Location is: DUGWAY GROUP|3|19:00:00|20:00:00|POST CHAPEL, DUGWAY, NM |34.5199402|-105.87009009999997
DUGWAY GROUP|Location is: DUGWAY GROUP|6|19:00:00|20:00:00|POST CHAPEL, DUGWAY, NM |34.5199402|-105.87009009999997
12x12 Staying Alive|Location is: Legion Hall|2|20:00:00|21:00:00|50 South State Street, Salina, NM 84654|32.463225|-106.7148848
12x12 Staying Alive|Location is: Legion Hall|3|20:00:00|21:00:00|50 South State Street, Salina, NM 84654|32.463225|-106.7148848
12x12 Staying Alive|Location is: Legion Hall|6|20:00:00|21:00:00|50 South State Street, Salina, NM 84654|32.463225|-106.7148848
Parklane Group 2|Location is: Parklane Group|6|14:30:00|15:30:00|951 S Glendale (Parklane SC), WICHITA, NM |34.5199402|-105.87009009999997
Parklane Group 3|Location is: Parklane Group|6|17:30:00|18:30:00|951 S Glendale (Parklane SC), WICHITA, NM |34.5199402|-105.87009009999997
Parklane Group 4|Location is: Parklane Group|6|19:00:00|20:00:00|951 S Glendale (Parklane SC), WICHITA, NM |34.5199402|-105.87009009999997
Parklane Group 5|Location is: Parklane Group|6|20:30:00|21:30:00|951 S Glendale (Parklane SC), WICHITA, NM |34.5199402|-105.87009009999997
Parklane Group 2|Location is: Parklane Group|2|14:30:00|15:30:00|951 S Glendale (Parklane SC), WICHITA, NM |34.5199402|-105.87009009999997
Parklane Group 3|Location is: Parklane Group|2|17:30:00|18:30:00|951 S Glendale (Parklane SC), WICHITA, NM |34.5199402|-105.87009009999997
Parklane Group 4|Location is: Parklane Group|2|19:00:00|20:00:00|951 S Glendale (Parklane SC), WICHITA, NM |34.5199402|-105.87009009999997
Parklane Group 5|Location is: Parklane Group|2|20:30:00|21:30:00|951 S Glendale (Parklane SC), WICHITA, NM |34.5199402|-105.87009009999997
Parklane Group 6|Location is: Parklane Group|7|16:00:00|17:00:00|951 S Glendale (Parklane SC), WICHITA, NM |34.5199402|-105.87009009999997
Parklane Group 3|Location is: Parklane Group|7|17:30:00|18:30:00|951 S Glendale (Parklane SC), WICHITA, NM |34.5199402|-105.87009009999997
Parklane Group 4|Location is: Parklane Group|7|19:00:00|20:00:00|951 S Glendale (Parklane SC), WICHITA, NM |34.5199402|-105.87009009999997
Parklane Group 5|Location is: Parklane Group|7|20:30:00|21:30:00|951 S Glendale (Parklane SC), WICHITA, NM |34.5199402|-105.87009009999997
Parklane Group|Location is: Parklane Group|1|12:00:00|13:00:00|951 S Glendale  (Parklane SC), WICHITA, NM |34.5199402|-105.87009009999997
Parklane Group 7|Location is: Parklane Group|1|14:00:00|15:00:00|951 S Glendale (Parklane SC), WICHITA, NM |34.5199402|-105.87009009999997
Parklane Group 8|Location is: Parklane Group|1|15:30:00|16:30:00|951 S Glendale (Parklane SC), WICHITA, NM |34.5199402|-105.87009009999997
Parklane Group 3|Location is: Parklane Group|1|17:30:00|18:30:00|951 S Glendale (Parklane SC), WICHITA, NM |34.5199402|-105.87009009999997
Parklane Group 4|Location is: Parklane Group|1|19:00:00|20:00:00|951 S Glendale (Parklane SC), WICHITA, NM |34.5199402|-105.87009009999997
Parklane Group 2|Location is: Parklane Group|5|14:30:00|15:30:00|951 S Glendale (Parklane SC), WICHITA, NM |34.5199402|-105.87009009999997
Parklane Group 3|Location is: Parklane Group|5|17:30:00|18:30:00|951 S Glendale (Parklane SC), WICHITA, NM |34.5199402|-105.87009009999997
Parklane Group 4|Location is: Parklane Group|5|19:00:00|20:00:00|951 S Glendale (Parklane SC), WICHITA, NM |34.5199402|-105.87009009999997
Traditions Group|Location is: Traditions Group|5|19:30:00|20:30:00|12626 E 21st N ( Magdelen-St Joseph's Room), WICHITA, NM |34.5199402|-105.87009009999997
Parklane Group 5|Location is: Parklane Group|5|20:30:00|21:30:00|951 S Glendale (Parklane SC), WICHITA, NM |34.5199402|-105.87009009999997
Parklane Group 2|Location is: Parklane Group|3|14:30:00|15:30:00|951 S Glendale (Parklane SC), WICHITA, NM |34.5199402|-105.87009009999997
Parklane Group 3|Location is: Parklane Group|3|17:30:00|18:30:00|951 S Glendale (Parklane SC), WICHITA, NM |34.5199402|-105.87009009999997
Parklane Group 4|Location is: Parklane Group|3|19:00:00|20:00:00|951 S Glendale (Parklane SC), WICHITA, NM |34.5199402|-105.87009009999997
Wanderers Group|Location is: Wanderers Group|3|19:00:00|20:00:00|4301 W Maple (Christ the King -Charity Hall- Bsmt), WICHITA, NM |34.5199402|-105.87009009999997
Traditions Group|Location is: Traditions Group|3|19:30:00|20:30:00|12626 E 21st N ( Magdelen-St Joseph's Room), WICHITA, NM |34.5199402|-105.87009009999997
Parklane Group 5|Location is: Parklane Group|3|20:30:00|21:30:00|951 S Glendale (Parklane SC), WICHITA, NM |34.5199402|-105.87009009999997
Parklane Group 2|Location is: Parklane Group|4|14:30:00|15:30:00|951 S Glendale (Parklane SC), WICHITA, NM |34.5199402|-105.87009009999997
Parklane Group 3|Location is: Parklane Group|4|17:30:00|18:30:00|951 S Glendale (Parklane SC), WICHITA, NM |34.5199402|-105.87009009999997
Parklane Group 4|Location is: Parklane Group|4|19:00:00|20:00:00|951 S Glendale (Parklane SC), WICHITA, NM |34.5199402|-105.87009009999997
Parklane Group 5|Location is: Parklane Group|4|20:30:00|21:30:00|951 S Glendale (Parklane SC), WICHITA, NM |34.5199402|-105.87009009999997
Grand Canyon Group|Location is: Kachina Lodge|2|19:00:00|20:00:00|between El Tovar Lodge and Bright Angel Lodge, Grand Canyon, NM |34.5199402|-105.87009009999997
Grand Canyon Group|Location is: Kachina Lodge|4|19:00:00|20:00:00|between El Tovar Lodge and Bright Angel Lodge, Grand Canyon, NM |34.5199402|-105.87009009999997
Grand Canyon Group|Location is: Kachina Lodge|6|19:00:00|20:00:00|between El Tovar Lodge and Bright Angel Lodge, Grand Canyon, NM |34.5199402|-105.87009009999997
Parklane Group|Location is: Parklane Group|3|12:00:00|13:00:00|Harry & Oliver, WICHITA, NM |34.5199402|-105.87009009999997
Open Discussion|Location is: Alpine Lanes Bowling Alley|3|12:00:00|13:00:00|421 East Hwy 91, Cedar City, NM 84761|35.1246926|-106.3691174
Open Discussion|Location is: Alpine Lanes Bowling Alley|5|12:00:00|13:00:00|421 East Hwy 91, Cedar City, NM 84761|35.1246926|-106.3691174
Carrollton 2|Location is: Carrollton|1|null|N/A|1039 S Stemmons Fwy, Carrollton, NM |34.5199402|-105.87009009999997
Carrollton|Location is: Carrollton|1|14:00:00|15:00:00|1039 S Stemmons Fwy, Carrollton, NM |34.5199402|-105.87009009999997
Carrollton 2|Location is: Carrollton|2|null|N/A|1039 S Stemmons Fwy, Carrollton, NM |34.5199402|-105.87009009999997
Carrollton|Location is: Carrollton|2|14:00:00|15:00:00|1039 S Stemmons Fwy, Carrollton, NM |34.5199402|-105.87009009999997
Carrollton 2|Location is: Carrollton|3|null|N/A|1039 S Stemmons Fwy, Carrollton, NM |34.5199402|-105.87009009999997
Carrollton|Location is: Carrollton|3|14:00:00|15:00:00|1039 S Stemmons Fwy, Carrollton, NM |34.5199402|-105.87009009999997
Carrollton 2|Location is: Carrollton|4|null|N/A|1039 S Stemmons Fwy, Carrollton, NM |34.5199402|-105.87009009999997
Carrollton|Location is: Carrollton|4|14:00:00|15:00:00|1039 S Stemmons Fwy, Carrollton, NM |34.5199402|-105.87009009999997
Carrollton 2|Location is: Carrollton|5|null|N/A|1039 S Stemmons Fwy, Carrollton, NM |34.5199402|-105.87009009999997
Carrollton|Location is: Carrollton|5|14:00:00|15:00:00|1039 S Stemmons Fwy, Carrollton, NM |34.5199402|-105.87009009999997
Carrollton 2|Location is: Carrollton|6|null|N/A|1039 S Stemmons Fwy, Carrollton, NM |34.5199402|-105.87009009999997
Carrollton|Location is: Carrollton|6|14:00:00|15:00:00|1039 S Stemmons Fwy, Carrollton, NM |34.5199402|-105.87009009999997
Carrollton 2|Location is: Carrollton|7|null|N/A|1039 S Stemmons Fwy, Carrollton, NM |34.5199402|-105.87009009999997
Carrollton|Location is: Carrollton|7|14:00:00|15:00:00|1039 S Stemmons Fwy, Carrollton, NM |34.5199402|-105.87009009999997
The Colony 2|Location is: The Colony|1|null|N/A|5201 S Colony Blvd, The Colony, NM 75056|35.1770207|-106.49771279999999
The Colony|Location is: The Colony|1|14:00:00|15:00:00|5201 S Colony Blvd, The Colony, NM 75056|35.1770207|-106.49771279999999
The Colony 2|Location is: The Colony|2|null|N/A|5201 S Colony Blvd, The Colony, NM 75056|35.1770207|-106.49771279999999
The Colony|Location is: The Colony|2|14:00:00|15:00:00|5201 S Colony Blvd, The Colony, NM 75056|35.1770207|-106.49771279999999
The Colony 2|Location is: The Colony|3|null|N/A|5201 S Colony Blvd, The Colony, NM 75056|35.1770207|-106.49771279999999
The Colony|Location is: The Colony|3|14:00:00|15:00:00|5201 S Colony Blvd, The Colony, NM 75056|35.1770207|-106.49771279999999
The Colony 2|Location is: The Colony|4|null|N/A|5201 S Colony Blvd, The Colony, NM 75056|35.1770207|-106.49771279999999
The Colony|Location is: The Colony|4|14:00:00|15:00:00|5201 S Colony Blvd, The Colony, NM 75056|35.1770207|-106.49771279999999
The Colony 3|Location is: The Colony|4|14:30:00|15:30:00|5201 S Colony Blvd, The Colony, NM 75056|35.1770207|-106.49771279999999
The Colony 2|Location is: The Colony|5|null|N/A|5201 S Colony Blvd, The Colony, NM 75056|35.1770207|-106.49771279999999
The Colony|Location is: The Colony|5|14:00:00|15:00:00|5201 S Colony Blvd, The Colony, NM 75056|35.1770207|-106.49771279999999
The Colony 2|Location is: The Colony|6|null|N/A|5201 S Colony Blvd, The Colony, NM 75056|35.1770207|-106.49771279999999
The Colony|Location is: The Colony|6|14:00:00|15:00:00|5201 S Colony Blvd, The Colony, NM 75056|35.1770207|-106.49771279999999
The Colony 2|Location is: The Colony|7|null|N/A|5201 S Colony Blvd, The Colony, NM 75056|35.1770207|-106.49771279999999
The Colony|Location is: The Colony|7|14:00:00|15:00:00|5201 S Colony Blvd, The Colony, NM 75056|35.1770207|-106.49771279999999
Hurricane Big Book|Location is: Hurricane Museum|3|19:00:00|20:00:00|Main & State, Hurricane, NM 84737|34.5199402|-105.87009009999997
Hurricane Beginner's|Location is: Hurricane Museum|4|19:00:00|20:00:00|Main & State, Hurricane, NM 84737|34.5199402|-105.87009009999997
Firehouse Meeting|Location is: Hurricane Museum|6|20:00:00|21:00:00|Main & State, Hurricane, NM 84737|34.5199402|-105.87009009999997
Monday Night Speaker Meeting|Location is: Hurricane Museum|2|19:30:00|20:30:00|State St & N Main St, Hurricane, NM 84737|34.5199402|-105.87009009999997
Serenity Plano|Location is: Grace Presbyterian Church|3|14:00:00|15:00:00|4300 W Park Blvd, Plano, NM 75093|35.0899182|-106.70063849999997
Serenity Plano|Location is: Grace Presbyterian Church|5|14:30:00|15:30:00|4300 W Park Blvd, Plano, NM 75093|35.0899182|-106.70063849999997
Serenity Plano|Location is: Grace Presbyterian Church|7|null|N/A|4300 W Park Blvd, Plano, NM 75093|35.0899182|-106.70063849999997
Living Sober|Location is: The Reformed Church of Plano|2|14:00:00|15:00:00|5333 Independence Parkway, Plano, NM 75023|31.9556683|-106.65109810000001
Living Sober|Location is: The Reformed Church of Plano|6|14:00:00|15:00:00|5333 Independence Parkway, Plano, NM 75023|31.9556683|-106.65109810000001
ST ROSE OF LIMA|Location is: ST ROSE OF LIMA|2|19:30:00|20:30:00|504 S 3RF, DESOTO, NM |34.5199402|-105.87009009999997
Tolerance/12x12 Book Study|Location is: Grace Episcopal Church|5|18:00:00|19:00:00|1072 East 900 South, St. George, NM 84790|32.6873824|-103.12421660000001
Parker Group|Location is: Parker Group|5|14:00:00|15:00:00|10816 S. Parker Rd. (Ch bsmt), Parker, NM |34.5199402|-105.87009009999997
Parker Beginners|Location is: Parker Group|5|14:45:00|15:45:00|10816 S. Parker Rd. (Ch bsmt), Parker, NM |34.5199402|-105.87009009999997
