NOON OPTIMISTS|Location is: ST. ROSE CATH. CHURCH|2|12:00:00|13:00:00|2835 W. ROSE CANYON CIRCLE, ANTHEM, AZ 89052|33.845424|-112.122409
NOON OPTIMISTS|Location is: ST. ROSE CATH. CHURCH|4|12:00:00|13:00:00|2835 W. ROSE CANYON CIRCLE, ANTHEM, AZ 89052|33.845424|-112.122409
NOON OPTIMISTS|Location is: ST. ROSE CATH. CHURCH|5|12:00:00|13:00:00|2835 W. ROSE CANYON CIRCLE, ANTHEM, AZ 89052|33.845424|-112.122409
NOON OPTIMISTS|Location is: ST. ROSE CATH. CHURCH|3|12:00:00|13:00:00|2835 W. ROSE CANYON CIRCLE, ANTHEM, AZ 89052|33.845424|-112.122409
NOON OPTIMISTS|Location is: ST. ROSE CATH. CHURCH|6|12:00:00|13:00:00|2835 W. ROSE CANYON CIRCLE, ANTHEM, AZ 89052|33.845424|-112.122409
Jaywalkers |Location is: United Methodist Church|7|19:30:00|20:30:00|4200 Meadowlark Ln SE, Rio Rancho, AZ 87124|33.5531409|-111.91301629999998
A Great Way to Start the Day|Location is: Primary Purpose Meeting House|2|07:00:00|08:00:00|223 North 100 West, Cedar City, AZ 84720|35.1185522|-114.61131890000001
A Great Way to Start the Day|Location is: Primary Purpose Meeting House|3|07:00:00|08:00:00|223 North 100 West, Cedar City, AZ 84720|35.1185522|-114.61131890000001
A Great Way to Start the Day|Location is: Primary Purpose Meeting House|4|07:00:00|08:00:00|223 North 100 West, Cedar City, AZ 84720|35.1185522|-114.61131890000001
A Great Way to Start the Day|Location is: Primary Purpose Meeting House|5|07:00:00|08:00:00|223 North 100 West, Cedar City, AZ 84720|35.1185522|-114.61131890000001
A Great Way to Start the Day|Location is: Primary Purpose Meeting House|6|07:00:00|08:00:00|223 North 100 West, Cedar City, AZ 84720|35.1185522|-114.61131890000001
A Great Way to Start the Day|Location is: Primary Purpose Meeting House|7|07:00:00|08:00:00|223 North 100 West, Cedar City, AZ 84720|35.1185522|-114.61131890000001
A Great Way to Start the Day|Location is: Primary Purpose Meeting House|1|07:00:00|08:00:00|223 North 100 West, Cedar City, AZ 84720|35.1185522|-114.61131890000001
Saturday Women's Meeting|Location is: Primary Purpose Meeting House|7|10:00:00|11:00:00|223 North 100 West, Cedar City, AZ 84720|35.1185522|-114.61131890000001
TGISS|Location is: Primary Purpose Meeting House|1|11:00:00|12:00:00|223 North 100 West, Cedar City, AZ 84720|35.1185522|-114.61131890000001
Primary Purpose - Noon|Location is: Primary Purpose Meeting House|1|12:30:00|13:30:00|223 North 100 West, Cedar City, AZ 84720|35.1185522|-114.61131890000001
Primary Purpose|Location is: Primary Purpose Meeting House|1|18:00:00|19:00:00|223 North 100 West, Cedar City, AZ 84720|35.1185522|-114.61131890000001
Primary Purpose|Location is: Primary Purpose Meeting House|2|18:00:00|19:00:00|223 North 100 West, Cedar City, AZ 84720|35.1185522|-114.61131890000001
Primary Purpose|Location is: Primary Purpose Meeting House|3|18:00:00|19:00:00|223 North 100 West, Cedar City, AZ 84720|35.1185522|-114.61131890000001
Primary Purpose|Location is: Primary Purpose Meeting House|4|18:00:00|19:00:00|223 North 100 West, Cedar City, AZ 84720|35.1185522|-114.61131890000001
Primary Purpose|Location is: Primary Purpose Meeting House|5|18:00:00|19:00:00|223 North 100 West, Cedar City, AZ 84720|35.1185522|-114.61131890000001
Primary Purpose|Location is: Primary Purpose Meeting House|6|18:00:00|19:00:00|223 North 100 West, Cedar City, AZ 84720|35.1185522|-114.61131890000001
Primary Purpose|Location is: Primary Purpose Meeting House|7|18:00:00|19:00:00|223 North 100 West, Cedar City, AZ 84720|35.1185522|-114.61131890000001
12&12 Open Meeting|Location is: Primary Purpose Meeting House|6|19:30:00|20:30:00|223 North 100 West, Cedar City, AZ 84720|35.1185522|-114.61131890000001
Triangle Big Book|Location is: Primary Purpose Meeting House|2|20:00:00|21:00:00|223 North 100 West, Cedar City, AZ 84720|35.1185522|-114.61131890000001
The Cedar City Group|Location is: Primary Purpose Meeting House|3|20:00:00|21:00:00|223 North 100 West, Cedar City, AZ 84720|35.1185522|-114.61131890000001
Triangle Step Study|Location is: Primary Purpose Meeting House|4|20:00:00|21:00:00|223 North 100 West, Cedar City, AZ 84720|35.1185522|-114.61131890000001
Primary Purpose - Noon|Location is: Primary Purpose Meeting House|2|12:00:00|13:00:00|223 North 100 West, Cedar City, AZ 84720|35.1185522|-114.61131890000001
Primary Purpose - Noon|Location is: Primary Purpose Meeting House|3|12:00:00|13:00:00|223 North 100 West, Cedar City, AZ 84720|35.1185522|-114.61131890000001
Primary Purpose - Noon|Location is: Primary Purpose Meeting House|4|12:00:00|13:00:00|223 North 100 West, Cedar City, AZ 84720|35.1185522|-114.61131890000001
Primary Purpose - Noon|Location is: Primary Purpose Meeting House|5|12:00:00|13:00:00|223 North 100 West, Cedar City, AZ 84720|35.1185522|-114.61131890000001
Primary Purpose - Noon|Location is: Primary Purpose Meeting House|6|12:00:00|13:00:00|223 North 100 West, Cedar City, AZ 84720|35.1185522|-114.61131890000001
Primary Purpose - Noon|Location is: Primary Purpose Meeting House|7|12:00:00|13:00:00|223 North 100 West, Cedar City, AZ 84720|35.1185522|-114.61131890000001
Primary Purpose-Noon|Location is: Primary Purpose|1|12:00:00|13:00:00|223 N 100 W , cedar_city, AZ 84720|35.1185522|-114.61131890000001
12 x 12 B/S|Location is: Little Church/Desert|7|09:00:00|10:00:00|6079 Adobe Rd, Twentynine Palms, AZ 92277|33.5305146|-112.0210437
Participation|Location is: Little Church/Desert|5|20:00:00|21:00:00|6079 Adobe Rd, Twentynine Palms, AZ 92277|33.5305146|-112.0210437
Rock Bottom Group|Location is: Little Church/Desert|3|19:30:00|20:30:00|6079 Adobe Rd, Twentynine Palms, AZ 92277|33.5305146|-112.0210437
Enterprise Group|Location is: Enterprise Valley Medical Clinic -|5|19:00:00|20:00:00|223 South 200 East, Enterprise, AZ 84725|33.5959682|-111.71412079999999
Discussion|Location is: Discussion|5|19:30:00|20:30:00|44375 Palm St, Indio, AZ 92201|32.2692901|-110.79160760000002
Women's Candlelight|Location is: Discussion|5|19:30:00|20:30:00|44375 Palm St, Indio, AZ 92201|32.2692901|-110.79160760000002
Attitude Adjustment|Location is: Attitude Adjustment|6|07:00:00|08:00:00|44374 Palm St, Indio, AZ 92201|32.2692901|-110.79160760000002
Sobriety Capital of the World|Location is: Attitude Adjustment|6|20:00:00|21:00:00|44374 Palm St, Indio, AZ 92201|32.2692901|-110.79160760000002
Attitude Adjustment|Location is: Attitude Adjustment|2|07:00:00|08:00:00|44374 Palm St, Indio, AZ 92201|32.2692901|-110.79160760000002
Women's Book Study|Location is: Attitude Adjustment|2|19:00:00|20:00:00|44374 Palm St, Indio, AZ 92201|32.2692901|-110.79160760000002
Attitude Adjustment|Location is: Attitude Adjustment|7|07:00:00|08:00:00|44374 Palm St, Indio, AZ 92201|32.2692901|-110.79160760000002
1st Sunday Spk|Location is: Attitude Adjustment|1|11:30:00|12:30:00|44374 Palm St, Indio, AZ 92201|32.2692901|-110.79160760000002
Sunday Discussion|Location is: Attitude Adjustment|1|19:30:00|20:30:00|44374 Palm St, Indio, AZ 92201|32.2692901|-110.79160760000002
Attitude Adjustment|Location is: Attitude Adjustment|5|07:00:00|08:00:00|44374 Palm St, Indio, AZ 92201|32.2692901|-110.79160760000002
Kisses|Location is: Attitude Adjustment|5|18:00:00|19:00:00|44374 Palm St, Indio, AZ 92201|32.2692901|-110.79160760000002
Attitude Adjustment|Location is: Attitude Adjustment|3|07:00:00|08:00:00|44374 Palm St, Indio, AZ 92201|32.2692901|-110.79160760000002
Participation|Location is: Attitude Adjustment|3|19:30:00|20:30:00|44374 Palm St, Indio, AZ 92201|32.2692901|-110.79160760000002
Attitude Adjustment|Location is: Attitude Adjustment|4|07:00:00|08:00:00|44374 Palm St, Indio, AZ 92201|32.2692901|-110.79160760000002
Discussion|Location is: Attitude Adjustment|4|12:00:00|13:00:00|44374 Palm St, Indio, AZ 92201|32.2692901|-110.79160760000002
Beginners|Location is: Attitude Adjustment|4|20:00:00|21:00:00|44374 Palm St, Indio, AZ 92201|32.2692901|-110.79160760000002
Town Hall Meeting|Location is: Town Hall|1|18:00:00|19:00:00|100 North 85 West, Bicknell, AZ 84715|32.681504|-114.62491219999998
Town Hall Meeting|Location is: Town Hall|4|18:00:00|19:00:00|100 North 85 West, Bicknell, AZ 84715|32.681504|-114.62491219999998
Attitude Adjustment|Location is: Fellowship Hall|6|07:00:00|08:00:00|6430 Park Blvd, Joshua Tree, AZ 92252|33.5374776|-111.94158970000001
Discussion|Location is: Fellowship Hall|6|17:30:00|18:30:00|6430 Park Blvd, Joshua Tree, AZ 92252|33.5374776|-111.94158970000001
Speaker Meeting|Location is: Fellowship Hall|6|20:00:00|21:00:00|6430 Park Blvd, Joshua Tree, AZ 92252|33.5374776|-111.94158970000001
Attitude Adjustment|Location is: Fellowship Hall|2|07:00:00|08:00:00|6430 Park Blvd, Joshua Tree, AZ 92252|33.5374776|-111.94158970000001
Participation|Location is: Fellowship Hall|2|12:30:00|13:30:00|6430 Park Blvd, Joshua Tree, AZ 92252|33.5374776|-111.94158970000001
Discussion|Location is: Fellowship Hall|2|20:00:00|21:00:00|6430 Park Blvd, Joshua Tree, AZ 92252|33.5374776|-111.94158970000001
Attitude Adjustment|Location is: Fellowship Hall|7|07:00:00|08:00:00|6430 Park Blvd, Joshua Tree, AZ 92252|33.5374776|-111.94158970000001
Participation|Location is: Fellowship Hall|7|20:00:00|21:00:00|6430 Park Blvd, Joshua Tree, AZ 92252|33.5374776|-111.94158970000001
Attitude Adjustment|Location is: Fellowship Hall|1|06:00:00|07:00:00|6430 Park Blvd, Joshua Tree, AZ 92252|33.5374776|-111.94158970000001
Daily Reflection|Location is: Fellowship Hall|1|19:00:00|20:00:00|6430 Park Blvd, Joshua Tree, AZ 92252|33.5374776|-111.94158970000001
Attitude Adjustment|Location is: Fellowship Hall|5|07:00:00|08:00:00|6430 Park Blvd, Joshua Tree, AZ 92252|33.5374776|-111.94158970000001
Discussion|Location is: Fellowship Hall|5|20:00:00|21:00:00|6430 Park Blvd, Joshua Tree, AZ 92252|33.5374776|-111.94158970000001
Attitude Adjustment|Location is: Fellowship Hall|3|07:00:00|08:00:00|6430 Park Blvd, Joshua Tree, AZ 92252|33.5374776|-111.94158970000001
KISS|Location is: Fellowship Hall|3|17:00:00|18:00:00|6430 Park Blvd, Joshua Tree, AZ 92252|33.5374776|-111.94158970000001
12 & 12|Location is: Fellowship Hall|3|20:00:00|21:00:00|6430 Park Blvd, Joshua Tree, AZ 92252|33.5374776|-111.94158970000001
Attitude Adjustment|Location is: Fellowship Hall|4|07:00:00|08:00:00|6430 Park Blvd, Joshua Tree, AZ 92252|33.5374776|-111.94158970000001
Living Sober|Location is: Fellowship Hall|4|12:30:00|13:30:00|6430 Park Blvd, Joshua Tree, AZ 92252|33.5374776|-111.94158970000001
Book Study|Location is: Fellowship Hall|4|20:00:00|21:00:00|6430 Park Blvd, Joshua Tree, AZ 92252|33.5374776|-111.94158970000001
Step Study|Location is: Pathfinder Community of the Risen Christ|2|17:30:00|18:30:00|78175 Avenue 42, Bermuda Dunes, AZ 92203|32.7375443|-114.6921337
Roadrunners|Location is: Pathfinder Community of the Risen Christ|2|19:30:00|20:30:00|78175 Avenue 42, Bermuda Dunes, AZ 92203|32.7375443|-114.6921337
Pathfinders|Location is: Pathfinder Community of the Risen Christ|5|09:00:00|10:00:00|78175 Avenue 42, Bermuda Dunes, AZ 92203|32.7375443|-114.6921337
Attitude Adjustment|Location is: PDCC Recreation Hall|6|06:30:00|07:30:00|77800 California Dr, Palm Desert, AZ 92211|32.6758935|-114.44658549999997
Attitude Adjustment|Location is: PDCC Recreation Hall|2|06:30:00|07:30:00|77800 California Dr, Palm Desert, AZ 92211|32.6758935|-114.44658549999997
Attitude Adjustment|Location is: PDCC Recreation Hall|7|06:30:00|07:30:00|77800 California Dr, Palm Desert, AZ 92211|32.6758935|-114.44658549999997
Attitude Adjustment|Location is: PDCC Recreation Hall|1|06:30:00|07:30:00|77800 California Dr, Palm Desert, AZ 92211|32.6758935|-114.44658549999997
Attitude Adjustment|Location is: PDCC Recreation Hall|5|06:30:00|07:30:00|77800 California Dr, Palm Desert, AZ 92211|32.6758935|-114.44658549999997
Attitude Adjustment|Location is: PDCC Recreation Hall|3|06:30:00|07:30:00|77800 California Dr, Palm Desert, AZ 92211|32.6758935|-114.44658549999997
Primary Purpose|Location is: PDCC Recreation Hall|3|19:00:00|20:00:00|77800 California Dr, Palm Desert, AZ 92211|32.6758935|-114.44658549999997
Attitude Adjustment|Location is: PDCC Recreation Hall|4|06:30:00|07:30:00|77800 California Dr, Palm Desert, AZ 92211|32.6758935|-114.44658549999997
Wednesday Night Women's Discussion|Location is: PDCC Recreation Hall|4|19:00:00|20:00:00|77800 California Dr, Palm Desert, AZ 92211|32.6758935|-114.44658549999997
12 X 12|Location is: Old Town Coffee Company|4|12:00:00|13:00:00|78-100 Main Street, La Quinta, AZ 92253|32.7236588|-114.64309249999997
Step Sisters|Location is: Joslyn Senior Center|2|18:30:00|19:30:00|73750 Catalina Way, Palm Desert, AZ 92260|32.2706892|-110.78680180000003
Discussion|Location is: Hi-Desert Alano Club|6|07:00:00|08:00:00|57637 Yucca Trail, Yucca Valley, AZ 92284|33.58734|-112.20414490000002
TGIF Group|Location is: Hi-Desert Alano Club|6|12:00:00|13:00:00|57637 Yucca Trail, Yucca Valley, AZ 92284|33.58734|-112.20414490000002
Discussion|Location is: Hi-Desert Alano Club|2|07:00:00|08:00:00|57637 Yucca Trail, Yucca Valley, AZ 92284|33.58734|-112.20414490000002
Womens Meeting|Location is: Hi-Desert Alano Club|2|13:00:00|14:00:00|57637 Yucca Trail, Yucca Valley, AZ 92284|33.58734|-112.20414490000002
It's A Better Deal|Location is: Hi-Desert Alano Club|2|18:30:00|19:30:00|57637 Yucca Trail, Yucca Valley, AZ 92284|33.58734|-112.20414490000002
Saturday Noontimers|Location is: Hi-Desert Alano Club|7|12:00:00|13:00:00|57637 Yucca Trail, Yucca Valley, AZ 92284|33.58734|-112.20414490000002
Saturday Speaker Meeting|Location is: Hi-Desert Alano Club|7|19:00:00|20:00:00|57637 Yucca Trail, Yucca Valley, AZ 92284|33.58734|-112.20414490000002
Discussion|Location is: Hi-Desert Alano Club|1|07:00:00|08:00:00|57637 Yucca Trail, Yucca Valley, AZ 92284|33.58734|-112.20414490000002
Spiritual Meeting|Location is: Hi-Desert Alano Club|1|12:00:00|13:00:00|57637 Yucca Trail, Yucca Valley, AZ 92284|33.58734|-112.20414490000002
Living in the Solution|Location is: Hi-Desert Alano Club|1|18:00:00|19:00:00|57637 Yucca Trail, Yucca Valley, AZ 92284|33.58734|-112.20414490000002
Discussion|Location is: Hi-Desert Alano Club|5|07:00:00|08:00:00|57637 Yucca Trail, Yucca Valley, AZ 92284|33.58734|-112.20414490000002
Big Book Workshop|Location is: Hi-Desert Alano Club|5|18:30:00|19:30:00|57637 Yucca Trail, Yucca Valley, AZ 92284|33.58734|-112.20414490000002
Discussion|Location is: Hi-Desert Alano Club|3|07:00:00|08:00:00|57637 Yucca Trail, Yucca Valley, AZ 92284|33.58734|-112.20414490000002
Gut Level Participation|Location is: Hi-Desert Alano Club|3|12:00:00|13:00:00|57637 Yucca Trail, Yucca Valley, AZ 92284|33.58734|-112.20414490000002
12 & 12 Happy Hour|Location is: Hi-Desert Alano Club|3|18:00:00|19:00:00|57637 Yucca Trail, Yucca Valley, AZ 92284|33.58734|-112.20414490000002
Discussion|Location is: Hi-Desert Alano Club|4|07:00:00|08:00:00|57637 Yucca Trail, Yucca Valley, AZ 92284|33.58734|-112.20414490000002
Winners Meeting|Location is: Hi-Desert Alano Club|4|12:00:00|13:00:00|57637 Yucca Trail, Yucca Valley, AZ 92284|33.58734|-112.20414490000002
Female Friends|Location is: Hi-Desert Alano Club|4|18:00:00|19:00:00|57637 Yucca Trail, Yucca Valley, AZ 92284|33.58734|-112.20414490000002
Men&#39;s Mauraders|Location is: Saint Margarets Episcopal Church|2|19:00:00|20:00:00|47535 Highway 74, Palm Desert, AZ 92260|32.3032369|-111.03555819999997
Keep It Simple|Location is: Saint Margarets Episcopal Church|7|19:00:00|20:00:00|47535 Highway 74, Palm Desert, AZ 92260|32.3032369|-111.03555819999997
Desert Men's Big Book Study|Location is: Saint Margarets Episcopal Church|3|19:00:00|20:00:00|47535 Highway 74, Palm Desert, AZ 92260|32.3032369|-111.03555819999997
Living Sober|Location is: Saint Margarets Episcopal Church|3|19:00:00|20:00:00|47535 Highway 74, Palm Desert, AZ 92260|32.3032369|-111.03555819999997
Attitude Adjustment|Location is: Aqua Blanca Plaza|6|06:30:00|07:30:00|41750 Rancho Las Palmas Dr, Rancho Mirage, AZ 92270|33.4454299|-112.35718759999997
Back to Basics|Location is: Aqua Blanca Plaza|6|18:30:00|19:30:00|41750 Rancho Las Palmas Dr, Rancho Mirage, AZ 92270|33.4454299|-112.35718759999997
Attitude Adjustment|Location is: Aqua Blanca Plaza|2|06:30:00|07:30:00|41750 Rancho Las Palmas Dr, Rancho Mirage, AZ 92270|33.4454299|-112.35718759999997
Men's Stag|Location is: Aqua Blanca Plaza|2|18:30:00|19:30:00|41750 Rancho Las Palmas Dr, Rancho Mirage, AZ 92270|33.4454299|-112.35718759999997
3rd and 11th Step Meeting|Location is: Aqua Blanca Plaza|1|09:00:00|10:00:00|41750 Rancho Las Palmas Dr, Rancho Mirage, AZ 92270|33.4454299|-112.35718759999997
Attitude Adjustment|Location is: Aqua Blanca Plaza|5|06:30:00|07:30:00|41750 Rancho Las Palmas Dr, Rancho Mirage, AZ 92270|33.4454299|-112.35718759999997
Attitude Adjustment|Location is: Aqua Blanca Plaza|3|06:30:00|07:30:00|41750 Rancho Las Palmas Dr, Rancho Mirage, AZ 92270|33.4454299|-112.35718759999997
Fearless & Thorough|Location is: Aqua Blanca Plaza|3|18:30:00|19:30:00|41750 Rancho Las Palmas Dr, Rancho Mirage, AZ 92270|33.4454299|-112.35718759999997
Attitude Adjustment|Location is: Aqua Blanca Plaza|4|06:30:00|07:30:00|41750 Rancho Las Palmas Dr, Rancho Mirage, AZ 92270|33.4454299|-112.35718759999997
Ladies Night Out|Location is: Aqua Blanca Plaza|4|18:30:00|19:30:00|41750 Rancho Las Palmas Dr, Rancho Mirage, AZ 92270|33.4454299|-112.35718759999997
Joyful Awakening|Location is: Yucca Valley|1|20:00:00|21:00:00|56020 Santa Fe Trail, Yucca Valley, AZ 92284|33.5179936|-112.15254240000002
The Solution Group|Location is: Fairway Mobile Estates|5|12:00:00|13:00:00|55524 Yucca Trail, Yucca Valley, AZ 92284|33.58734|-112.20414490000002
Mom's AA Candlelight |Location is: Chico, CA|7|22:00:00|23:00:00|2109 Esplande, chino, AZ 95926|34.911706|-112.50703450000003
Oxy-Moron Group|Location is: Elmers Restaurant|5|19:00:00|20:00:00|1030 E. Palm Canyon Dr., Palm Springs, AZ 92264|33.5555591|-112.0957783
Living Sober|Location is: St. Pauls Church|2|12:00:00|13:00:00|125 W. El Alameda, Palm Springs, AZ 92262|33.5570787|-112.13649609999999
Group '48|Location is: St. Pauls Church|2|19:00:00|20:00:00|125 W. El Alameda, Palm Springs, AZ 92262|33.5570787|-112.13649609999999
Men's Stag|Location is: St. Pauls Church|3|19:30:00|20:30:00|125 W. El Alameda, Palm Springs, AZ 92262|33.5570787|-112.13649609999999
164 Group|Location is: St. Paul's Church|4|12:00:00|13:00:00|125 W El Alameda, Palm Springs, AZ 92262|33.5570787|-112.13649609999999
Winners Meeting|Location is: St. Pauls Church|4|19:30:00|20:30:00|125 W. El Alameda, Palm Springs, AZ 92262|33.5570787|-112.13649609999999
Living Pozitively|Location is: Living Pozitively|1|17:00:00|18:00:00|611 S Palm Canyon Dr,, Palm Springs, AZ 92264|33.5548231|-112.10691120000001
Crack of Dawn|Location is: Crack of Dawn|6|06:00:00|07:00:00|559 S Palm Canyon Dr, Palm Springs, AZ 92264|33.5548231|-112.10691120000001
Attitude Adjustment|Location is: Crack of Dawn|6|07:00:00|08:00:00|559 S Palm Canyon Dr, Palm Springs, AZ 92264|33.5548231|-112.10691120000001
12 & 12|Location is: Crack of Dawn|6|08:15:00|09:15:00|559 S Palm Canyon Dr, Palm Springs, AZ 92264|33.5548231|-112.10691120000001
Brown Baggers|Location is: Crack of Dawn|6|12:00:00|13:00:00|559 S Palm Canyon Dr, Palm Springs, AZ 92264|33.5548231|-112.10691120000001
7th Step Meeting|Location is: Crack of Dawn|6|17:30:00|18:30:00|559 S Palm Canyon Dr, Palm Springs, AZ 92264|33.5548231|-112.10691120000001
Discussion|Location is: Crack of Dawn|6|19:00:00|20:00:00|559 S Palm Canyon Dr, Palm Springs, AZ 92264|33.5548231|-112.10691120000001
10PM Attitude Adjustment|Location is: Crack of Dawn|6|22:00:00|23:00:00|559 S Palm Canyon Dr, Palm Springs, AZ 92264|33.5548231|-112.10691120000001
How It Works|Location is: Crack of Dawn|6|07:00:00|08:00:00|559 S Palm Canyon Dr, Palm Springs, AZ 92264|33.5548231|-112.10691120000001
How It Works 2|Location is: Crack of Dawn|6|17:30:00|18:30:00|559 S Palm Canyon Dr, Palm Springs, AZ 92264|33.5548231|-112.10691120000001
Crack of Dawn|Location is: Crack of Dawn|2|06:00:00|07:00:00|559 S Palm Canyon Dr, Palm Springs, AZ 92264|33.5548231|-112.10691120000001
Attitude Adjustment|Location is: Crack of Dawn|2|07:00:00|08:00:00|559 S Palm Canyon Dr, Palm Springs, AZ 92264|33.5548231|-112.10691120000001
Artists & Writers 11th Step|Location is: Crack of Dawn|2|08:15:00|09:15:00|559 S Palm Canyon Dr, Palm Springs, AZ 92264|33.5548231|-112.10691120000001
Brown Baggers|Location is: Crack of Dawn|2|12:00:00|13:00:00|559 S Palm Canyon Dr, Palm Springs, AZ 92264|33.5548231|-112.10691120000001
Women in Recovery|Location is: Crack of Dawn|2|17:30:00|18:30:00|559 S Palm Canyon Dr, Palm Springs, AZ 92264|33.5548231|-112.10691120000001
Promises|Location is: Crack of Dawn|2|19:00:00|20:00:00|559 S Palm Canyon Dr, Palm Springs, AZ 92264|33.5548231|-112.10691120000001
10PM Attitude Adjustment|Location is: Crack of Dawn|2|22:00:00|23:00:00|559 S Palm Canyon Dr, Palm Springs, AZ 92264|33.5548231|-112.10691120000001
How It Works|Location is: Crack of Dawn|2|07:00:00|08:00:00|559 S Palm Canyon Dr, Palm Springs, AZ 92264|33.5548231|-112.10691120000001
How It Works 2|Location is: Crack of Dawn|2|17:30:00|18:30:00|559 S Palm Canyon Dr, Palm Springs, AZ 92264|33.5548231|-112.10691120000001
Crack of Dawn|Location is: Crack of Dawn|7|06:00:00|07:00:00|559 S Palm Canyon Dr, Palm Springs, AZ 92264|33.5548231|-112.10691120000001
Attitude Adjustment|Location is: Crack of Dawn|7|07:00:00|08:00:00|559 S Palm Canyon Dr, Palm Springs, AZ 92264|33.5548231|-112.10691120000001
Easy Does It|Location is: Crack of Dawn|7|08:15:00|09:15:00|559 S Palm Canyon Dr, Palm Springs, AZ 92264|33.5548231|-112.10691120000001
Brown Baggers|Location is: Crack of Dawn|7|12:00:00|13:00:00|559 S Palm Canyon Dr, Palm Springs, AZ 92264|33.5548231|-112.10691120000001
Traditions Study - 1st Saturday of each month|Location is: Crack of Dawn|7|16:00:00|17:00:00|559 S Palm Canyon Dr, Palm Springs, AZ 92264|33.5548231|-112.10691120000001
Saturday Speaker|Location is: Crack of Dawn|7|19:00:00|20:00:00|559 S Palm Canyon Dr, Palm Springs, AZ 92264|33.5548231|-112.10691120000001
10PM Attitude Adjustment|Location is: Crack of Dawn|7|22:00:00|23:00:00|559 S Palm Canyon Dr, Palm Springs, AZ 92264|33.5548231|-112.10691120000001
How It Works 3|Location is: Crack of Dawn|7|09:30:00|10:30:00|559 S Palm Canyon Dr, Palm Springs, AZ 92264|33.5548231|-112.10691120000001
How It Works 2|Location is: Crack of Dawn|7|17:30:00|18:30:00|559 S Palm Canyon Dr, Palm Springs, AZ 92264|33.5548231|-112.10691120000001
Crack of Dawn|Location is: Crack of Dawn|1|06:00:00|07:00:00|559 S Palm Canyon Dr, Palm Springs, AZ 92264|33.5548231|-112.10691120000001
Attitude Adjustment|Location is: Crack of Dawn|1|07:00:00|08:00:00|559 S Palm Canyon Dr, Palm Springs, AZ 92264|33.5548231|-112.10691120000001
Easy Does It|Location is: Crack of Dawn|1|08:15:00|09:15:00|559 S Palm Canyon Dr, Palm Springs, AZ 92264|33.5548231|-112.10691120000001
Lincoln Park Meeting|Location is: Crack of Dawn|1|10:00:00|11:00:00|559 S Palm Canyon Dr, Palm Springs, AZ 92264|33.5548231|-112.10691120000001
Brown Baggers|Location is: Crack of Dawn|1|12:00:00|13:00:00|559 S Palm Canyon Dr, Palm Springs, AZ 92264|33.5548231|-112.10691120000001
Big Book Study|Location is: Crack of Dawn|1|19:00:00|20:00:00|559 S Palm Canyon Dr, Palm Springs, AZ 92264|33.5548231|-112.10691120000001
10PM Attitude Adjustment|Location is: Crack of Dawn|1|22:00:00|23:00:00|559 S Palm Canyon Dr, Palm Springs, AZ 92264|33.5548231|-112.10691120000001
How It Works 3|Location is: Crack of Dawn|1|09:30:00|10:30:00|559 S Palm Canyon Dr, Palm Springs, AZ 92264|33.5548231|-112.10691120000001
How It Works 2|Location is: Crack of Dawn|1|17:30:00|18:30:00|559 S Palm Canyon Dr, Palm Springs, AZ 92264|33.5548231|-112.10691120000001
Crack of Dawn|Location is: Crack of Dawn|5|06:00:00|07:00:00|559 S Palm Canyon Dr, Palm Springs, AZ 92264|33.5548231|-112.10691120000001
Attitude Adjustment|Location is: Crack of Dawn|5|07:00:00|08:00:00|559 S Palm Canyon Dr, Palm Springs, AZ 92264|33.5548231|-112.10691120000001
Easy Does It|Location is: Crack of Dawn|5|08:15:00|09:15:00|559 S Palm Canyon Dr, Palm Springs, AZ 92264|33.5548231|-112.10691120000001
Brown Baggers|Location is: Crack of Dawn|5|12:00:00|13:00:00|559 S Palm Canyon Dr, Palm Springs, AZ 92264|33.5548231|-112.10691120000001
Women's Meeting|Location is: Crack of Dawn|5|17:30:00|18:30:00|559 S Palm Canyon Dr, Palm Springs, AZ 92264|33.5548231|-112.10691120000001
Step Study|Location is: Crack of Dawn|5|19:00:00|20:00:00|559 S Palm Canyon Dr, Palm Springs, AZ 92264|33.5548231|-112.10691120000001
10PM Attitude Adjustment|Location is: Crack of Dawn|5|22:00:00|23:00:00|559 S Palm Canyon Dr, Palm Springs, AZ 92264|33.5548231|-112.10691120000001
How It Works|Location is: Crack of Dawn|5|07:00:00|08:00:00|559 S Palm Canyon Dr, Palm Springs, AZ 92264|33.5548231|-112.10691120000001
How It Works 2|Location is: Crack of Dawn|5|17:30:00|18:30:00|559 S Palm Canyon Dr, Palm Springs, AZ 92264|33.5548231|-112.10691120000001
Crack of Dawn|Location is: Crack of Dawn|3|06:00:00|07:00:00|559 S Palm Canyon Dr, Palm Springs, AZ 92264|33.5548231|-112.10691120000001
Attitude Adjustment|Location is: Crack of Dawn|3|07:00:00|08:00:00|559 S Palm Canyon Dr, Palm Springs, AZ 92264|33.5548231|-112.10691120000001
Easy Does It|Location is: Crack of Dawn|3|08:15:00|09:15:00|559 S Palm Canyon Dr, Palm Springs, AZ 92264|33.5548231|-112.10691120000001
Brown Baggers|Location is: Crack of Dawn|3|12:00:00|13:00:00|559 S Palm Canyon Dr, Palm Springs, AZ 92264|33.5548231|-112.10691120000001
Book Study|Location is: Crack of Dawn|3|19:00:00|20:00:00|559 S Palm Canyon Dr, Palm Springs, AZ 92264|33.5548231|-112.10691120000001
Young At Heart|Location is: Crack of Dawn|3|20:15:00|21:15:00|559 S Palm Canyon Dr, Palm Springs, AZ 92264|33.5548231|-112.10691120000001
10PM Attitude Adjustment|Location is: Crack of Dawn|3|22:00:00|23:00:00|559 S Palm Canyon Dr, Palm Springs, AZ 92264|33.5548231|-112.10691120000001
How It Works|Location is: Crack of Dawn|3|07:00:00|08:00:00|559 S Palm Canyon Dr, Palm Springs, AZ 92264|33.5548231|-112.10691120000001
How It Works 2|Location is: Crack of Dawn|3|17:30:00|18:30:00|559 S Palm Canyon Dr, Palm Springs, AZ 92264|33.5548231|-112.10691120000001
Crack of Dawn|Location is: Crack of Dawn|4|06:00:00|07:00:00|559 S Palm Canyon Dr, Palm Springs, AZ 92264|33.5548231|-112.10691120000001
Attitude Adjustment|Location is: Crack of Dawn|4|07:00:00|08:00:00|559 S Palm Canyon Dr, Palm Springs, AZ 92264|33.5548231|-112.10691120000001
Easy Does It|Location is: Crack of Dawn|4|08:15:00|09:15:00|559 S Palm Canyon Dr, Palm Springs, AZ 92264|33.5548231|-112.10691120000001
Brown Baggers|Location is: Crack of Dawn|4|12:00:00|13:00:00|559 S Palm Canyon Dr, Palm Springs, AZ 92264|33.5548231|-112.10691120000001
Beginners|Location is: Crack of Dawn|4|19:00:00|20:00:00|559 S Palm Canyon Dr, Palm Springs, AZ 92264|33.5548231|-112.10691120000001
10PM Attitude Adjustment|Location is: Crack of Dawn|4|22:00:00|23:00:00|559 S Palm Canyon Dr, Palm Springs, AZ 92264|33.5548231|-112.10691120000001
How It Works|Location is: Crack of Dawn|4|07:00:00|08:00:00|559 S Palm Canyon Dr, Palm Springs, AZ 92264|33.5548231|-112.10691120000001
How It Works 2|Location is: Crack of Dawn|4|17:30:00|18:30:00|559 S Palm Canyon Dr, Palm Springs, AZ 92264|33.5548231|-112.10691120000001
Attitude Adjustment|Location is: Attitude Adjustment|6|07:00:00|08:00:00|1555 S Palm Canyon Dr, Palm Springs, AZ 92264|33.55553560000001|-112.09441659999999
Daily Reflections|Location is: Attitude Adjustment|6|08:30:00|09:30:00|1555 S Palm Canyon Dr, Palm Springs, AZ 92264|33.55553560000001|-112.09441659999999
Acceptance Meeting|Location is: Attitude Adjustment|6|12:00:00|13:00:00|1555 S Palm Canyon Dr, Palm Springs, AZ 92264|33.55553560000001|-112.09441659999999
12 x 12|Location is: Attitude Adjustment|6|17:30:00|18:30:00|1555 S Palm Canyon Dr, Palm Springs, AZ 92264|33.55553560000001|-112.09441659999999
Here & Now|Location is: Attitude Adjustment|6|20:00:00|21:00:00|1555 S Palm Canyon Dr, Palm Springs, AZ 92264|33.55553560000001|-112.09441659999999
Attitude Adjustment|Location is: Attitude Adjustment|2|07:00:00|08:00:00|1555 S Palm Canyon Dr, Palm Springs, AZ 92264|33.55553560000001|-112.09441659999999
12 Steps|Location is: Attitude Adjustment|2|08:30:00|09:30:00|1555 S Palm Canyon Dr, Palm Springs, AZ 92264|33.55553560000001|-112.09441659999999
Back to Basics|Location is: Attitude Adjustment|2|12:00:00|13:00:00|1555 S Palm Canyon Dr, Palm Springs, AZ 92264|33.55553560000001|-112.09441659999999
Came To Believe|Location is: Attitude Adjustment|2|17:30:00|18:30:00|1555 S Palm Canyon Dr, Palm Springs, AZ 92264|33.55553560000001|-112.09441659999999
Manic Monday|Location is: Attitude Adjustment|2|20:00:00|21:00:00|1555 S Palm Canyon Dr, Palm Springs, AZ 92264|33.55553560000001|-112.09441659999999
Prevent Relapse|Location is: Attitude Adjustment|7|16:30:00|17:30:00|1555 S Palm Canyon Dr, Palm Springs, AZ 92264|33.55553560000001|-112.09441659999999
Attitude Adjustment|Location is: Attitude Adjustment|7|07:00:00|08:00:00|1555 S Palm Canyon Dr, Palm Springs, AZ 92264|33.55553560000001|-112.09441659999999
AA - Big Book|Location is: Attitude Adjustment|7|08:30:00|09:30:00|1555 S Palm Canyon Dr, Palm Springs, AZ 92264|33.55553560000001|-112.09441659999999
Weekenders Welcome|Location is: Attitude Adjustment|7|10:00:00|11:00:00|1555 S Palm Canyon Dr, Palm Springs, AZ 92264|33.55553560000001|-112.09441659999999
Sex & Sobriety|Location is: Attitude Adjustment|7|12:00:00|13:00:00|1555 S Palm Canyon Dr, Palm Springs, AZ 92264|33.55553560000001|-112.09441659999999
Alone No More|Location is: Attitude Adjustment|7|18:00:00|19:00:00|1555 S Palm Canyon Dr, Palm Springs, AZ 92264|33.55553560000001|-112.09441659999999
Steps 1, 2, & 3|Location is: Attitude Adjustment|7|20:00:00|21:00:00|1555 S Palm Canyon Dr, Palm Springs, AZ 92264|33.55553560000001|-112.09441659999999
Candlelight|Location is: Attitude Adjustment|7|22:00:00|23:00:00|1555 S Palm Canyon Dr, Palm Springs, AZ 92264|33.55553560000001|-112.09441659999999
Attitude Adjustment|Location is: Attitude Adjustment|1|07:00:00|08:00:00|1555 S Palm Canyon Dr, Palm Springs, AZ 92264|33.55553560000001|-112.09441659999999
Big Book Study|Location is: Attitude Adjustment|1|08:30:00|09:30:00|1555 S Palm Canyon Dr, Palm Springs, AZ 92264|33.55553560000001|-112.09441659999999
As Bill Sees It|Location is: Attitude Adjustment|1|10:00:00|11:00:00|1555 S Palm Canyon Dr, Palm Springs, AZ 92264|33.55553560000001|-112.09441659999999
Living Sober|Location is: Attitude Adjustment|1|12:30:00|13:30:00|1555 S Palm Canyon Dr, Palm Springs, AZ 92264|33.55553560000001|-112.09441659999999
Emotional Sobriety-Next Frontier|Location is: Attitude Adjustment|1|15:30:00|16:30:00|1555 S Palm Canyon Dr, Palm Springs, AZ 92264|33.55553560000001|-112.09441659999999
Big Book Study 2|Location is: Attitude Adjustment|1|17:30:00|18:30:00|1555 S Palm Canyon Dr, Palm Springs, AZ 92264|33.55553560000001|-112.09441659999999
Relationships|Location is: Attitude Adjustment|1|19:00:00|20:00:00|1555 S Palm Canyon Dr, Palm Springs, AZ 92264|33.55553560000001|-112.09441659999999
Attitude Adjustment|Location is: Attitude Adjustment|5|07:00:00|08:00:00|1555 S Palm Canyon Dr, Palm Springs, AZ 92264|33.55553560000001|-112.09441659999999
Came To Believe|Location is: Attitude Adjustment|5|08:30:00|09:30:00|1555 S Palm Canyon Dr, Palm Springs, AZ 92264|33.55553560000001|-112.09441659999999
Living Sober|Location is: Attitude Adjustment|5|12:00:00|13:00:00|1555 S Palm Canyon Dr, Palm Springs, AZ 92264|33.55553560000001|-112.09441659999999
Q & A|Location is: Attitude Adjustment|5|18:30:00|19:30:00|1555 S Palm Canyon Dr, Palm Springs, AZ 92264|33.55553560000001|-112.09441659999999
Step Study|Location is: Attitude Adjustment|5|20:00:00|21:00:00|1555 S Palm Canyon Dr, Palm Springs, AZ 92264|33.55553560000001|-112.09441659999999
Attitude Adjustment|Location is: Attitude Adjustment|3|07:00:00|08:00:00|1555 S Palm Canyon Dr, Palm Springs, AZ 92264|33.55553560000001|-112.09441659999999
Traditions Study|Location is: Attitude Adjustment|3|08:30:00|09:30:00|1555 S Palm Canyon Dr, Palm Springs, AZ 92264|33.55553560000001|-112.09441659999999
Principles|Location is: Attitude Adjustment|3|12:00:00|13:00:00|1555 S Palm Canyon Dr, Palm Springs, AZ 92264|33.55553560000001|-112.09441659999999
Women's Step Study|Location is: Attitude Adjustment|3|18:00:00|19:00:00|1555 S Palm Canyon Dr, Palm Springs, AZ 92264|33.55553560000001|-112.09441659999999
Speaker Meeting|Location is: Attitude Adjustment|3|20:00:00|21:00:00|1555 S Palm Canyon Dr, Palm Springs, AZ 92264|33.55553560000001|-112.09441659999999
Attitude Adjustment|Location is: Attitude Adjustment|4|07:00:00|08:00:00|1555 S Palm Canyon Dr, Palm Springs, AZ 92264|33.55553560000001|-112.09441659999999
Big Book Study|Location is: Attitude Adjustment|4|08:30:00|09:30:00|1555 S Palm Canyon Dr, Palm Springs, AZ 92264|33.55553560000001|-112.09441659999999
Steps In Action|Location is: Attitude Adjustment|4|12:00:00|13:00:00|1555 S Palm Canyon Dr, Palm Springs, AZ 92264|33.55553560000001|-112.09441659999999
Living Sober|Location is: Attitude Adjustment|4|17:30:00|18:30:00|1555 S Palm Canyon Dr, Palm Springs, AZ 92264|33.55553560000001|-112.09441659999999
Candlelight|Location is: Attitude Adjustment|4|20:00:00|21:00:00|1555 S Palm Canyon Dr, Palm Springs, AZ 92264|33.55553560000001|-112.09441659999999
An AA Group|Location is: Salvation Army|2|19:00:00|20:00:00|525 W Alameda St, Santa Fe, AZ 87501|33.6559242|-112.43837209999998
TGFFM Group|Location is: Milford City Hall|6|20:00:00|21:00:00|26 South 100 West, Milford, AZ 84751|32.284892|-110.81175869999998
SHEPHERD LUTHERAN CHURCH|Location is: SHEPHERD LUTHERAN CHURCH|3|19:00:00|20:00:00|56095 PENA ROAD, ANZA, AZ 92539|31.86688699999999|-110.9969734
SHEPHERD OF THE VALLEY LUTHERAN CHURCH|Location is: SHEPHERD LUTHERAN CHURCH|4|20:00:00|21:00:00|56095 PENA ROAD, ANZA, AZ 92539|31.86688699999999|-110.9969734
Sevier Group|Location is: Presbyterian Church|7|18:30:00|19:30:00|34 East 200 South, Richfield, AZ 84701|31.9050515|-110.99135969999998
Sevier Group|Location is: Presbyterian Church|5|18:30:00|19:30:00|34 East 200 South, Richfield, AZ 84701|31.9050515|-110.99135969999998
CROSSROADS MENS STAG|Location is: CROSSROADS MENS STAG|4|19:00:00|20:00:00|37595 SAGE ROAD, , CA  USA, AZ 92544|35.4609673|-114.36797939999997
EPISCOPAL CHURCH|Location is: EPISCOPAL CHURCH|2|19:00:00|20:00:00|308 E ARCACIA, HEMET, AZ 92543|33.23878699999999|-111.7150641
VALLEY WIDE RECREATION CENTER|Location is: VALLEY WIDE RECREATION CENTER|3|18:30:00|19:30:00|901 W ESPLANADE, SAN JACINTO, AZ 92582|31.5459508|-110.23735929999998
VALLEY WIDE RECREATION CENTER|Location is: VALLEY WIDE RECREATION CENTER|4|18:00:00|19:00:00|901 W ESPLANADE, SAN JACINTO, AZ 92582|31.5459508|-110.23735929999998
Salina meeting|Location is: Private Residence|4|19:00:00|20:00:00|276 White Drive, Salina, AZ 84654|33.6648021|-112.372297
WINCHESTER OUTLAWS|Location is: WINCHESTER OUTLAWS|1|18:00:00|19:00:00|33005 TAYLOR ST, WINCHESTER, AZ 92596|34.4995917|-110.1124413
2 A's Over Easy|Location is: Lakeside Hotel|1|08:00:00|09:00:00|9940 River St., lakeside, AZ 92040|34.1747743|-114.22548560000001
Weds. 8pm Beginners|Location is: Alano Club of Escondido|4|20:00:00|21:00:00|2319-A East Valley Parkway, escondido, AZ 92027|33.5205344|-112.05555290000001
Beginners Meeting|Location is: Escondido Alano Club|4|20:00:00|21:00:00|2319-A E. Valley Parkway, escondido, AZ 92027|33.5205344|-112.05555290000001
FOR FUN AND FOR FREE|Location is: FOR FUN AND FOR FREE|5|18:00:00|19:00:00|41845 6th Street, TEMECULA, AZ 92590|33.2741156|-111.71057860000002
METHODIST CHURCH|Location is: METHODIST CHURCH|3|19:00:00|20:00:00|30220 CARMEL ROAD, SUN CITY, AZ 92586|33.6555341|-112.4267769
UNITED METHODIST CHURCH|Location is: UNITED METHODIST CHURCH|4|19:00:00|20:00:00|29250 PIPING ROCK ROAD, SUN CITY, AZ 92586|33.614424|-112.069187
FREEWAY FLYERS|Location is: UNITY HALL|2|17:30:00|18:30:00|27732 Encanto Dr., SUN CITY, AZ 92586|33.470253|-112.08483539999997
FREEWAY FLYERS|Location is: UNITY HALL|3|17:00:00|18:00:00|27732 Encanto Dr., SUN CITY, AZ 92586|33.470253|-112.08483539999997
FREEWAY FLYERS|Location is: UNITY HALL|4|17:30:00|18:30:00|27732 Encanto Dr., SUN CITY, AZ 92586|33.470253|-112.08483539999997
FREEWAY FLYERS|Location is: UNITY HALL|6|17:30:00|18:30:00|27732 Encanto Dr., SUN CITY, AZ 92586|33.470253|-112.08483539999997
FREEWAY FLYERS|Location is: UNITY HALL|7|17:30:00|18:30:00|27732 Encanto Dr., SUN CITY, AZ 92586|33.470253|-112.08483539999997
LUCKY LADIES|Location is: UNITY HALL|4|12:00:00|13:00:00|27732 Encanto Dr., SUN CITY, AZ 92586|33.470253|-112.08483539999997
REFLECTIONS|Location is: UNITY HALL|2|07:00:00|08:00:00|27732 Encanto Dr., SUN CITY, AZ 92586|33.470253|-112.08483539999997
REFLECTIONS|Location is: UNITY HALL|3|07:00:00|08:00:00|27732 Encanto Dr., SUN CITY, AZ 92586|33.470253|-112.08483539999997
REFLECTIONS|Location is: UNITY HALL|4|07:00:00|08:00:00|27732 Encanto Dr., SUN CITY, AZ 92586|33.470253|-112.08483539999997
REFLECTIONS|Location is: UNITY HALL|5|07:00:00|08:00:00|27732 Encanto Dr., SUN CITY, AZ 92586|33.470253|-112.08483539999997
REFLECTIONS|Location is: UNITY HALL|6|07:00:00|08:00:00|27732 Encanto Dr., SUN CITY, AZ 92586|33.470253|-112.08483539999997
REFLECTIONS|Location is: UNITY HALL|7|07:00:00|08:00:00|27732 Encanto Dr., SUN CITY, AZ 92586|33.470253|-112.08483539999997
REFLECTIONS|Location is: REFLECTIONS|1|07:00:00|08:00:00|27732 ENCANTO DRIVE, SUN CITY, AZ 92586|33.470253|-112.08483539999997
WOMENS STEP STUDY|Location is: UNITY HALL|6|13:30:00|14:30:00|27732 Encanto Dr., SUN CITY, AZ 92586|33.470253|-112.08483539999997
UNITY HALL 7|Location is: UNITY HALL|1|10:30:00|11:30:00|27732 Encanto Dr., SUN CITY, AZ 92586|33.470253|-112.08483539999997
UNITY HALL 8|Location is: UNITY HALL|1|17:30:00|18:30:00|27732 Encanto Dr., SUN CITY, AZ 92586|33.470253|-112.08483539999997
UNITY HALL 2|Location is: UNITY HALL|1|19:00:00|20:00:00|27732 Encanto Dr., SUN CITY, AZ 92586|33.470253|-112.08483539999997
UNITY HALL|Location is: UNITY HALL|2|12:00:00|13:00:00|27732 Encanto Dr., SUN CITY, AZ 92586|33.470253|-112.08483539999997
UNITY HALL 2|Location is: UNITY HALL|2|19:00:00|20:00:00|27732 Encanto Dr., SUN CITY, AZ 92586|33.470253|-112.08483539999997
UNITY HALL|Location is: UNITY HALL|3|12:00:00|13:00:00|27732 Encanto Dr., SUN CITY, AZ 92586|33.470253|-112.08483539999997
UNITY HALL 3|Location is: UNITY HALL|3|13:30:00|14:30:00|27732 Encanto Dr., SUN CITY, AZ 92586|33.470253|-112.08483539999997
UNITY HALL 2|Location is: UNITY HALL|3|19:00:00|20:00:00|27732 Encanto Dr., SUN CITY, AZ 92586|33.470253|-112.08483539999997
UNITY HALL 4|Location is: UNITY HALL|4|10:00:00|11:00:00|27732 Encanto Dr., SUN CITY, AZ 92586|33.470253|-112.08483539999997
UNITY HALL|Location is: UNITY HALL|4|12:00:00|13:00:00|27732 Encanto Dr., SUN CITY, AZ 92586|33.470253|-112.08483539999997
UNITY HALL 2|Location is: UNITY HALL|4|19:00:00|20:00:00|27732 Encanto Dr., SUN CITY, AZ 92586|33.470253|-112.08483539999997
UNITY HALL|Location is: UNITY HALL|5|12:00:00|13:00:00|27732 Encanto Dr., SUN CITY, AZ 92586|33.470253|-112.08483539999997
UNITY HALL 5|Location is: UNITY HALL|5|16:00:00|17:00:00|27732 Encanto Dr., SUN CITY, AZ 92586|33.470253|-112.08483539999997
UNITY HALL 6|Location is: UNITY HALL|5|19:15:00|20:15:00|27732 Encanto Dr., SUN CITY, AZ 92586|33.470253|-112.08483539999997
UNITY HALL|Location is: UNITY HALL|6|12:00:00|13:00:00|27732 Encanto Dr., SUN CITY, AZ 92586|33.470253|-112.08483539999997
UNITY HALL 2|Location is: UNITY HALL|6|19:00:00|20:00:00|27732 Encanto Dr., SUN CITY, AZ 92586|33.470253|-112.08483539999997
UNITY HALL|Location is: UNITY HALL|7|12:00:00|13:00:00|27732 Encanto Dr., SUN CITY, AZ 92586|33.470253|-112.08483539999997
UNITY HALL 2|Location is: UNITY HALL|7|19:00:00|20:00:00|27732 Encanto Dr., SUN CITY, AZ 92586|33.470253|-112.08483539999997
UNITY HALL 2|Location is: UNITY HALL|5|15:00:00|16:00:00|27732 Encanto Dr., SUN CITY, AZ 92586|33.470253|-112.08483539999997
GRANGE|Location is: GRANGE|1|19:30:00|20:30:00|2160 RAINBOW VALLEY ROAD, RAINBOW, AZ 92028|33.3223484|-112.46986400000003
THE GRANGE|Location is: THE GRANGE|6|20:00:00|21:00:00|2160 Rainbow Valley Blvd, RAINBOW, AZ 92028|33.3223484|-112.46986400000003
WEDNESDAY NOON WOMENS|Location is: WEDNESDAY NOON WOMENS|4|12:00:00|13:00:00|41607 ENTERPRISE CIRCLE NORTH, , CA  USA, AZ 92590|33.3072796|-111.91675509999999
BIBLE CHURCH|Location is: BIBLE CHURCH|6|18:00:00|19:00:00|28780 Quail Place, QUAIL VALLEY, AZ 92587|33.5181722|-111.92818669999997
ATTITUDE ADJUSTERS|Location is: Ford Blg.|3|00:00:00|01:00:00|2nd & D St, Southwest, AZ 92395|32.4921037|-114.7800704
ATTITUDE ADJUSTERS|Location is: Ford Building|4|00:00:00|01:00:00|2nd & D St., Southwest, AZ 92395|32.4921037|-114.7800704
ATTITUDE ADJUSTERS|Location is: Ford Building|5|00:00:00|01:00:00|2nd & D St., Southwest, AZ 92395|32.4921037|-114.7800704
Open AA|Location is: 4 Corners Mental Health|3|20:00:00|21:00:00|45 East 100 South, Castledale, AZ 84513|32.8846889|-111.57137339999997
Mountain View Group|Location is: Jubilee Harvest Church|5|18:00:00|19:00:00|Gloria Street, Mountain View, AZ 92113|33.37157|-112.069347
Mountain View Group|Location is: Jubilee Harvest Church|4|19:00:00|20:00:00|Gloria Street, Mountain View, AZ 92113|33.37157|-112.069347
Mountain View Group|Location is: Jubilee Harvest Church|7|19:00:00|20:00:00|Gloria Street, Mountain View, AZ 92113|33.37157|-112.069347
Mountain View Group|Location is: Jubilee Harvest Church|2|19:00:00|20:00:00|Gloria Street, Mountain View, AZ 92113|33.37157|-112.069347
Mountain View Group|Location is: Jubilee Harvest Church|3|19:00:00|20:00:00|Gloria Street, Mountain View, AZ 92113|33.37157|-112.069347
SERENITY IN WASCO|Location is: WEST SIDE FAMILY FELLOWSHIP|4|13:30:00|14:30:00|2150 PALM AVE, , CA  USA, AZ 92154|35.1514571|-114.56582129999998
Promises|Location is: Grand Junction, Co.|6|17:30:00|18:30:00|1938 1st St., grand junction, AZ 81506|35.2513606|-112.18751450000002
POTP |Location is: Mission Viejo, CA|4|19:30:00|20:30:00|78 Circle Court, mission viejo, AZ 92692|33.5469401|-112.06188099999997
ATTITUDE ADJUSTMENT|Location is: THE MEETING PLACE|1|06:15:00|07:15:00|989 W Foothill Blvd, Upland, AZ 91786|33.6849396|-112.191282
BEGINNERS CANDLELIGHT|Location is: POMONA|7|20:00:00|21:00:00|Berkeley Ave, Claremont, AZ 91711|33.5283732|-112.12124990000001
Central Utah Group|Location is: Rec Center|1|10:00:00|11:00:00|10 North State Street, Mt. Pleasant, AZ 84647|33.9626681|-112.7455627
Mt. Pleasant Group|Location is: Rec Center|4|20:00:00|21:00:00|10 North State Street, Mt. Pleasant, AZ 84647|33.9626681|-112.7455627
Closed AA|Location is: 4 Corners Mental Health|5|19:30:00|20:30:00|575 East 100 South, Price, AZ 84501|33.429072|-111.89310799999998
Big Book Study|Location is: San Gabriel Valley Alano Club (502 Club)|3|18:30:00|19:30:00|510 S. 2nd St, covina, AZ 91723|33.4257021|-111.77749310000002
Big Book Study|Location is: 502 Club, small Al-anon room!|3|18:30:00|19:30:00|512 S. Second Ave, covina, AZ 91723|33.4257021|-111.77749310000002
La Puente Center 32 meetings wkly|Location is: La Puente Center|7|06:15:00|07:15:00|15911 Main St., la_puente, AZ 91744|32.7234519|-114.64122199999997
La Puente Early-Risers|Location is: La Puente Center|2|06:15:00|07:15:00|15911 Main St., la_puente, AZ 91744|32.7234519|-114.64122199999997
Bright Spot of Our Lives/Women's 3rd Step Study|Location is: The Roque Center|3|19:00:00|20:00:00|9842 13th St., garden grove, AZ 92844|33.4385276|-111.8388218
PARTICIPATION|Location is: GARDEN GROVE ALANO CLUB|1|19:30:00|20:30:00|9845 Belfast Dr, Garden Grove, AZ 92844|33.4205082|-111.8671516
PARTICIPATION|Location is: GARDEN GROVE ALANO CLUB|1|17:30:00|18:30:00|9845 Belfast Dr, Garden Grove, AZ 92844|33.4205082|-111.8671516
PARTICIPATION|Location is: GARDEN GROVE ALANO CLUB|1|07:30:00|08:30:00|9845 Belfast Dr, Garden Grove, AZ 92844|33.4205082|-111.8671516
PARTICIPATION|Location is: GARDEN GROVE ALANO CLUB|2|20:00:00|21:00:00|9845 Belfast Dr, Garden Grove, AZ 92844|33.4205082|-111.8671516
DAYLIGHT DISCUSSION|Location is: GARDEN GROVE ALANO CLUB|2|12:30:00|13:30:00|9845 Belfast Dr, Garden Grove, AZ 92844|33.4205082|-111.8671516
BIG BOOK STUDY|Location is: GARDEN GROVE ALANO CLUB|2|07:30:00|08:30:00|9845 Belfast Dr, Garden Grove, AZ 92844|33.4205082|-111.8671516
ATTITUDE ADJUSTMENT|Location is: Church|5|07:00:00|08:00:00|10925 S. Valley Home Ave, WHITTIER, AZ 90603|33.4675664|-112.04656420000003
ATTITUDE ADJUSTMENT|Location is: Church|6|07:00:00|08:00:00|10925 S. Valley Home Ave, WHITTIER, AZ 90603|33.4675664|-112.04656420000003
ATTITUDE ADJUSTMENT|Location is: Church|2|07:00:00|08:00:00|10925 S. Valley Home Ave, WHITTIER, AZ 90603|33.4675664|-112.04656420000003
ATTITUDE ADJUSTMENT|Location is: Church|3|07:00:00|08:00:00|10925 S. Valley Home Ave, WHITTIER, AZ 90603|33.4675664|-112.04656420000003
ATTITUDE ADJUSTMENT|Location is: Church|4|07:00:00|08:00:00|10925 S. Valley Home Ave, WHITTIER, AZ 90603|33.4675664|-112.04656420000003
ATTITUDE ADJUSTMENT|Location is: Church|7|08:00:00|09:00:00|10925 S. Valley Home Ave, WHITTIER, AZ 90603|33.4675664|-112.04656420000003
CYPRESS TUES NIGHT|Location is: Church|3|20:00:00|21:00:00|6441 Lincoln, CYPRESS, AZ 90620|33.442531|-112.22523039999999
HAPPY HOUR BIG BOOK STUDY|Location is: Church|3|18:00:00|19:00:00|5201 Evergreen Ave, CYPRESS, AZ 90630|33.6459491|-112.27110729999998
BOOK STUDY GROUP|Location is: Church|3|19:30:00|20:30:00|5201 Evergreen Ave, CYPRESS, AZ 90630|33.6459491|-112.27110729999998
WOMEN'S CANDELIGHT MEM|Location is: WOMEN'S CANDELIGHT MEM|5|19:30:00|20:30:00|12200 E. Washington Blvd. Room, WHITTIER, AZ 90606|33.4483355|-112.05976670000001
TOGETHER IN PRIDE|Location is: Church|5|19:30:00|20:30:00|11931 Washington Blvd, WHITTIER, AZ 90606|33.4483355|-112.05976670000001
TOPIC DISCUSSION|Location is: TOPIC DISCUSSION|1|17:00:00|18:00:00|4542 Lincoln #105, CYPRESS, AZ 90630|33.4425353|-112.22968700000001
Palmdale Group Speaker Meeting|Location is: Palmdale Group Meeting Hall|7|19:00:00|20:00:00|1817 E Avenue Q, Palmdale, AZ 93550|33.23058270000001|-111.72851509999998
Closed Podium|Location is: Palmdale|1|19:00:00|20:00:00|1817 E Avenue Q , palmdale, AZ 93550|33.23058270000001|-111.72851509999998
White Flag Book Study|Location is: Las Encinas Hospital|7|18:30:00|19:30:00|E Del Mar Blvd, Pasadena, AZ 91106|33.396946|-111.82666599999999
Outcasts|Location is: Los Amigos|4|20:30:00|21:30:00|2518 W. Beverly Blvd., montebello, AZ 90640|33.5204241|-112.1132318
CROSSROADS|Location is: Church|2|11:00:00|12:00:00|5420 Clark Ave, LAKEWOOD, AZ 90712|35.0013211|-114.59986609999999
LAKEWOOD Q & A|Location is: Church|3|20:00:00|21:00:00|4700 Clark Ave, LAKEWOOD, AZ 90712|35.0108232|-114.59982339999999
CANDLEWOOD GROUP|Location is: St Cyprian Church|1|19:00:00|20:00:00|4714 Clark Ave, LAKEWOOD, AZ 90808|35.0108232|-114.59982339999999
5420 GROUP|Location is: Church|1|19:30:00|20:30:00|4405 E South St, LAKEWOOD, AZ 90712|33.3035369|-112.00628440000003
LAKEWOOD SAT NITE|Location is: Church|7|20:00:00|21:00:00|4405 E South St, LAKEWOOD, AZ 90712|33.3035369|-112.00628440000003
into action |Location is: into action sober living house plan b|7|19:30:00|20:30:00|1021 w ave j, lancaster, AZ 93534|33.0764675|-111.37617369999998
Eastside AA Group|Location is: Eastside Lutheran Church|5|17:30:00|18:30:00|1300 E. 10th Street, Eastside, AZ 90813|32.2223015|-110.7980048
Speaker from the Podium|Location is: 202 Club|1|20:30:00|21:30:00|Colorado Blvd, pasadena, AZ 91105|35.0005399|-114.6030867
Quartz Hill A.M. Attitude Modification|Location is: Grange Hall|7|06:30:00|07:30:00|41843 50th St W, Lancaster, AZ 93536|33.4782391|-111.97388840000002
Quartz Hill A.M. Attitude Modification|Location is: Grange Hall|2|06:30:00|07:30:00|41843 50th St W, Lancaster, AZ 93536|33.4782391|-111.97388840000002
Quartz Hill A.M. Attitude Modification|Location is: Grange Hall|3|06:30:00|07:30:00|41843 50th St W, Lancaster, AZ 93536|33.4782391|-111.97388840000002
Quartz Hill A.M. Attitude Modification|Location is: Grange Hall|4|06:30:00|07:30:00|41843 50th St W, Lancaster, AZ 93536|33.4782391|-111.97388840000002
Quartz Hill A.M. Attitude Modification|Location is: Grange Hall|5|06:30:00|07:30:00|41843 50th St W, Lancaster, AZ 93536|33.4782391|-111.97388840000002
Quartz Hill A.M. Attitude Modification|Location is: Grange Hall|6|06:30:00|07:30:00|41843 50th St W, Lancaster, AZ 93536|33.4782391|-111.97388840000002
Quartz Hill A.M. Attitude Modification|Location is: Grange Hall|1|06:30:00|07:30:00|41843 50th St W, Lancaster, AZ 93536|33.4782391|-111.97388840000002
Scandalous Pigs Men&#39;s Stagg|Location is: GADS|6|20:30:00|21:30:00|335 Mission Rd, glendale, AZ 91205|33.5693969|-112.17804369999999
SANE AND SOBER|Location is: SANE AND SOBER|2|19:00:00|20:00:00|345 E Carson, CARSON, AZ 90745|32.1811887|-110.82614000000001
CANDLELIGHT MEETING|Location is: Senior Citizen Center|3|19:30:00|20:30:00|727 S Mesa St, SAN PEDRO, AZ 90731|33.3699848|-111.80548899999997
ATT ADJUSTMENT|Location is: Club|1|07:00:00|08:00:00|2001 Pacific Ave, SAN PEDRO, AZ 90731|31.9750415|-110.06954280000002
SUNDAY 12 & 12|Location is: Club|1|08:00:00|09:00:00|2001 Pacific Ave, SAN PEDRO, AZ 90731|31.9750415|-110.06954280000002
12 PROMISES GROUP|Location is: Club|1|22:30:00|23:30:00|2001 Pacific Ave, SAN PEDRO, AZ 90731|31.9750415|-110.06954280000002
A A WAY|Location is: Club|1|17:30:00|18:30:00|2001 Pacific Ave, SAN PEDRO, AZ 90731|31.9750415|-110.06954280000002
CANDLELIGHT|Location is: Club|1|19:30:00|20:30:00|2001 Pacific Ave, SAN PEDRO, AZ 90731|31.9750415|-110.06954280000002
MORNING MEDITATION GROUP|Location is: Club|2|07:00:00|08:00:00|2001 S Pacific Ave, SAN PEDRO, AZ 90731|31.9750415|-110.06954280000002
INTO ACTION|Location is: Club|2|00:00:00|01:00:00|2001 S Pacific Ave, SAN PEDRO, AZ 90731|31.9750415|-110.06954280000002
24 HOURS|Location is: Club|2|18:00:00|19:00:00|2001 S Pacific Ave, SAN PEDRO, AZ 90731|31.9750415|-110.06954280000002
YOUNG PEOPLE DO RECOVER|Location is: Club|2|20:00:00|21:00:00|2001 S Pacific Ave, SAN PEDRO, AZ 90731|31.9750415|-110.06954280000002
ATTITUDE ADJUST|Location is: Club|3|07:00:00|08:00:00|2001 S Pacific Ave, SAN PEDRO, AZ 90731|31.9750415|-110.06954280000002
JUST FOR TODAY|Location is: Club|3|00:00:00|01:00:00|2001 S Pacific Ave, SAN PEDRO, AZ 90731|31.9750415|-110.06954280000002
BIG BOOK STUDY|Location is: Club|3|18:00:00|19:00:00|2001 S Pacific Ave, SAN PEDRO, AZ 90731|31.9750415|-110.06954280000002
SHARING AND CARING|Location is: Club|3|20:00:00|21:00:00|2001 S Pacific Ave, SAN PEDRO, AZ 90731|31.9750415|-110.06954280000002
ATTITUDE ADJUST|Location is: Club|4|07:00:00|08:00:00|2001 S Pacific Ave, SAN PEDRO, AZ 90731|31.9750415|-110.06954280000002
OLD FASHION A A|Location is: Club|4|00:00:00|01:00:00|2001 S Pacific Ave, SAN PEDRO, AZ 90731|31.9750415|-110.06954280000002
LIVE AND LET LIVE|Location is: Club|4|18:00:00|19:00:00|2001 S Pacific Ave, SAN PEDRO, AZ 90731|31.9750415|-110.06954280000002
MID WEEK MIRACLES|Location is: Club|4|20:00:00|21:00:00|2001 S Pacific Ave, SAN PEDRO, AZ 90731|31.9750415|-110.06954280000002
MORNING BRIEFING GROUP|Location is: Club|5|07:00:00|08:00:00|2001 S Pacific Ave, SAN PEDRO, AZ 90731|31.9750415|-110.06954280000002
ONE DAY AT A TIME|Location is: Club|5|00:00:00|01:00:00|2001 S Pacific Ave, SAN PEDRO, AZ 90731|31.9750415|-110.06954280000002
WOMENS STAG|Location is: Club|5|18:00:00|19:00:00|2001 S Pacific Ave, SAN PEDRO, AZ 90731|31.9750415|-110.06954280000002
TRADITION/STEP STUDY|Location is: Club|5|20:00:00|21:00:00|2001 S Pacific Ave, SAN PEDRO, AZ 90731|31.9750415|-110.06954280000002
ATTITUDE ADJUSTMENT|Location is: Club|6|07:00:00|08:00:00|2001 S. Pacific Ave., SAN PEDRO, AZ 90731|31.9750415|-110.06954280000002
PACIFIC T G I F GROUP|Location is: Club|6|00:00:00|01:00:00|2001 S. Pacific Ave., SAN PEDRO, AZ 90731|31.9750415|-110.06954280000002
FROM THIS DAY FORWARD|Location is: Club|6|18:00:00|19:00:00|2001 S. Pacific Ave., SAN PEDRO, AZ 90731|31.9750415|-110.06954280000002
PARTICIPATION GROUP|Location is: Club|6|20:00:00|21:00:00|2001 S. Pacific Ave., SAN PEDRO, AZ 90731|31.9750415|-110.06954280000002
ATTITUDE ADJUSTMENT|Location is: Club|7|07:00:00|08:00:00|2001 S Pacific Ave, SAN PEDRO, AZ 90731|31.9750415|-110.06954280000002
MENS STAG|Location is: Club|7|09:00:00|10:00:00|2001 S Pacific Ave, SAN PEDRO, AZ 90731|31.9750415|-110.06954280000002
FIRST THINGS FIRST GROUP|Location is: Club|7|00:00:00|01:00:00|2001 S Pacific Ave, SAN PEDRO, AZ 90731|31.9750415|-110.06954280000002
RIDING WITH BILL & BOB|Location is: Club|7|18:00:00|19:00:00|2001 S Pacific Ave, SAN PEDRO, AZ 90731|31.9750415|-110.06954280000002
SAT NITE LIVE|Location is: Club|7|20:00:00|21:00:00|2001 S Pacific Ave, SAN PEDRO, AZ 90731|31.9750415|-110.06954280000002
SUNRISE ATTITUDE ADJUSTMENT|Location is: Church|3|07:00:00|08:00:00|25401 S Western Ave, , California  USA, AZ 90717|35.2200473|-114.04016289999998
HYDE PARK|Location is: ST JAMES EPISCOPAL CHURCH|1|19:30:00|20:30:00|4526 ROUTE 9, HYDE PARK, AZ 90043|33.463848|-111.9918338
LAST HOPE|Location is: ST JAMES EPISCOPAL CHURCH|2|20:00:00|21:00:00|4526 ROUTE 9, HYDE PARK, AZ 90043|33.463848|-111.9918338
SOBER ON SATURDAY|Location is: SOBER ON SATURDAY|7|15:00:00|16:00:00|1386-A W 7th St, SAN PEDRO, AZ 90732|31.9641631|-110.30044659999999
NEW FRIENDS|Location is: SOBER ON SATURDAY|7|19:30:00|20:30:00|1386-A W 7th St, SAN PEDRO, AZ 90732|31.9641631|-110.30044659999999
TGIF Group|Location is: BAPTIST CHURCH|6|18:00:00|19:00:00|AVENUE N, ELY, AZ 89301|32.1649974|-109.5301404
Salem Men's Discussion|Location is: Salem Men's Discussion|3|20:10:00|21:10:00|315 East 100 North, Payson, AZ 84651|33.3949302|-110.7813696
Old Time AA|Location is: Bee Ririe Hospital|4|19:00:00|20:00:00|1500 Avenue H, Ely, AZ 89301|35.1852402|-114.29560179999999
Endless Possiblities|Location is: WHITE PINE CARE CENTER|2|19:30:00|20:30:00|1500 AVENUE G, ELY, AZ 89301|35.1852402|-114.29560179999999
Salida Meeting|Location is: Salida Meeting|6|14:30:00|15:30:00|4936 West St, Salida, AZ 81201|32.3033683|-110.88824010000002
Payson Breakfast Meeting|Location is: Flying J Restaurant|1|09:00:00|10:00:00|840 North Main, Payson, AZ 84651|34.2426335|-111.32279890000001
Payson Group|Location is: Flying J Restaurant|4|19:00:00|20:00:00|840 North Main, Payson, AZ 84651|34.2426335|-111.32279890000001
SOS Saving Our Selves A non-12 step meeting to achieve sobriety|Location is: SHARE|5|20:00:00|21:00:00|6666 Green Valley Circle, culver city, AZ 90230|33.4619324|-111.97647840000002
Co-Dependants Anonymous|Location is: SHARE Culver City|6|12:30:00|13:30:00|6666 Green Valley Circle, culver city, AZ 90230|33.4619324|-111.97647840000002
AA Speaker Tapes|Location is: SHARE Culver City|5|10:30:00|11:30:00|6666 Green Valley Circle, culver city, AZ 90230|33.4619324|-111.97647840000002
Adult Children of Alchoholics & Dysfunctional Families|Location is: SHARE Culver City|5|20:00:00|21:00:00|6666 Green Valley Circle, culver city, AZ 90230|33.4619324|-111.97647840000002
Adult Children of Alchoholics & Dysfunctional Families|Location is: SHARE Culver City|6|18:30:00|19:30:00|6666 Green Valley Circle, culver city, AZ 90230|33.4619324|-111.97647840000002
AA Transfomation|Location is: SHARE Culver City|5|18:00:00|19:00:00|6666 Green Valley Circle, culver city, AZ 90230|33.4619324|-111.97647840000002
AA Speaker Tapes|Location is: SHARE Culver City|6|10:30:00|11:30:00|6666 Green Valley Circle, culver city, AZ 90230|33.4619324|-111.97647840000002
AA Speaker Tapes|Location is: SHARE Culver City|4|10:30:00|11:30:00|6666 Green Valley Circle, culver city, AZ 90230|33.4619324|-111.97647840000002
AA Speaker Tapes|Location is: SHARE Culver City|1|10:30:00|11:30:00|6666 Green Valley Circle, culver city, AZ 90230|33.4619324|-111.97647840000002
Alcoholics Anonymous |Location is: SHARE Culver City|1|20:00:00|21:00:00|6666 Green Valley Circle, culver city, AZ 90230|33.4619324|-111.97647840000002
Sexual Compulsives Anonymous|Location is: SHARE Culver City|1|18:30:00|19:30:00|6666 Green Valley Circle, culver city, AZ 90230|33.4619324|-111.97647840000002
CoDependants Anonymous|Location is: SHARE Culver City|1|18:00:00|19:00:00|6666 Green Valley Circle, culver city, AZ 90230|33.4619324|-111.97647840000002
Alcoholics Anonymous (Bikin' for Bill)|Location is: SHARE Culver City|1|10:00:00|11:00:00|6666 Green Valley Circle, culver city, AZ 90230|33.4619324|-111.97647840000002
CODA|Location is: SHARE Culver City|1|12:30:00|13:30:00|6666 Green Valley Circle, culver city, AZ 90230|33.4619324|-111.97647840000002
Artist's Way at Work|Location is: SHARE Culver City|1|12:00:00|13:00:00|6666 Green Valley Circle, culver city, AZ 90230|33.4619324|-111.97647840000002
ADHD (Attention Deficit Disorder)|Location is: SHARE Culver City|1|12:00:00|13:00:00|6666 Green Valley Circle, culver city, AZ 90230|33.4619324|-111.97647840000002
PENINSULA WOMEN|Location is: Church|6|13:00:00|14:00:00|5621 Monte Malaga Dr, RANCHO PALOS, AZ 90275|32.3209637|-110.99999059999999
Pass it On Men's Stag|Location is: Little Brown Church-Meeting Room|4|19:30:00|20:30:00|4418 Coldwater Canyon, studio city, AZ 91604|33.4651629|-112.28626099999997
Canyon Country 12 & 12|Location is: Canyon Country 12 & 12|2|19:30:00|20:30:00|17746 Sierra Hwy (Office), Canyon Country, AZ 91351|33.6787739|-112.401452
Canyon Country Candlelight|Location is: Canyon Country 12 & 12|7|19:30:00|20:30:00|17746 Sierra Hwy (Office), Canyon Country, AZ 91351|33.6787739|-112.401452
Sunday Nite|Location is: Canyon Country 12 & 12|1|18:00:00|19:00:00|17746 Sierra Hwy (Office), Canyon Country, AZ 91351|33.6787739|-112.401452
Unurban Group|Location is: Unurban Coffee House|3|07:15:00|08:15:00|3301 Pico Blvd., Santa Monica, AZ 90404|33.6910548|-112.33863930000001
Book Worms|Location is: Venice Recovery Center|4|17:30:00|18:30:00|414 Lincoln, venice, AZ 90291|33.4428021|-112.08261579999999
Friends of Dr Bob|Location is: Pete and Patty L.s Home|4|20:00:00|21:00:00|467 East 1700 North, Mapleton, AZ 84664|33.459256|-111.92935169999998
Spiritual Breakfast|Location is: Joe Banditos Restaurant|1|10:00:00|11:00:00|1435 North Main, Springville, AZ 84663|34.1258722|-109.29017140000002
ALCOHOLIC-ADDICT|Location is: ALCOHOLIC-ADDICT|2|17:30:00|18:30:00|20717 SOUTH STREET, TEHACHAPI, AZ 93561|34.505919|-114.283456
NEVER TOO YOUNG|Location is: ALCOHOLIC-ADDICT|3|18:00:00|19:00:00|20717 SOUTH STREET, TEHACHAPI, AZ 93561|34.505919|-114.283456
WE CARE|Location is: ALCOHOLIC-ADDICT|3|19:00:00|20:00:00|20717 SOUTH STREET, TEHACHAPI, AZ 93561|34.505919|-114.283456
THERE IS A SOLUTION|Location is: ALCOHOLIC-ADDICT|4|12:00:00|13:00:00|20717 SOUTH STREET, TEHACHAPI, AZ 93561|34.505919|-114.283456
EXPERIENCE, STRENGTH AND HOPE|Location is: ALCOHOLIC-ADDICT|4|17:30:00|18:30:00|20717 SOUTH STREET, TEHACHAPI, AZ 93561|34.505919|-114.283456
20717 SOUTH STREET|Location is: ALCOHOLIC-ADDICT|4|19:00:00|20:00:00|20717 SOUTH STREET, TEHACHAPI, AZ 93561|34.505919|-114.283456
THE REBOUNDERS|Location is: ALCOHOLIC-ADDICT|4|19:00:00|20:00:00|20717 SOUTH STREET, TEHACHAPI, AZ 93561|34.505919|-114.283456
CORNER OF SOUTH AND COMMERCIAL|Location is: ALCOHOLIC-ADDICT|6|12:00:00|13:00:00|20717 SOUTH STREET, TEHACHAPI, AZ 93561|34.505919|-114.283456
MENS STAG AND WOMENS STAG|Location is: ALCOHOLIC-ADDICT|6|17:30:00|18:30:00|20717 SOUTH STREET, TEHACHAPI, AZ 93561|34.505919|-114.283456
SICKER THAN OTHERS|Location is: ALCOHOLIC-ADDICT|6|22:00:00|23:00:00|20717 SOUTH STREET, TEHACHAPI, AZ 93561|34.505919|-114.283456
WOMEN IN RECOVERY|Location is: ALCOHOLIC-ADDICT|7|09:30:00|10:30:00|20717 SOUTH STREET, TEHACHAPI, AZ 93561|34.505919|-114.283456
CORNER OF SOUTH AND COMMERCIAL|Location is: ALCOHOLIC-ADDICT|7|17:00:00|18:00:00|20717 SOUTH STREET, TEHACHAPI, AZ 93561|34.505919|-114.283456
SAT NIGHT LIVE|Location is: ALCOHOLIC-ADDICT|7|19:00:00|20:00:00|20717 SOUTH STREET, TEHACHAPI, AZ 93561|34.505919|-114.283456
ATTITUDE MODIFICATION|Location is: ALCOHOLIC-ADDICT|1|09:00:00|10:00:00|20717 SOUTH STREET, TEHACHAPI, AZ 93561|34.505919|-114.283456
SINGLENESS OF PURPOSE|Location is: ALCOHOLIC-ADDICT|1|18:00:00|19:00:00|20717 SOUTH STREET, TEHACHAPI, AZ 93561|34.505919|-114.283456
Young at Heart|Location is: United Church of Christ|1|20:00:00|21:00:00|175 North University Avenue, Provo, AZ 84601|33.3992931|-111.92918659999998
Tues 6:45 A.A. Meeting|Location is: Community Church|3|18:45:00|19:45:00|175 N. University Ave, Provo, AZ 84601|33.3992931|-111.92918659999998
Provo #1 Group|Location is: United Church of Christ|2|20:00:00|21:00:00|175 North University Avenue, Provo, AZ 84601|33.3992931|-111.92918659999998
Unity Step Study|Location is: St. Marys Episcopal Church|5|19:45:00|20:45:00|50 West 200 North, Provo, AZ 84601|32.7845896|-111.73160740000003
Back to Basics|Location is: St. Marys Episcopal Church|2|12:00:00|13:00:00|50 West 200 North, Provo, AZ 84601|32.7845896|-111.73160740000003
Back to Basics|Location is: St. Marys Episcopal Church|4|12:00:00|13:00:00|50 West 200 North, Provo, AZ 84601|32.7845896|-111.73160740000003
Back to Basics|Location is: St. Marys Episcopal Church|6|12:00:00|13:00:00|50 West 200 North, Provo, AZ 84601|32.7845896|-111.73160740000003
MONDAY NIGHT|Location is: HOSPITAL|2|19:30:00|20:30:00|6412 LAUREL AVE, MOUNTAIN MESA, AZ 93240|33.5947909|-111.99470580000002
Eureka! Big Book Study|Location is: 25815 McBean Pkwy|2|18:30:00|19:30:00|(In the library), valencia, AZ 91355|32.1345699|-110.972602
180 Degree Turnaround|Location is: Clearview Community Church|6|19:00:00|20:00:00|457 Rodeo Dr., buena vista, AZ 81211|33.5631203|-111.9628902
Living Sober Book Study|Location is: Clearview Community Church|4|18:00:00|19:00:00|457 Rodeo Dr., buena vista, AZ 81211|33.5631203|-111.9628902
Beginners Group|Location is: Clearview Community Church|3|18:00:00|19:00:00|457 Rodeo Dr., buena vista, AZ 81211|33.5631203|-111.9628902
Serenity Sisters|Location is: Clearview Community Church|2|18:00:00|19:00:00|457 Rodeo Dr., buena vista, AZ 81211|33.5631203|-111.9628902
Beginner's Candlelight Discussion|Location is: Church meeting room|1|19:30:00|20:30:00|5751 platt avenue, San Fernando Valley, AZ 91367|33.6863244|-111.91425449999997
KERN VALLEY HEALTH CENTER|Location is: KERN VALLEY HEALTH CENTER|4|19:00:00|20:00:00|67 EVANS ROAD, , CA  USA, AZ 93285|34.6912742|-114.03219039999999
Val Verde Group|Location is: Val Verde Group|2|19:00:00|20:00:00|30300 Arlington Road, Val Verde, AZ 91384|33.3135598|-111.7645114
Discussion|Location is: Roosevelt Alano Club|6|19:00:00|20:00:00|144 East 300 South, Roosevelt, AZ 84066|33.458611|-112.07856979999997
Discussion|Location is: Roosevelt Alano Club|7|19:00:00|20:00:00|144 East 300 South, Roosevelt, AZ 84066|33.458611|-112.07856979999997
Discussion|Location is: Roosevelt Alano Club|1|19:00:00|20:00:00|144 East 300 South, Roosevelt, AZ 84066|33.458611|-112.07856979999997
Big Book Study|Location is: Roosevelt Alano Club|4|19:00:00|20:00:00|144 East 300 South, Roosevelt, AZ 84066|33.458611|-112.07856979999997
Pleasant Grove Group|Location is: Division of Leisure Services|3|20:00:00|21:00:00|41 East 200 South, Pleasant Grove, AZ 84062|34.5398784|-112.4646247
Pleasant Grove Group|Location is: Division of Leisure Services|1|18:00:00|19:00:00|41 East 200 South, Pleasant Grove, AZ 84062|34.5398784|-112.4646247
Pleasant Grove Group|Location is: Division of Leisure Services|4|18:00:00|19:00:00|41 East 200 South, Pleasant Grove, AZ 84062|34.5398784|-112.4646247
Pleasant Grove Group|Location is: Division of Leisure Services|7|20:00:00|21:00:00|41 East 200 South, Pleasant Grove, AZ 84062|34.5398784|-112.4646247
American Fork Monday Night|Location is: Jim's Family Restaurant|2|20:00:00|21:00:00|834 East State Road, American Fork, AZ 84003|32.3848339|-111.0305371
American Fork Sunday Night|Location is: Jim's Family Restaurant|1|20:00:00|21:00:00|834 East State Road, American Fork, AZ 84003|32.3848339|-111.0305371
A. F. Friday Noon Meeting|Location is: Jim's Family Restaurant|6|12:00:00|13:00:00|834 East State Road, American Fork, AZ 84003|32.3848339|-111.0305371
American Fork Group|Location is: Presbyterian Church|5|20:00:00|21:00:00|75 North 100 East, American Fork, AZ 84003|33.3044501|-112.07455879999998
Lehi AA 101|Location is: Lehi Historic Hotel|4|19:30:00|20:30:00|394 West Main Street, Lehi, AZ 84043|33.4590808|-111.74210600000004
FRIDAY FORUM|Location is: 1433 Spring Rd.|6|19:30:00|20:30:00|1433 Spring Rd., Northwest, AZ 93021|32.251199|-110.95034499999997
Heber Group|Location is: Heber Group|1|10:00:00|11:00:00|600 East Center, Heber, AZ 84032|34.4092346|-110.5514703
Heber Candlelight|Location is: Heber Group|2|20:00:00|21:00:00|600 East Center, Heber, AZ 84032|34.4092346|-110.5514703
Heber Step Study|Location is: Heber Group|3|20:00:00|21:00:00|600 East Center, Heber, AZ 84032|34.4092346|-110.5514703
Heber Big Book Study|Location is: Heber Group|4|20:00:00|21:00:00|600 East Center, Heber, AZ 84032|34.4092346|-110.5514703
Heber Group|Location is: Heber Group|5|20:00:00|21:00:00|600 East Center, Heber, AZ 84032|34.4092346|-110.5514703
Heber Group|Location is: Heber Group|6|20:00:00|21:00:00|600 East Center, Heber, AZ 84032|34.4092346|-110.5514703
Heber Group|Location is: Heber Group|7|20:00:00|21:00:00|600 East Center, heber city, AZ 84030|34.4092346|-110.5514703
Wasatch Group|Location is: St Lawrence Church|7|18:00:00|19:00:00|5 South 100 West, Heber, AZ 84032|34.388331|-110.44853499999999
Wasatch Group 2|Location is: St Lawrence Church|7|20:00:00|21:00:00|5 South 100 West, Heber, AZ 84032|34.388331|-110.44853499999999
Draper Fireside Chat|Location is: Church Basement|4|20:00:00|21:00:00|12900 South 1300 East, Draper, AZ 84020|33.4286757|-111.81499080000003
SOUTH VALLEY AA|Location is: HOME|4|19:30:00|20:30:00|12651 S 1630 W, RIVERTON, AZ 84065|32.9391038|-111.73474469999996
South Valley AA|Location is: Private residence|4|19:30:00|20:30:00|12651 South 1630 West, Riverton, AZ 84065|32.9391038|-111.73474469999996
South Enders|Location is: Church|3|19:00:00|20:00:00|12411 South 265 West, Draper, AZ 84020|33.4282631|-111.82169099999999
Southenders|Location is: Adventure Church|3|19:00:00|20:00:00|12300 South 352 West, Draper, AZ 84020|33.4282676|-111.82172750000001
MONDAY MIRACLES|Location is: HOUSE|2|19:30:00|20:30:00|616 EAST 11000 SOUTH, DRAPER, AZ 84070|32.1290319|-111.12464219999998
CRESCENT GROUP|Location is: TREATMENT CENTER|1|19:00:00|20:00:00|11000 SOUTH 617 EAST, DRAPER, AZ 84070|33.4291561|-111.81822060000002
Cresent Group|Location is: treatment center|1|19:00:00|20:00:00|617 East 11000 South, Draper, AZ 84070|33.4291561|-111.81822060000002
Grapevine|Location is: Grapevine|5|19:30:00|20:30:00|985 East 10600 South, Sandy, AZ 84094|35.1020075|-114.61344200000002
27 DE NOVIEMBRE|Location is: 27 DE NOVIEMBRE|5|03:00:00|04:00:00|8105 PARADISE ROAD, LAMONT, AZ 93241|33.5951055|-111.71711370000003
No Nonsense|Location is: Church|6|20:00:00|21:00:00|8575 South 700 East, Sandy, AZ 84094|32.1693418|-110.98074910000003
Come as You are|Location is: Church|7|17:00:00|18:00:00|8575 South 700 East, Sandy, AZ 84094|32.1693418|-110.98074910000003
Women's 12 x 12 and Big Book Study|Location is: Health South building|5|19:00:00|20:00:00|8074 S 1300 E, Sandy, AZ 84094|34.4794195|-112.44092710000001
Women's 12 x 12|Location is: Health South building|5|19:00:00|20:00:00|8074 S 1300 E, Murray, AZ 84088|32.887196|-111.73077999999998
A Way of Life|Location is: Church|6|20:00:00|21:00:00|7486 South Union Park, Midvale, AZ 84047|31.9750415|-110.06954280000002
Men's Real Time A.A.|Location is: Church|4|12:00:00|13:00:00|7486 South Union Park, Midvale, AZ 84047|31.9750415|-110.06954280000002
Living in Sobriety|Location is: Church|2|19:00:00|20:00:00|7486 South Union Park, Midvale, AZ 84047|31.9750415|-110.06954280000002
Hillcrest Group|Location is: Church|3|20:00:00|21:00:00|7486 South Union Park, Midvale, AZ 84047|31.9750415|-110.06954280000002
Applying the Principles|Location is: Church|4|20:00:00|21:00:00|7486 South Union Park, Midvale, AZ 84047|31.9750415|-110.06954280000002
High & Dry Group|Location is: High & Dry Group|2|20:30:00|21:30:00|180 West 7309 South, Midvale, AZ 84047|32.1516252|-110.99889969999998
Midvale Lunch Bunch|Location is: El Farol Restaurant|2|12:00:00|13:00:00|115 West 7200 South, Midvale, AZ 84047|32.1494016|-111.01491099999998
Midvale Lunch Bunch|Location is: El Farol Restaurant|3|12:00:00|13:00:00|115 West 7200 South, Midvale, AZ 84047|32.1494016|-111.01491099999998
Midvale Lunch Bunch|Location is: El Farol Restaurant|4|12:00:00|13:00:00|115 West 7200 South, Midvale, AZ 84047|32.1494016|-111.01491099999998
Midvale Lunch Bunch|Location is: El Farol Restaurant|6|12:00:00|13:00:00|115 West 7200 South, Midvale, AZ 84047|32.1494016|-111.01491099999998
Midvale Lunch Bunch|Location is: El Farol Restaurant|5|12:00:00|13:00:00|115 West 7200 South, Midvale, AZ 84047|32.1494016|-111.01491099999998
High & Dry Group|Location is: High & Dry Group|5|20:45:00|21:45:00|175 West 7200 South, Midvale, AZ 84047|32.1494016|-111.01491099999998
Sober Sisters|Location is: High & Dry Group|2|19:00:00|20:00:00|175 West 7200 South, Midvale, AZ 84047|32.1494016|-111.01491099999998
11th Step Meditation|Location is: Alano Club|1|15:00:00|16:00:00|5056 South 300 West, Murray, AZ 84107|32.890324|-111.755877
11th Step Clouds|Location is: Alano Club|7|15:30:00|16:30:00|5056 South 300 West, Murray, AZ 84107|32.890324|-111.755877
Alcoholics Only|Location is: Alano Club|3|19:00:00|20:00:00|5056 South 300 West, Murray, AZ 84107|32.890324|-111.755877
AA at its Best|Location is: Alano Club|5|19:00:00|20:00:00|5056 South 300 West, Murray, AZ 84107|32.890324|-111.755877
Candlelight Serenity|Location is: Alano Club|6|22:00:00|23:00:00|5056 South 300 West, Murray, AZ 84107|32.890324|-111.755877
Early Bird Special|Location is: Alano Club|1|06:30:00|07:30:00|5056 South 300 West, Murray, AZ 84107|32.890324|-111.755877
New Beginnings|Location is: Alano Club|1|06:30:00|07:30:00|5056 South 300 West, Murray, AZ 84107|32.890324|-111.755877
Early Bird Special|Location is: Alano Club|2|06:30:00|07:30:00|5056 South 300 West, Murray, AZ 84107|32.890324|-111.755877
New Beginnings|Location is: Alano Club|2|06:30:00|07:30:00|5056 South 300 West, Murray, AZ 84107|32.890324|-111.755877
Early Bird Special|Location is: Alano Club|3|06:30:00|07:30:00|5056 South 300 West, Murray, AZ 84107|32.890324|-111.755877
New Beginnings|Location is: Alano Club|3|06:30:00|07:30:00|5056 South 300 West, Murray, AZ 84107|32.890324|-111.755877
Early Bird Special|Location is: Alano Club|4|06:30:00|07:30:00|5056 South 300 West, Murray, AZ 84107|32.890324|-111.755877
New Beginnings|Location is: Alano Club|4|06:30:00|07:30:00|5056 South 300 West, Murray, AZ 84107|32.890324|-111.755877
Early Bird Special|Location is: Alano Club|5|06:30:00|07:30:00|5056 South 300 West, Murray, AZ 84107|32.890324|-111.755877
New Beginnings|Location is: Alano Club|5|06:30:00|07:30:00|5056 South 300 West, Murray, AZ 84107|32.890324|-111.755877
Early Bird Special|Location is: Alano Club|6|06:30:00|07:30:00|5056 South 300 West, Murray, AZ 84107|32.890324|-111.755877
New Beginnings|Location is: Alano Club|6|06:30:00|07:30:00|5056 South 300 West, Murray, AZ 84107|32.890324|-111.755877
New Beginnings|Location is: Alano Club|7|06:30:00|07:30:00|5056 South 300 West, Murray, AZ 84107|32.890324|-111.755877
Early Bird Special|Location is: Alano Club|7|06:30:00|07:30:00|5056 South 300 West, Murray, AZ 84107|32.890324|-111.755877
Eye Opener|Location is: Alano Club|1|08:00:00|09:00:00|5056 South 300 West, Murray, AZ 84107|32.890324|-111.755877
Eye Opener|Location is: Alano Club|2|08:00:00|09:00:00|5056 South 300 West, Murray, AZ 84107|32.890324|-111.755877
Eye Opener|Location is: Alano Club|3|08:00:00|09:00:00|5056 South 300 West, Murray, AZ 84107|32.890324|-111.755877
Eye Opener|Location is: Alano Club|4|08:00:00|09:00:00|5056 South 300 West, Murray, AZ 84107|32.890324|-111.755877
Eye Opener|Location is: Alano Club|5|08:00:00|09:00:00|5056 South 300 West, Murray, AZ 84107|32.890324|-111.755877
Eye Opener|Location is: Alano Club|6|08:00:00|09:00:00|5056 South 300 West, Murray, AZ 84107|32.890324|-111.755877
Eye Opener|Location is: Alano Club|7|08:00:00|09:00:00|5056 South 300 West, Murray, AZ 84107|32.890324|-111.755877
Sunday Breakfast|Location is: Alano Club|1|10:00:00|11:00:00|5056 South 300 West, Murray, AZ 84107|32.890324|-111.755877
Vision for You|Location is: Alano Club|7|10:30:00|11:30:00|5056 South 300 West, Murray, AZ 84107|32.890324|-111.755877
AA Beginners Lunchon|Location is: Alano Club|7|12:30:00|13:30:00|5056 South 300 West, Murray, AZ 84107|32.890324|-111.755877
Back to Basics|Location is: Alano Club|1|13:00:00|14:00:00|5056 South 300 West, Murray, AZ 84107|32.890324|-111.755877
Afternooners Group|Location is: Alano Club|2|15:00:00|16:00:00|5056 South 300 West, Murray, AZ 84107|32.890324|-111.755877
Afternooners Group|Location is: Alano Club|3|15:00:00|16:00:00|5056 South 300 West, Murray, AZ 84107|32.890324|-111.755877
Afternooners Group|Location is: Alano Club|4|15:00:00|16:00:00|5056 South 300 West, Murray, AZ 84107|32.890324|-111.755877
Afternooners Group|Location is: Alano Club|5|15:00:00|16:00:00|5056 South 300 West, Murray, AZ 84107|32.890324|-111.755877
Afternooners Group|Location is: Alano Club|6|15:00:00|16:00:00|5056 South 300 West, Murray, AZ 84107|32.890324|-111.755877
Tuesday Open Big Book Study|Location is: Alano Club|3|17:15:00|18:15:00|5056 South 300 West, Murray, AZ 84107|32.890324|-111.755877
Take Five|Location is: Alano Club|4|17:15:00|18:15:00|5056 South 300 West, Murray, AZ 84107|32.890324|-111.755877
Baby Steps|Location is: Alano Club|5|17:15:00|18:15:00|5056 South 300 West, Murray, AZ 84107|32.890324|-111.755877
Women in Sobriety|Location is: Alano Club|6|18:00:00|19:00:00|5056 South 300 West, Murray, AZ 84107|32.890324|-111.755877
Monday Night Happy Hour|Location is: Alano Club|2|18:15:00|19:15:00|5056 South 300 West, Murray, AZ 84107|32.890324|-111.755877
Wednesday Big Book Study|Location is: Alano Club|4|19:00:00|20:00:00|5056 South 300 West, Murray, AZ 84107|32.890324|-111.755877
The Elevator's Broken|Location is: Alano Club|5|19:00:00|20:00:00|5056 South 300 West, Murray, AZ 84107|32.890324|-111.755877
Old Timers Speakers Meeting|Location is: Alano Club|7|19:00:00|20:00:00|5056 South 300 West, Murray, AZ 84107|32.890324|-111.755877
Sharing & Caring|Location is: Alano Club|1|20:00:00|21:00:00|5056 South 300 West, Murray, AZ 84107|32.890324|-111.755877
Stepping Stones Step Meeting|Location is: Alano Club|2|20:00:00|21:00:00|5056 South 300 West, Murray, AZ 84107|32.890324|-111.755877
Friday Night Young & Alive|Location is: Alano Club|6|20:00:00|21:00:00|5056 South 300 West, Murray, AZ 84107|32.890324|-111.755877
Valleyview Group|Location is: Alano Club|3|20:30:00|21:30:00|5056 South 300 West, Murray, AZ 84107|32.890324|-111.755877
We Are One|Location is: Alano Club|4|20:30:00|21:30:00|5056 South 300 West, Murray, AZ 84107|32.890324|-111.755877
Serenity Group|Location is: Alano Club|5|20:30:00|21:30:00|5056 South 300 West, Murray, AZ 84107|32.890324|-111.755877
Sunday Night Candlelight|Location is: Alano Club|1|21:30:00|22:30:00|5056 South 300 West, Murray, AZ 84107|32.890324|-111.755877
Fresh Air Serenity Seekers|Location is: Alano Club|2|12:00:00|13:00:00|5056 South 300 West, Murray, AZ 84107|32.890324|-111.755877
Fresh Air Serenity Seekers|Location is: Alano Club|3|12:00:00|13:00:00|5056 South 300 West, Murray, AZ 84107|32.890324|-111.755877
Fresh Air Serenity Seekers|Location is: Alano Club|4|12:00:00|13:00:00|5056 South 300 West, Murray, AZ 84107|32.890324|-111.755877
Fresh Air Serenity Seekers|Location is: Alano Club|5|12:00:00|13:00:00|5056 South 300 West, Murray, AZ 84107|32.890324|-111.755877
Fresh Air Serenity Seekers|Location is: Alano Club|6|12:00:00|13:00:00|5056 South 300 West, Murray, AZ 84107|32.890324|-111.755877
SURSUM CORDA|Location is: St. Aloyious Catholic Church|1|15:00:00|16:00:00|19 Eye St., Northwest, AZ 93304|33.9313419|-113.17647750000003
Fresh Air|Location is: Fresh Air|7|10:00:00|11:00:00|5095 South 1575 West, Murray, AZ 84123|35.2145109|-111.6506948
SUNRISE SERENITY|Location is: SUNRISE SERENITY|5|07:00:00|08:00:00|2324 CHESTER AVE, , CA 93301 USA, AZ 93301|33.3670217|-111.9122878
LEGACY GROUP|Location is: Legacy's Residential Facility|3|13:00:00|14:00:00|2105 F Street, Bakersfield, AZ 93301|32.6744303|-114.1424283
DOWNTOWN HAPPY HOUR|Location is: Unity Center|2|17:30:00|18:30:00|1619 E Street, Bakersfield, AZ 93301|32.6744303|-114.1424283
NEVER AGAIN|Location is: Unity Center|2|17:30:00|18:30:00|1619 E Street, Bakersfield, AZ 93301|32.6744303|-114.1424283
CENTRAL OFFICE INTERGROUP|Location is: Unity Center|2|18:00:00|19:00:00|1619 E Street, Bakersfield, AZ 93301|32.6744303|-114.1424283
NEVER AGAIN GROUP|Location is: Unity Center|3|17:30:00|18:30:00|1619 E Street, Bakersfield, AZ 93301|32.6744303|-114.1424283
NEVER AGAIN GROUP|Location is: Unity Center|4|17:30:00|18:30:00|1619 E Street, Bakersfield, AZ 93301|32.6744303|-114.1424283
NEVER AGAIN|Location is: Unity Center|5|17:30:00|18:30:00|1619 E Street, Bakersfield, AZ 93301|32.6744303|-114.1424283
NEVER AGAIN|Location is: UNITY CHURCH|6|17:30:00|18:30:00|1619 E ST, BAKERSFIELD, AZ 93301|32.6744303|-114.1424283
Granger Group|Location is: Church|6|20:30:00|21:30:00|3200 West 4615 South, West Valley City, AZ 84119|33.409329|-111.98202700000002
Happy Destiny|Location is: Granger Christian Church|3|20:00:00|21:00:00|4100 South 3232 West, West Valley City, AZ 84119|33.4486721|-111.99726020000003
Thunder Heart AA|Location is: Granger Christian Church|1|19:00:00|20:00:00|4100 South 3232 West, West Valley City, AZ 84119|33.4486721|-111.99726020000003
West Valley Group|Location is: Granger Christian Church|5|19:30:00|20:30:00|4100 South 3232 West, West Valley City, AZ 84119|33.4486721|-111.99726020000003
Grupo Fe y Esperanz|Location is: Segundo piso al Norte|1|19:30:00|20:30:00|3646 S Redwood Road, West Valley City, AZ 84119|33.2929625|-112.0041372
Grupo Fe y Esperanz|Location is: Segundo piso al Norte|2|19:30:00|20:30:00|3646 S Redwood Road, West Valley City, AZ 84119|33.2929625|-112.0041372
Grupo Fe y Esperanz|Location is: Segundo piso al Norte|3|19:30:00|20:30:00|3646 S Redwood Road, West Valley City, AZ 84119|33.2929625|-112.0041372
Grupo Fe y Esperanz|Location is: Segundo piso al Norte|4|19:30:00|20:30:00|3646 S Redwood Road, West Valley City, AZ 84119|33.2929625|-112.0041372
Grupo Fe y Esperanza|Location is: Segundo piso al Norte|5|19:30:00|20:30:00|3646 S Redwood Road, West Valley City, AZ 84119|33.2929625|-112.0041372
Grupo Fe y Esperanz|Location is: Segundo piso al Norte|6|19:30:00|20:30:00|3646 S Redwood Road, West Valley City, AZ 84119|33.2929625|-112.0041372
Grupo Fe y Esperanz|Location is: Segundo piso al Norte|7|19:30:00|20:30:00|3646 S Redwood Road, West Valley City, AZ 84119|33.2929625|-112.0041372
Grupo Fe y Esperanza|Location is: Segundo piso al Norte|7|19:30:00|20:30:00|3646 S Redwood Road, West Valley City, AZ 84119|33.2929625|-112.0041372
We Are Not Saints|Location is: Eagle Bend Apartments Clubhouse|4|18:30:00|19:30:00|Hwy 6, vail, AZ 81620|32.0094117|-110.69183829999997
MAGNA FRIENDLY BUNCH|Location is: MAGNA FRIENDLY BUNCH|2|20:00:00|21:00:00|9087 W 2700 S, MAGNA, AZ 84044|33.3098093|-111.04918509999999
MAGNA FRIENDLY BUNCH|Location is: MAGNA FRIENDLY BUNCH|3|20:00:00|21:00:00|9087 W 2700 S, MAGNA, AZ 84044|33.3098093|-111.04918509999999
MAGNA FRIENDLY BUNCH|Location is: MAGNA FRIENDLY BUNCH|4|20:00:00|21:00:00|9087 W 2700 S, MAGNA, AZ 84044|33.3098093|-111.04918509999999
MAGNA FRIENDLY BUNCH|Location is: MAGNA FRIENDLY BUNCH|5|20:00:00|21:00:00|9087 W 2700 S, MAGNA, AZ 84044|33.3098093|-111.04918509999999
MAGNA FRIENDLY BUNCH|Location is: MAGNA FRIENDLY BUNCH|6|20:00:00|21:00:00|9087 W 2700 S, MAGNA, AZ 84044|33.3098093|-111.04918509999999
MAGNA FRIENDLY BUNCH|Location is: MAGNA FRIENDLY BUNCH|7|20:00:00|21:00:00|9087 W 2700 S, MAGNA, AZ 84044|33.3098093|-111.04918509999999
MAGNA FRIENDLY BUNCH|Location is: MAGNA FRIENDLY BUNCH|1|20:00:00|21:00:00|9087 W 2700 S, MAGNA, AZ 84044|33.3098093|-111.04918509999999
MAGNA FRIENDLY BUNCH 2|Location is: MAGNA FRIENDLY BUNCH|1|10:00:00|11:00:00|9087 W 2700 S, MAGNA, AZ 84044|33.3098093|-111.04918509999999
Magna Friendly Bunch|Location is: Magna Friendly Bunch|2|20:00:00|21:00:00|9087 West 2700 South, Magna, AZ 84044|33.3098093|-111.04918509999999
Magna Friendly Bunch|Location is: Magna Friendly Bunch|1|10:00:00|11:00:00|9087 West 2700 South, Magna, AZ 84044|33.3098093|-111.04918509999999
Magna Friendly Bunch|Location is: Magna Friendly Bunch|3|20:00:00|21:00:00|9087 West 2700 South, Magna, AZ 84044|33.3098093|-111.04918509999999
Magna Friendly Bunch|Location is: Magna Friendly Bunch|4|20:00:00|21:00:00|9087 West 2700 South, Magna, AZ 84044|33.3098093|-111.04918509999999
Magna Friendly Bunch|Location is: Magna Friendly Bunch|5|20:00:00|21:00:00|9087 West 2700 South, Magna, AZ 84044|33.3098093|-111.04918509999999
Magna Friendly Bunch|Location is: Magna Friendly Bunch|6|20:00:00|21:00:00|9087 West 2700 South, Magna, AZ 84044|33.3098093|-111.04918509999999
Magna Friendly Bunch|Location is: Magna Friendly Bunch|7|20:00:00|21:00:00|9087 West 2700 South, Magna, AZ 84044|33.3098093|-111.04918509999999
SOBER RIDERS|Location is: Mt. Carmel School|5|19:00:00|20:00:00|315 Clark Street, pueblo, AZ 81003|36.0010121|-114.06472550000001
New Horizons|Location is: Parkview C.D.U.|1|09:00:00|10:00:00|58 Club  Manor Drive, pueblo, AZ 81008|33.5689211|-111.97418859999999
Vail Chapel|Location is: Interfaith Chapel|2|17:15:00|18:15:00|19 Vail Road, Vail, AZ 81657|31.9634692|-110.71327380000002
Big Book Study|Location is: Vail Valley Medical Center|1|18:30:00|19:30:00|181 West Meadow Drive, Vail, AZ 81657|32.082665|-110.82641100000001
Keep It Simple |Location is: Ventura Center for Spiritual Living (at Santa Clara)|7|07:00:00|08:00:00|101 S Laurel St, Ventura, AZ 93001|33.358312|-111.78574200000003
FLY-N-HIGH|Location is: Backstreet All Fellowships Club|2|19:00:00|20:00:00|567 W 2600 S, Bountiful, AZ 84010|32.3890202|-111.0243542
Not a Glum Lot|Location is: Backstreet Club|3|19:00:00|20:00:00|567 West 2600 South, Bountiful, AZ 84010|32.3890202|-111.0243542
Not a Glum Lot|Location is: Backstreet Club|5|19:00:00|20:00:00|567 West 2600 South, Bountiful, AZ 84010|32.3890202|-111.0243542
Sunday Morning Sunrise|Location is: Backstreet Club|1|08:00:00|09:00:00|567 West 2600 South, Bountiful, AZ 84010|32.3890202|-111.0243542
Happy Group|Location is: Backstreet Club|1|10:00:00|11:00:00|567 West 2600 South, Bountiful, AZ 84010|32.3890202|-111.0243542
Bountiful Community|Location is: Backstreet Club|1|19:00:00|20:00:00|567 West 2600 South, Bountiful, AZ 84010|32.3890202|-111.0243542
Big Book Study Group|Location is: Backstreet Club|1|19:00:00|20:00:00|567 West 2600 South, Bountiful, AZ 84010|32.3890202|-111.0243542
Fly-N-High|Location is: Backstreet Club|2|19:00:00|20:00:00|567 West 2600 South, Bountiful, AZ 84010|32.3890202|-111.0243542
Bountiful Recovery|Location is: Backstreet Club|4|19:00:00|20:00:00|567 West 2600 South, Bountiful, AZ 84010|32.3890202|-111.0243542
Fly-N-High|Location is: Backstreet Club|6|19:00:00|20:00:00|567 West 2600 South, Bountiful, AZ 84010|32.3890202|-111.0243542
Noon 12 O'Clock high Group|Location is: Backstreet Club|5|12:00:00|13:00:00|567 West 2600 South, Bountiful, AZ 84010|32.3890202|-111.0243542
12 O'clock High|Location is: Backstreet Club|2|12:00:00|13:00:00|567 West 2600 South, Bountiful, AZ 84010|32.3890202|-111.0243542
12 O'clock High|Location is: Backstreet Club|3|12:00:00|13:00:00|567 West 2600 South, Bountiful, AZ 84010|32.3890202|-111.0243542
12 O'clock High|Location is: Backstreet Club|4|12:00:00|13:00:00|567 West 2600 South, Bountiful, AZ 84010|32.3890202|-111.0243542
12 O'clock High|Location is: Backstreet Club|5|12:00:00|13:00:00|567 West 2600 South, Bountiful, AZ 84010|32.3890202|-111.0243542
12 O'clock High|Location is: Backstreet Club|6|12:00:00|13:00:00|567 West 2600 South, Bountiful, AZ 84010|32.3890202|-111.0243542
SOUTH DAVIS|Location is: CHURCH|5|19:00:00|20:00:00|150 N 400 E, BOUNTIFUL, AZ 84010|32.3890046|-111.02435430000003
BOUNTIFUL COMMUNITY GROUP|Location is: CHURCH|3|19:00:00|20:00:00|150 N 400 E, BOUNTIFUL, AZ 84010|32.3890046|-111.02435430000003
SERENITY VIEW|Location is: CHURCH|4|19:00:00|20:00:00|150 N 400 E, BOUNTIFUL, AZ 84010|32.3890046|-111.02435430000003
South davis Group|Location is: Church|5|19:00:00|20:00:00|150 North 400 East, Bountiful, AZ 84010|32.3890046|-111.02435430000003
Bountiful Community Group|Location is: Church|3|19:00:00|20:00:00|150 North 400 East, Bountiful, AZ 84010|32.3890046|-111.02435430000003
Serenity View|Location is: Church|4|19:00:00|20:00:00|150 North 400 East, Bountiful, AZ 84010|32.3890046|-111.02435430000003
A Step Beyond|Location is: A Step Beyond|5|14:30:00|15:30:00|1500 Ford St.(Ch), Golden, AZ 84014|33.5650804|-112.0912831
Daily Reprieve|Location is: Daily Reprieve|3|14:00:00|15:00:00|1500 Ford St. (Ch), Golden, AZ 84014|33.5650804|-112.0912831
Daily Reprieve|Location is: Daily Reprieve|6|14:00:00|15:00:00|1500 Ford St. (Ch), Golden, AZ 84014|33.5650804|-112.0912831
Daily Reprieve|Location is: Daily Reprieve|2|14:00:00|15:00:00|1500 Ford St. (Ch), Golden, AZ 84014|33.5650804|-112.0912831
HAY UNO SOLUCION|Location is: HAY UNO SOLUCION|3|19:30:00|20:30:00|814 7TH STREET, DELANO, AZ 93215|33.4240567|-111.95662440000001
HAY UNO SOLUCION|Location is: HAY UNO SOLUCION|4|19:00:00|20:00:00|814 7TH STREET, DELANO, AZ 93215|33.4240567|-111.95662440000001
HAY UNO SOLUCION|Location is: HAY UNO SOLUCION|5|19:00:00|20:00:00|814 7TH STREET, DELANO, AZ 93215|33.4240567|-111.95662440000001
HAY UNO SOLUCION|Location is: HAY UNO SOLUCION|1|19:30:00|20:30:00|814 7TH STREET, DELANO, AZ 93215|33.4240567|-111.95662440000001
IN THE SOLUTION|Location is: BAPTIST CHURCH|3|19:00:00|20:00:00|1232 NORTH HILL FIELD RD, LAYTON, AZ 84041|33.3068094|-111.75883570000002
In the Solution|Location is: 1st Baptist Church|3|19:00:00|20:00:00|1332 North Hill Field Road, Layton, AZ 84041|33.3068117|-111.75837439999998
Our Primary Purpose|Location is: 1st Baptist Church|2|19:00:00|20:00:00|1332 North Hill Field Road, Layton, AZ 84041|33.3068117|-111.75837439999998
Primary Purpose|Location is: 1st Baptist Church|2|19:00:00|20:00:00|1332 North Hill Field Road, Layton, AZ 84041|33.3068117|-111.75837439999998
Serenity Happy Hour|Location is: Davis Behavioral Campus|1|10:00:00|11:00:00|2250 North 1700 West, Layton, AZ 84041|32.8235164|-109.84059350000001
Start Your Day Right|Location is: Veterans Memorial Bldg |4|09:00:00|10:00:00|112 W Cabrillo Blvd, Santa Barbara, AZ 93101|33.6851981|-112.34846540000001
Beyond the Horizon|Location is: Baptist Church|3|19:00:00|20:00:00|5700 South 2050 West, Roy, AZ 84067|33.7466345|-112.1034416
Monday Night Help Group|Location is: Baptist Church|2|20:00:00|21:00:00|5700 South 2050 West, Roy, AZ 84067|33.7466345|-112.1034416
12&12 Study Group|Location is: Baptist Church|5|20:00:00|21:00:00|5700 South 2050 West, Roy, AZ 84067|33.7466345|-112.1034416
Sober Today|Location is: Sober Today|4|19:00:00|20:00:00|4601 S 300 W, Ogden, AZ 84405|33.4258391|-111.73966740000003
Retreat House Group|Location is: Retreat House Group|4|18:30:00|19:30:00|1794 Lake Street, Ogden, AZ 84401|33.405429|-111.7404272
Take It To The Mountain|Location is: Retreat House Group|2|18:30:00|19:30:00|1794 Lake Street, Ogden, AZ 84401|33.405429|-111.7404272
Ladies of the Mountain|Location is: Retreat House Group|1|19:00:00|20:00:00|1794 Lake Street, Ogden, AZ 84401|33.405429|-111.7404272
Retreat House Group|Location is: Retreat House Group|3|19:00:00|20:00:00|1794 Lake Street, Ogden, AZ 84401|33.405429|-111.7404272
Retreat House Group|Location is: Retreat House Group|7|19:00:00|20:00:00|1794 Lake Street, Ogden, AZ 84401|33.405429|-111.7404272
Monday Speakers Meeting|Location is: Retreat House Group|2|19:30:00|20:30:00|1794 Lake Street, Ogden, AZ 84401|33.405429|-111.7404272
