UNITED WAY BUILDING|Location is: PHOENIX GRAPEVINE|1|08:00:00|09:00:00|405 N MAIN STREET, JANESVILLE, IA 56048|42.646054|-92.46265690000001
Waterville|Location is: Evangelical Methodist Church|2|20:00:00|21:00:00|319 Main St, waterville, IA 56096|43.2155984|-91.29636370000003
THURSDAY MORNING|Location is: Nat`l. Gallery East Bldg.|5|08:45:00|09:45:00|4th St, Northwest, IA 55021|43.2645958|-91.4683455
South Lake Women's|Location is: Minneola Alliance Church|5|19:30:00|20:30:00|409 Main St, Minneola, IA 55983|41.1431938|-95.6955901
St. Peter Fellowship Group|Location is: Trinity Lutheran Church|5|19:00:00|20:00:00|511 S 5th St, St Peter, IA 56082|41.8248313|-95.34436840000001
St. Peter Fellowship Group|Location is: Trinity Lutheran Church|1|14:00:00|15:00:00|511 S 5th St, St Peter, IA 56082|41.8248313|-95.34436840000001
St. Peter Fellowship Group|Location is: Trinity Lutheran Church|1|19:00:00|20:00:00|511 S 5th St, St Peter, IA 56082|41.8248313|-95.34436840000001
1093 COUNTY HWY EAST|Location is: 1093 COUNTY HWY EAST|2|20:00:00|21:00:00|1093 COUNTY HWY EAST, ADAMS, IA 53504|40.9427427|-94.47047559999999
1093 COUNTY HWY EAST|Location is: 1093 COUNTY HWY EAST|6|10:00:00|11:00:00|1093 COUNTY HWY EAST, ADAMS, IA 53504|40.9427427|-94.47047559999999
1093 COUNTY HWY EAST|Location is: 1093 COUNTY HWY EAST|7|20:00:00|21:00:00|1093 COUNTY HWY EAST, ADAMS, IA 53504|40.9427427|-94.47047559999999
1093 COUNTY HWY EAST|Location is: 1093 COUNTY HWY EAST|1|12:00:00|13:00:00|1093 COUNTY HWY EAST, ADAMS, IA 53504|40.9427427|-94.47047559999999
Rayo de Luz|Location is: St. Pauls Episcopal|2|20:00:00|21:00:00|206 N. Park, Fremont, IA 68025|41.4887077|-91.4202889
GROWING IN SOBRIETY|Location is: St. Pauls Episcopal|5|20:00:00|21:00:00|206 N. Park, Fremont, IA 68025|41.4887077|-91.4202889
excelsior springs A.A.|Location is: 208|5|20:00:00|21:00:00|South St, Excelsior Springs, IA 64024|43.385701|-93.86260340000001
excelsior springs A.A.|Location is: 208|2|20:00:00|21:00:00|South St, Excelsior Springs, IA 64024|43.385701|-93.86260340000001
excelsior springs A.A.|Location is: 208|3|20:00:00|21:00:00|South St, Excelsior Springs, IA 64024|43.385701|-93.86260340000001
excelsior springs A.A.|Location is: 208|4|20:00:00|21:00:00|South St, Excelsior Springs, IA 64024|43.385701|-93.86260340000001
excelsior springs A.A.|Location is: 208|6|20:00:00|21:00:00|South St, Excelsior Springs, IA 64024|43.385701|-93.86260340000001
excelsior springs A.A.|Location is: 208|7|20:00:00|21:00:00|South St, Excelsior Springs, IA 64024|43.385701|-93.86260340000001
excelsior springs A.A.|Location is: 208|1|18:00:00|19:00:00|South St, Excelsior Springs, IA 64024|43.385701|-93.86260340000001
GAY GROUP|Location is: Metro. Comm. Ch.|1|18:00:00|19:00:00|474 Ridge St., Northwest, IA 68337|43.0660771|-94.4221609
Thursday Night AA|Location is: St. Joseph's Catholic Church|5|20:00:00|21:00:00|213 S. 6th, Henderson, IA 56044|40.8068943|-91.10729040000001
B.Y.O.Big Book|Location is: Spirit of Joy Church|7|19:00:00|20:00:00|7570 210th Street West, Lakeville, IA 55044|43.3424032|-95.27936849999998
Lakeville AA Group|Location is: Spirit of Joy Christian Church|1|20:00:00|21:00:00|7570 - 210th Street W, Lakeville, IA 55044|43.3424032|-95.27936849999998
Hope AA|Location is: Hope Lutheran Church|5|20:00:00|21:00:00|201 Hope Ave, Jordan, IA 55352|41.581805|-93.8078198
Railroad to Sobriety|Location is: St. John the Baptist Catholic Church|3|19:00:00|20:00:00|313 E 2nd St, Jordan, IA 55352|41.98525|-95.78063759999998
Porch Group|Location is: Christ United Methodist Church|4|20:00:00|21:00:00|4530 A Street, Lincoln, IA 68510|41.6633442|-93.0001201
Sober Today|Location is: Eisely Library|1|18:30:00|19:30:00|1530 Superior Street, lincoln, IA 68521|43.385701|-93.86260340000001
early birds 2|Location is: room 2 A|2|08:15:00|09:15:00|2816 s street, Lincoln, IA 68516|41.6725343|-93.0084329
The noon mtng|Location is: The meeting place|2|12:00:00|13:00:00|28th and S st., lincoln, IA 68503|43.4148366|-95.11004500000001
Belmont Group|Location is: Belmont Community Center|3|19:30:00|20:30:00|3335 Norht 12th Street, lincoln, IA 68521|43.1626917|-93.25095549999998
The Fireside Group|Location is: Antlers|7|19:30:00|20:30:00|2501 South St., lincoln, IA 68502|42.260875|-92.68802729999999
Saturday Morning Mens|Location is: Cornhusker Place|7|09:00:00|10:00:00|N 8th St, Lincoln, IA 68501|42.5312916|-94.54017250000004
ca  inside job|Location is: lincoln|3|19:00:00|20:00:00|1301 f st, lincoln, IA 68508|42.2540215|-92.66992870000001
7436 University Ave.|Location is: 7436 University Ave.|1|19:00:00|20:00:00|7436 University Ave., MADISON, IA 53562|41.7148077|-91.60646659999998
Morning Hope|Location is: Cornhusker Place Detox|1|09:00:00|10:00:00|721 K Street, Lincoln, IA 68508|42.0686977|-94.8786364
Steps We Take|Location is: Calvary United Methodist Church|4|07:30:00|08:30:00|1610 S 11th , lincoln, IA 68502|42.5357715|-94.53531029999999
Steps We Take|Location is: Calvary United Methodist Church|4|19:30:00|20:30:00|1610 S 11th , lincoln, IA 68502|42.5357715|-94.53531029999999
ZION UNITED CHURCH OF CHRIST|Location is: ZION UNITED CHURCH OF CHRIST|4|10:30:00|11:30:00|725 MAIN ST, , MO  USA, IA 65233|40.398166|-91.385264
6205 University Ave.|Location is: 6205 University Ave.|3|19:00:00|20:00:00|6205 University Ave., MADISON, IA 53705|41.7148077|-91.60646659999998
ST JOHNS LUTHERAN CHURCH|Location is: ST JOHNS LUTHERAN CHURCH|3|19:00:00|20:00:00|312 S 3RD STREET, EVANSVILLE, IA 53536|42.4672131|-92.21979490000001
Midvale Slackers Group|Location is: Midvale Slackers Group|7|09:00:00|10:00:00|401 Blackhawk Ave., MADISON, IA 53705|40.6334204|-91.2918181
600 Highland Ave,|Location is: 600 Highland Ave,|3|17:30:00|18:30:00|600 Highland Ave,, MADISON, IA 53705|41.3500447|-92.73249659999999
Spiritual Growth Group|Location is: East-side Alano Club|7|15:00:00|16:00:00|1521 N Prospect Ave, madison, IA 53202|42.6040643|-91.6418122
Unity AA Group|Location is: Trinity Lutheran Church|1|17:00:00|18:00:00|816 E. Clark St., Vermillion, IA 57069|40.72111|-92.86578229999998
Unity AA Group|Location is: Trinity Lutheran Church|3|19:30:00|20:30:00|816 E. Clark St., Vermillion, IA 57069|40.72111|-92.86578229999998
Unity AA Group|Location is: Trinity Lutheran Church|7|20:00:00|21:00:00|816 E. Clark St., Vermillion, IA 57069|40.72111|-92.86578229999998
1609 University Ave.|Location is: 1609 University Ave.|5|20:00:00|21:00:00|1609 University Ave., MADISON, IA 53726|41.7148077|-91.60646659999998
Alive Again|Location is: Independence|7|18:30:00|19:30:00|919 s Delaware, independence, IA 64050|41.58707649999999|-93.52614500000004
Alive Again|Location is: Independence|2|18:30:00|19:30:00|919 s Delaware, independence, IA 64050|41.58707649999999|-93.52614500000004
Alive Again|Location is: Independence|3|18:30:00|19:30:00|919 s Delaware, independence, IA 64050|41.58707649999999|-93.52614500000004
Alive Again|Location is: Independence|4|18:30:00|19:30:00|919 s Delaware, independence, IA 64050|41.58707649999999|-93.52614500000004
Alive Again|Location is: Independence|5|18:30:00|19:30:00|919 s Delaware, independence, IA 64050|41.58707649999999|-93.52614500000004
Alive Again|Location is: Independence|6|18:30:00|19:30:00|919 s Delaware, independence, IA 64050|41.58707649999999|-93.52614500000004
Alive Again|Location is: Independence|1|18:30:00|19:30:00|919 s Delaware, independence, IA 64050|41.58707649999999|-93.52614500000004
1001 University Ave.|Location is: 1001 University Ave.|3|12:00:00|13:00:00|1001 University Ave., MADISON, IA 53706|41.6540586|-91.53779279999998
1001 University Ave.|Location is: 1001 University Ave.|2|12:00:00|13:00:00|1001 University Ave., MADISON, IA 53706|41.6540586|-91.53779279999998
1001 University Ave.|Location is: 1001 University Ave.|4|12:00:00|13:00:00|1001 University Ave., MADISON, IA 53706|41.6540586|-91.53779279999998
1001 University Ave.|Location is: 1001 University Ave.|5|12:00:00|13:00:00|1001 University Ave., MADISON, IA 53706|41.6540586|-91.53779279999998
1001 University Ave.|Location is: 1001 University Ave.|6|12:00:00|13:00:00|1001 University Ave., MADISON, IA 53706|41.6540586|-91.53779279999998
1001 University Ave. 2|Location is: 1001 University Ave.|5|20:00:00|21:00:00|1001 University Ave., MADISON, IA 53706|41.6540586|-91.53779279999998
Came To Believe|Location is: Unity South Church|1|19:00:00|20:00:00|7950 1st Ave S, Bloomington, IA 55420|41.441118|-91.03462919999998
Sunrise Sober @ Seven|Location is: First Christian Church|2|07:00:00|08:00:00|101 N. 10th St., columbia, IA 65201|41.160612|-92.62645199999997
Midvale Step Group|Location is: Midvale Step Group|7|09:00:00|10:00:00|511 N. Carroll St., MADISON, IA 53703|41.9121411|-95.06124119999998
Downtown Group 6|Location is: Midvale Step Group|1|11:00:00|12:00:00|511 N. Carroll St., MADISON, IA 53703|41.9121411|-95.06124119999998
Downtown Group 4|Location is: Midvale Step Group|7|14:00:00|15:00:00|511 N. Carroll St., MADISON, IA 53703|41.9121411|-95.06124119999998
Downtown Group|Location is: Midvale Step Group|3|17:30:00|18:30:00|511 N. Carroll St., MADISON, IA 53703|41.9121411|-95.06124119999998
Downtown Group|Location is: Midvale Step Group|4|17:30:00|18:30:00|511 N. Carroll St., MADISON, IA 53703|41.9121411|-95.06124119999998
Downtown Group|Location is: Midvale Step Group|6|17:30:00|18:30:00|511 N. Carroll St., MADISON, IA 53703|41.9121411|-95.06124119999998
Downtown Group|Location is: Midvale Step Group|5|17:30:00|18:30:00|511 N. Carroll St., MADISON, IA 53703|41.9121411|-95.06124119999998
Downtown Group|Location is: Midvale Step Group|2|17:30:00|18:30:00|511 N. Carroll St., MADISON, IA 53703|41.9121411|-95.06124119999998
Downtown Group|Location is: Midvale Step Group|1|17:30:00|18:30:00|511 N. Carroll St., MADISON, IA 53703|41.9121411|-95.06124119999998
Women in Sobriety Group|Location is: Midvale Step Group|5|17:30:00|18:30:00|511 N. Carroll St., MADISON, IA 53703|41.9121411|-95.06124119999998
Downtown Group 3|Location is: Midvale Step Group|6|19:30:00|20:30:00|511 N. Carroll St., MADISON, IA 53703|41.9121411|-95.06124119999998
Downtown Group 2|Location is: Midvale Step Group|3|20:00:00|21:00:00|511 N. Carroll St., MADISON, IA 53703|41.9121411|-95.06124119999998
Downtown Group 5|Location is: Midvale Step Group|7|22:00:00|23:00:00|511 N. Carroll St., MADISON, IA 53703|41.9121411|-95.06124119999998
Young People's Group|Location is: Columbia, MO|6|19:00:00|20:00:00|204 S 9th St, columbia, IA 65201|41.1563446|-92.62815039999998
Young People's Group|Location is: Columbia, MO|5|19:30:00|20:30:00|204 S 9th St, columbia, IA 65201|41.1563446|-92.62815039999998
116 W. Washington Ave.|Location is: 116 W. Washington Ave.|2|12:00:00|13:00:00|116 W. Washington Ave., MADISON, IA 53703|41.2964766|-91.69203419999997
116 W. Washington Ave.|Location is: 116 W. Washington Ave.|3|12:00:00|13:00:00|116 W. Washington Ave., MADISON, IA 53703|41.2964766|-91.69203419999997
116 W. Washington Ave.|Location is: 116 W. Washington Ave.|4|12:00:00|13:00:00|116 W. Washington Ave., MADISON, IA 53703|41.2964766|-91.69203419999997
116 W. Washington Ave.|Location is: 116 W. Washington Ave.|5|12:00:00|13:00:00|116 W. Washington Ave., MADISON, IA 53703|41.2964766|-91.69203419999997
116 W. Washington Ave.|Location is: 116 W. Washington Ave.|6|12:00:00|13:00:00|116 W. Washington Ave., MADISON, IA 53703|41.2964766|-91.69203419999997
Capital Steps Group|Location is: 116 W. Washington Ave.|7|18:00:00|19:00:00|116 W. Washington Ave., MADISON, IA 53703|41.2964766|-91.69203419999997
Hope Haven 4|Location is: Hope Haven 4|2|17:30:00|18:30:00|25 W. Johnson St., MADISON, IA 53703|41.6609691|-91.53770529999997
Wild Bunch|Location is: Schuyler Ne|4|20:00:00|21:00:00|1020 A St, Schuyler, IA 68661|40.9983499|-92.42591099999999
OUT OF THE ASHES|Location is: PHOENIX HOUSE|2|20:00:00|21:00:00|607 S 5TH STREET, COLUMBIA, IA 65201|41.15552599999999|-92.63305969999999
OUT OF THE ASHES|Location is: PHOENIX HOUSE|6|20:00:00|21:00:00|607 S 5TH STREET, COLUMBIA, IA 65201|41.15552599999999|-92.63305969999999
2914 Industrial Dr.|Location is: 2914 Industrial Dr.|2|20:00:00|21:00:00|2914 Industrial Dr., MADISON, IA 53713|43.2400479|-93.6343109
2914 Industrial Dr.|Location is: 2914 Industrial Dr.|3|20:00:00|21:00:00|2914 Industrial Dr., MADISON, IA 53713|43.2400479|-93.6343109
2914 Industrial Dr.|Location is: 2914 Industrial Dr.|4|20:00:00|21:00:00|2914 Industrial Dr., MADISON, IA 53713|43.2400479|-93.6343109
2914 Industrial Dr.|Location is: 2914 Industrial Dr.|5|20:00:00|21:00:00|2914 Industrial Dr., MADISON, IA 53713|43.2400479|-93.6343109
2914 Industrial Dr.|Location is: 2914 Industrial Dr.|7|20:00:00|21:00:00|2914 Industrial Dr., MADISON, IA 53713|43.2400479|-93.6343109
2914 Industrial Dr.|Location is: 2914 Industrial Dr.|1|20:00:00|21:00:00|2914 Industrial Dr., MADISON, IA 53713|43.2400479|-93.6343109
2914 Industrial Dr.|Location is: 2914 Industrial Dr.|6|20:00:00|21:00:00|2914 Industrial Dr., MADISON, IA 53713|43.2400479|-93.6343109
Outreach|Location is: Outreach|7|18:00:00|19:00:00|600 Williamson St., MADISON, IA 53703|41.3607391|-93.7940544
Valley View Group|Location is: St. Patrick's Church Annex-(Park in NE Corner)|2|19:30:00|20:30:00|6779 Valley View Rd, Edina, IA 55439|42.5042915|-90.68264469999997
Foxhall Recovery Group|Location is: Foxhall Recovery Group|2|19:00:00|20:00:00|1904 Winnebago St., MADISON, IA 53704|43.3692939|-93.768328
Thursday Meeting|Location is: Thursday Meeting|5|20:00:00|21:00:00|711 Hall Street, Stewart, IA 55385|40.7166856|-92.86775969999997
Shorewood Open AA|Location is: Our Savior Lutheran Church, Youth Rm|2|19:30:00|20:30:00|23290 Highway 7, Excelsior, IA 55331|43.4304845|-95.32376740000001
6033 Monona Dr.|Location is: 6033 Monona Dr.|2|14:00:00|15:00:00|6033 Monona Dr., MADISON, IA 53716|41.8329724|-95.86730060000002
Experience Strength and Hope Group|Location is: Experience Strength and Hope Group|4|19:00:00|20:00:00|4200 Buckeye Rd., MADISON, IA 53716|41.4982193|-94.12659359999998
Excelsior Thursday Night Group|Location is: Congregational Church|5|19:30:00|20:30:00|471 3rd St, Excelsior, IA 55331|43.4572341|-95.31824610000001
Excelsior Wednesday Night Group|Location is: Congregational Church|4|19:30:00|20:30:00|471 3rd St, Excelsior, IA 55331|43.4572341|-95.31824610000001
By Grace Group|Location is: St John's Lutheran Church|4|12:00:00|13:00:00|2451 Fairview Ln, Mound, IA 55364|43.1142305|-91.19893439999998
tues night madison school|Location is: sebastian school|3|20:00:00|21:00:00|pleasant street, madison, IA 53718|41.2365903|-95.1358371
ST PETERS LUTHERAN CHURCH|Location is: BLACKHAWK|2|20:00:00|21:00:00|1422 CENTER AVE, JANESVILLE, IA 53546|41.0070735|-92.3788619
ST PETERS LUTHERAN CHURCH|Location is: BLACKHAWK|6|20:00:00|21:00:00|1422 CENTER AVE, JANESVILLE, IA 53546|41.0070735|-92.3788619
FIRST PRESBYTERIAN CHURCH|Location is: FIRST PRESBYTERIAN CHURCH|6|20:00:00|21:00:00|17 N JACKSON, JANESVILLE, IA 53548|42.6460938|-92.46344669999996
UNITY GROUP|Location is: UNITEY GROUP|2|19:00:00|20:00:00|734 RAILROAD STREET, JANESVILLE, IA 53545|42.7073457|-92.59057389999998
UNITY GROUP 2|Location is: UNITEY GROUP|4|12:00:00|13:00:00|734 RAILROAD STREET, JANESVILLE, IA 53545|42.7073457|-92.59057389999998
UNITY GROUP 3|Location is: UNITEY GROUP|5|18:30:00|19:30:00|734 RAILROAD STREET, JANESVILLE, IA 53545|42.7073457|-92.59057389999998
UNITY GROUP 2|Location is: UNITEY GROUP|6|12:00:00|13:00:00|734 RAILROAD STREET, JANESVILLE, IA 53545|42.7073457|-92.59057389999998
UNITY GROUP 4|Location is: UNITEY GROUP|1|09:30:00|10:30:00|734 RAILROAD STREET, JANESVILLE, IA 53545|42.7073457|-92.59057389999998
UNITY GROUP 5|Location is: UNITEY GROUP|1|18:00:00|19:00:00|734 RAILROAD STREET, JANESVILLE, IA 53545|42.7073457|-92.59057389999998
Downtown AA Groups|Location is: Peace Lutheran Church|4|20:00:00|21:00:00|400 Franklin St SW, Hutchinson, IA 55350|42.0351974|-93.68019049999998
PLYMOUTH BIG BOOK|Location is: PLYMOUTH CREEK CENTER|1|09:00:00|10:00:00|14800 34TH AVE N, PLYMOUTH, IA 55447|42.528687|-96.39795900000001
THE NOONER|Location is: KRUEGER MEDICAL BUILDING|3|12:00:00|13:00:00|206 JEFFERSON, FULTON, IA 65251|41.2337229|-92.7552349
A New Freedom|Location is: Beautiful Savior Lutheran Church|1|19:30:00|20:30:00|5005 Northwest Blvd, Plymouth, IA 55442|41.1651294|-92.5783715
How It Works AA|Location is: Beautiful Savior Lutheran Church|3|19:45:00|20:45:00|5005 Northwest Boulevard, Plymouth, IA 55442|41.1651294|-92.5783715
TRINITY LUTHERAN CHURCH|Location is: TRINITY LUTHERAN CHURCH|4|19:00:00|20:00:00|116 S GRANT STREET, ADAMS, IA 53910|41.141214|-94.98354219999999
DEERFIELD LUTHERAN CHURCH|Location is: DEERFIELD LUTHERAN CHURCH|6|20:00:00|21:00:00|206 S MAIN STREET, DEERFIELD, IA 53531|43.06537669999999|-92.51549009999997
PRESBYTERIAN CHURCH|Location is: PRESBYTERIAN CHURCH|5|19:30:00|20:30:00|313 E MAIN STREET, CAMBRIDGE, IA 53523|41.8992316|-93.5304271
Prairie AA|Location is: Good Shepherd Lutheran Church|3|20:00:00|21:00:00|1600 E College Dr, marshall, IA 56258|41.999668|-92.90874389999999
New Way Of Life AA|Location is: Good Shepherd Lutheran Church|2|19:00:00|20:00:00|1600 E College Dr, marshall, IA 56258|41.999668|-92.90874389999999
Elm Creek AA|Location is: Advent Lutheran Church|5|19:00:00|20:00:00|9475 Jefferson Hwy, Maple Grove, IA 55445|43.385701|-93.86260340000001
North Road AA|Location is: St. Mark's Lutheran Church|7|10:30:00|11:30:00|1 North Rd, Circle Pines, IA 55014|42.0665393|-91.65241100000003
Hanover Monday Night AA Group|Location is: St. Paul's Lutheran Church|2|18:30:00|19:30:00|11024 Church St NE, Hanover, IA 55341|43.3696961|-91.52486369999997
LINCOLN COUNTY MEDICAL CENTER|Location is: LINCOLN COUNTY MEDICAL CENTER|7|19:30:00|20:30:00|1000 E CHERRY, TROY, IA 63379|42.2900909|-91.68275649999998
Monday Step Tradition and Concepts|Location is: Zion Lutheran Church|2|19:30:00|20:30:00|1200 Hwy 25 S, Buffalo, IA 55313|41.4642533|-90.68192369999997
Buffalo Men's & Women's AA Groups|Location is: Buffalo Library|4|19:30:00|20:30:00|18 NW Lake Blvd, Buffalo, IA 55313|41.53920249999999|-90.68352700000003
Tuesday Nite Group|Location is: St Francis Catholic Church|3|19:30:00|20:30:00|9 NW 3rd St, Buffalo, IA 55313|41.4574047|-90.72233600000004
Saturday Sobriety|Location is: Buffalo Evangelical Free Church|7|19:30:00|20:30:00|2051 50th St NE, Buffalo, IA 55313|43.38564299999999|-93.87222199999997
Joy of Living|Location is: Buffalo Evangelical Free Church|3|19:30:00|20:30:00|2051 50th St NE, Buffalo, IA 55313|43.38564299999999|-93.87222199999997
Buffalo Thursday Big Book|Location is: Buffalo Evangelical Free Church|5|19:30:00|20:30:00|2051 50th St NE, Buffalo, IA 55313|43.38564299999999|-93.87222199999997
Andover Alano Squad 10|Location is: Old St Patrick' Church|4|19:00:00|20:00:00|3556 181 Ave NW, Andover, IA 55304|41.9878224|-91.60803959999998
The Way Out Group|Location is: Handke Building Room 212|4|19:00:00|20:00:00|1170 Main Street, elk river, IA 55330|41.9791562|-90.24987579999998
Ebony AA Group|Location is: Ebony AA Group|4|20:00:00|21:00:00|1100 SE Washington, Topeka, IA 66607|41.5980803|-95.61224490000001
Tuesday Monticello Group|Location is: Central MN Health Ctr|3|19:00:00|20:00:00|407 Washington St, Monticello, IA 55362|42.2359514|-91.18491140000003
Squad 6|Location is: Monticello Alano Groups|1|19:00:00|20:00:00|2025 W River St, Monticello, IA 55362|42.2545655|-91.1795052
Squad 5|Location is: Monticello Alano Groups|4|20:00:00|21:00:00|2025 W River St, Monticello, IA 55362|42.2545655|-91.1795052
Squad 7|Location is: Monticello Alano Groups|2|19:00:00|20:00:00|2025 W River St, Monticello, IA 55362|42.2545655|-91.1795052
Discovering AA Squad 1|Location is: Monticello Alano Groups|4|18:30:00|19:30:00|2025 W River St, Monticello, IA 55362|42.2545655|-91.1795052
Big Book Study|Location is: Monticello Alano Groups|5|18:30:00|19:30:00|2025 W River St, Monticello, IA 55362|42.2545655|-91.1795052
Friday Night Squad 2|Location is: Monticello Alano Groups|6|20:00:00|21:00:00|2025 W River St, Monticello, IA 55362|42.2545655|-91.1795052
Squad 8|Location is: Monticello Alano Groups|3|19:00:00|20:00:00|2025 W River St, Monticello, IA 55362|42.2545655|-91.1795052
Squad 4|Location is: Monticello Alano Groups|4|10:00:00|11:00:00|2025 W River St, Monticello, IA 55362|42.2545655|-91.1795052
Firehouse Group|Location is: St Charles City Hall|4|20:00:00|21:00:00| 2 E Main Street, St Charles, IA 41926|41.2884119|-93.80577840000001
Thursday Night Men's|Location is: St Charles City Hall|5|19:00:00|20:00:00| 2 E Main Street, St Charles, IA 41926|41.2884119|-93.80577840000001
ONE DAY AT A TIME|Location is: 651 10th St.|5|20:00:00|21:00:00|651 10th St., Northeast, IA 56265|43.160721|-93.18886700000002
110 A HIGH ST|Location is: 110 A HIGH ST|5|20:00:00|21:00:00|110 A HIGH ST, , MO  USA, IA 63090|40.3948769|-91.37728270000002
WOMEN|Location is: Club|5|19:30:00|20:30:00|928 5th St. N.w., Northwest, IA 63301|42.7341965|-92.4767678
FRIEDENS UNITED CHURCH CHRIST|Location is: FRIEDENS UNITED CHURCH CHRIST|5|18:00:00|19:00:00|1703 HWY 94 S, ST CHARLES, IA 63303|43.0643946|-92.68146960000001
ST FRANCIS BORGIA PARISH CENTER|Location is: ST FRANCIS BORGIA PARISH CENTER|1|18:00:00|19:00:00|2ND AND CEDAR, WASHINGTON, IA 63090|41.673933|-91.158886
ST FRANCIS BORGIA PARISH CENTER|Location is: ST FRANCIS BORGIA PARISH CENTER|3|19:00:00|20:00:00|2ND AND CEDAR, WASHINGTON, IA 63090|41.673933|-91.158886
WELCOME HALL 4|Location is: WELCOME HALL|1|10:30:00|11:30:00|501 S 5TH ST, ST CHARLES, IA 63301|43.0599702|-92.67806239999999
Monday Night Newcomer&#39;s Big Book Study|Location is: WELCOME HALL|2|19:30:00|20:30:00|501 S 5TH ST, ST CHARLES, IA 63301|43.0599702|-92.67806239999999
WELCOME HALL 2|Location is: WELCOME HALL|3|10:00:00|11:00:00|501 S 5TH ST, ST CHARLES, IA 63301|43.0599702|-92.67806239999999
WELCOME HALL 3|Location is: WELCOME HALL|3|20:00:00|21:00:00|501 S 5TH ST, ST CHARLES, IA 63301|43.0599702|-92.67806239999999
WELCOME HALL 3|Location is: WELCOME HALL|6|20:00:00|21:00:00|501 S 5TH ST, ST CHARLES, IA 63301|43.0599702|-92.67806239999999
That Saint Charles Young Peoples Meeting|Location is: Welcome Hall|5|19:00:00|20:00:00|501 S 5th Street, St. Charles, IA 63301|43.0599702|-92.67806239999999
FEDERATED CHURCH|Location is: FEDERATED CHURCH|4|12:00:00|13:00:00|116 S STATE STREET, BERLIN, IA 54923|42.49977620000001|-95.28891920000001
Tuesday Night Big Book|Location is: Princeton Alano|3|18:00:00|19:00:00|1315 N 3rd St, Princeton, IA 55371|41.66709729999999|-90.34260610000001
Monday Night AA|Location is: Princeton Alano|2|19:00:00|20:00:00|1315 N 3rd St, Princeton, IA 55371|41.66709729999999|-90.34260610000001
Thursday Night AA|Location is: Princeton Alano|5|19:00:00|20:00:00|1315 N 3rd St, Princeton, IA 55371|41.66709729999999|-90.34260610000001
Saturday Night AA|Location is: Princeton Alano|7|18:00:00|19:00:00|1315 N 3rd St, Princeton, IA 55371|41.66709729999999|-90.34260610000001
Friday Morning AA|Location is: Princeton Alano|6|10:00:00|11:00:00|1315 N 3rd St, Princeton, IA 55371|41.66709729999999|-90.34260610000001
Saturday Morning AA|Location is: Princeton Alano|7|10:00:00|11:00:00|1315 N 3rd St, Princeton, IA 55371|41.66709729999999|-90.34260610000001
Wednesday AM 12 Steps 12 Traditions|Location is: Princeton Alano|4|10:00:00|11:00:00|1315 3rd Street, Princeton, IA 55371|41.66709729999999|-90.34260610000001
H.O.W. 2|Location is: H.O.W.|5|14:30:00|15:30:00|10005 MAIN ST, CHAPEL HILL, IA 60047|42.5124468|-90.67468070000001
H.O.W.|Location is: H.O.W.|5|14:00:00|15:00:00|10005 MAIN ST, CHAPEL HILL, IA 60047|42.5124468|-90.67468070000001
ST PAULS UCC CHURCH|Location is: ST PAULS UCC CHURCH|1|16:00:00|17:00:00|512 S MAIN, GERALD, IA 63037|41.671278|-91.34158719999999
Banana Bunch|Location is: 115 South Washington|4|12:00:00|13:00:00|115 S Washington Ave, Union, IA 63084|40.8761051|-91.94844820000003
THE MEETING GROUP|Location is: Building |4|19:00:00|20:00:00|305 East Springfield Ave., union, IA 63084|41.8282705|-90.97554630000002
ST MONICAS CHURCH|Location is: ST MONICAS CHURCH|4|19:00:00|20:00:00|12136 OLIVE BLVD, , MO  USA, IA 63141|40.63818029999999|-91.90596470000003
THE WAY OUT|Location is: Church|2|20:30:00|21:30:00|3101 Univ. Blvd. W., Wheaton, IA 63121|42.533955|-92.45838200000003
Monday Night Gratitude|Location is: St Marys Conf Ctr|2|19:30:00|20:30:00| 9145 Grant St, Buffalo Grove, IA 60089|43.385701|-93.86260340000001
CLAYTON LIBRARY|Location is: CLAYTON LIBRARY|4|12:00:00|13:00:00|7821 MARYLAND, CLAYTON, IA 63105|40.6810206|-94.701818
CLAYTON LIBRARY|Location is: CLAYTON LIBRARY|5|12:00:00|13:00:00|7821 MARYLAND, CLAYTON, IA 63105|40.6810206|-94.701818
CLAYTON COMMUNITY CHURCH|Location is: CLAYTON COMMUNITY CHURCH|3|18:30:00|19:30:00|2501 ROCKFORD, ROCK HILL, IA 63144|43.1353896|-92.9918025
KIRKWOOD UNITED METHODIST CHURCH|Location is: KIRKWOOD UNITED METHODIST CHURCH|4|19:00:00|20:00:00|201 W ADAMS, KIRKWOOD, IA 63122|43.48009390000001|-92.830423
KIRKWOOD UNITED METHODIST CHURCH 2|Location is: KIRKWOOD UNITED METHODIST CHURCH|4|20:15:00|21:15:00|201 W ADAMS, KIRKWOOD, IA 63122|43.48009390000001|-92.830423
KIRKWOOD UNITED METHODIST CHURCH 3|Location is: KIRKWOOD UNITED METHODIST CHURCH|6|20:00:00|21:00:00|201 W ADAMS, KIRKWOOD, IA 63122|43.48009390000001|-92.830423
UNITED METHODIST CHURCH|Location is: UNITED METHODIST CHURCH|5|19:00:00|20:00:00|485 S MAIN, ST CLAIR, IA 63077|42.0501969|-95.70106190000001
VIANNEY HIGH SCHOOL GROUNDS|Location is: VIANNEY HIGH SCHOOL GROUNDS|5|18:30:00|19:30:00|1311 S KIRKWOOD ROAD, KIRKWOOD, IA 63122|41.923535|-91.65674000000001
WHITE OAK STEP|Location is: Colesville Presby. Church|5|20:30:00|21:30:00|12800 N.h. Ave., Silver Spring, IA 53007|42.0301061|-91.69667390000001
AA228|Location is: Hines Building 228|5|09:00:00|10:00:00| 5000 S 5th Ave, , IA 60141|42.50127030000001|-94.13710460000004
South Loop Young People's Mtg|Location is: Columbia College|3|18:30:00|19:30:00| 623 S Wabash Ave, Riverside, IA 60546|40.9231193|-95.47727909999998
NEAREAST|Location is: Delaware Baptist Church|5|20:30:00|21:30:00|13th And V Sts., Southeast, IA 60402|43.139246|-93.20084709999998
NEAREAST|Location is: Delaware Baptist Church|7|20:30:00|21:30:00|13th And V Sts., Southeast, IA 60402|43.139246|-93.20084709999998
Why We Were Chosen|Location is: Haymarket|1|10:00:00|11:00:00| 943 W Washington Blvd, Milwaukee, IA 60607|42.6474778|-95.21324390000001
1-2-3 Speaker Mtg|Location is: Haymarket|1|19:00:00|20:00:00| 943 W Washington Blvd, Milwaukee, IA 60607|42.6474778|-95.21324390000001
A Day at a Time|Location is: Grove Club|6|17:30:00|18:30:00|1037 Grove Ave, racine, IA 53405|40.9555866|-91.38846460000002
Big Book|Location is: Milwaukee Group|6|20:30:00|21:30:00|933 E Center St, milwaukee, IA 53212|41.0352255|-92.43207760000001
Beginner's Meeting|Location is: Milwaukee Group|6|19:00:00|20:00:00|933 E Center St, milwaukee, IA 53212|41.0352255|-92.43207760000001
Mitchell Alano Club|Location is: Mitchell|2|12:00:00|13:00:00|424 E. 9th Ave., mitchell, IA 57301|43.2872868|-92.80776019999996
IC Old Town|Location is: Immaculate Conception Sch|3|19:00:00|20:00:00| 1415 N North Park Ave, Chicago, IA 60610|41.60454|-93.5665032
Twelve O'Clock High|Location is: Marmon Building|3|12:05:00|13:05:00| 225 W Washington St, , IA 60603|41.3005729|-91.6989178
Action & Accountability Men's|Location is: DeVry University|4|12:00:00|13:00:00| 225 W Washington St, , IA 60603|41.3005729|-91.6989178
In the Loop Discussion|Location is: Marmon Building|6|12:10:00|13:10:00| 225 W Washington St, , IA 60603|41.3005729|-91.6989178
Sunshine Group|Location is: Hyde Pk Union Ch|1|16:00:00|17:00:00| 5600 S Woodlawn Ave, , IA 60637|42.2638063|-94.73132980000003
Lunch Grp|Location is: Hyde Pk Union Ch|3|12:00:00|13:00:00| 5600 S Woodlawn Ave, , IA 60637|42.2638063|-94.73132980000003
Freedom I|Location is: Hyde Pk Union Ch|3|19:00:00|20:00:00| 5600 S Woodlawn Ave, , IA 60637|42.2638063|-94.73132980000003
Daily Reflection|Location is: Hyde Pk Union Ch|4|12:00:00|13:00:00| 5600 S Woodlawn Ave, , IA 60637|42.2638063|-94.73132980000003
Hyde Park AAAA|Location is: Hyde Pk Union Ch|4|19:00:00|20:00:00| 5600 S Woodlawn Ave, , IA 60637|42.2638063|-94.73132980000003
Blue Gargoyle|Location is: Hyde Pk Union Ch|6|12:00:00|13:00:00| 5600 S Woodlawn Ave, , IA 60637|42.2638063|-94.73132980000003
NBS II 12 & 12|Location is: Provident Hosp|5|19:00:00|20:00:00| 500 E 51st St, , IA 60615|41.576758|-93.77209399999998
Together We'll Make It Candlelight VI|Location is: Provident Hosp|6|19:00:00|20:00:00| 500 E 51st St, , IA 60615|41.576758|-93.77209399999998
HILLSBORO UMC|Location is: HILLSBORO UMC|5|19:00:00|20:00:00|4810 HWY B, HILLSBORO, IA 63050|40.798986|-91.70438719999999
FIRST PRESBYTERIAN CHURCH|Location is: FIRST PRESBYTERIAN CHURCH|7|19:30:00|20:30:00|207 N MILL ST, , MO  USA, IA 63028|40.7403659|-93.7438545
POTOSI SOUTH BAPTIST CHURCH|Location is: POTOSI SOUTH BAPTIST CHURCH|3|19:00:00|20:00:00|HWY 8, POTOSI, IA 63664|42.5558659|-90.70775309999999
POTOSI SOUTH BAPTIST CHURCH|Location is: POTOSI SOUTH BAPTIST CHURCH|7|20:00:00|21:00:00|HWY 8, POTOSI, IA 63664|42.5558659|-90.70775309999999
12 STEP AWARENESS|Location is: 124 15th St.|4|19:30:00|20:30:00|124 15th St., Southeast, IA 46310|43.1372685|-93.1992439
12 STEP AWARENESS|Location is: 124 15th St.|6|19:30:00|20:30:00|124 15th St., Southeast, IA 46310|43.1372685|-93.1992439
Serenity Now|Location is: Cavary Lutheran Chuch|2|00:00:00|01:00:00|1301 So. Ridge Rd., green_bay, IA 54304|41.0051916|-93.7886866
COLONIAL RETIREMENT CENTER|Location is: COLONIAL RETIREMENT CENTER|4|19:00:00|20:00:00|1162 NORTH CEDAR, BISMARK, IA 63624|42.5026854|-92.38334939999999
Daily Reflections Discussion Group|Location is: Daily Reflections Discussion Group|3|14:00:00|15:00:00|480 Park Ln, Murphys, IA 63640|41.5783983|-93.62053279999998
THAT 12 & 12 MEETING|Location is: SI VIEW COMMUNITY SENTER|4|19:00:00|20:00:00|400 SE Orchard Dr, NORTH BEND, IA 65802|41.604435|-93.6231722
Back to Basics|Location is: Hood's United Methodist Church|3|19:30:00|20:30:00|139 N. Walnut, republic, IA 65738|41.3175344|-95.07616080000003
newton group|Location is: newton kansas|4|19:30:00|20:30:00|SW 14th St, Newton, IA 67114|41.7053202|-93.035754
newton group|Location is: newton kansas|2|19:30:00|20:30:00|SW 14th St, Newton, IA 67114|41.7053202|-93.035754
newton group|Location is: newton kansas|3|19:30:00|20:30:00|SW 14th St, Newton, IA 67114|41.7053202|-93.035754
newton group|Location is: newton kansas|5|19:30:00|20:30:00|SW 14th St, Newton, IA 67114|41.7053202|-93.035754
newton group|Location is: newton kansas|6|19:30:00|20:30:00|SW 14th St, Newton, IA 67114|41.7053202|-93.035754
newton group|Location is: newton kansas|7|19:30:00|20:30:00|SW 14th St, Newton, IA 67114|41.7053202|-93.035754
newton group|Location is: newton kansas|1|19:30:00|20:30:00|SW 14th St, Newton, IA 67114|41.7053202|-93.035754
Newton Group|Location is: S.W. 14th|1|07:30:00|08:30:00|SW 14th St, Newton, IA 67114|41.7053202|-93.035754
NON-SMOKING NOON|Location is: Church Of The Epiphany|2|00:00:00|01:00:00|1317 G St., Northwest, IA 74354|41.8035266|-91.9404702
NON-SMOKING NOON|Location is: Church Of The Epiphany|4|00:00:00|01:00:00|1317 G St., Northwest, IA 74354|41.8035266|-91.9404702
NON-SMOKING NOON|Location is: Church Of The Epiphany|6|00:00:00|01:00:00|1317 G St., Northwest, IA 74354|41.8035266|-91.9404702
Grupo Libertad 3|Location is: Grupo Libertad|1|10:00:00|11:00:00|288 W 14th, Holland, IA 49423|42.9900098|-96.06095949999997
Grupo Libertad|Location is: Grupo Libertad|2|19:00:00|20:00:00|288 W 14th, Holland, IA 49423|42.9900098|-96.06095949999997
Grupo Libertad|Location is: Grupo Libertad|4|19:00:00|20:00:00|288 W 14th, Holland, IA 49423|42.9900098|-96.06095949999997
Grupo Libertad|Location is: Grupo Libertad|5|19:00:00|20:00:00|288 W 14th, Holland, IA 49423|42.9900098|-96.06095949999997
Grupo Libertad|Location is: Grupo Libertad|7|19:00:00|20:00:00|288 W 14th, Holland, IA 49423|42.9900098|-96.06095949999997
Grupo Libertad 2|Location is: Grupo Libertad|3|09:00:00|10:00:00|288 W 14th, Holland, IA 49423|42.9900098|-96.06095949999997
Grupo Libertad 2|Location is: Grupo Libertad|5|09:00:00|10:00:00|288 W 14th, Holland, IA 49423|42.9900098|-96.06095949999997
ANDOVER SHARE OUR SOBRIETY (SOS) GROUP|Location is: CONGREGATIONAL CHURCH|4|19:30:00|20:30:00|ROUTE 120, ANDOVER, IA 67002|42.00454269999999|-90.26481849999999
12 & 12|Location is: First Presbyterian Church|2|12:00:00|13:00:00|659 State St, Holland, IA 49423|42.3997327|-92.79434850000001
12 & 12|Location is: First Presbyterian Church|4|12:00:00|13:00:00|659 State St, Holland, IA 49423|42.3997327|-92.79434850000001
12 & 12|Location is: First Presbyterian Church|6|12:00:00|13:00:00|659 State St, Holland, IA 49423|42.3997327|-92.79434850000001
12 & 12|Location is: First Presbyterian Church|7|12:00:00|13:00:00|659 State St, Holland, IA 49423|42.3997327|-92.79434850000001
12 & 12|Location is: First Presbyterian Church|3|12:00:00|13:00:00|659 State St, Holland, IA 49423|42.3997327|-92.79434850000001
12 & 12|Location is: First Presbyterian Church|5|12:00:00|13:00:00|659 State St, Holland, IA 49423|42.3997327|-92.79434850000001
ST. E&#39;s Sobriety Society|Location is: Back of old hospital on Monroe Street.|1|20:00:00|21:00:00|2000 N. Jackson, hutchinson, IA 67502|42.26756169999999|-91.55855539999999
ST. E's Sobriety Society|Location is: Back of old hospital on Monroe Street.|1|11:00:00|12:00:00|2000 N. Jackson, hutchinson, IA 67502|42.26756169999999|-91.55855539999999
ST. E&#39;s Sobriety Society|Location is: Back of old hospital on Monroe Street.|2|20:00:00|21:00:00|2000 N. Jackson, hutchinson, IA 67502|42.26756169999999|-91.55855539999999
ST. E&#39;s Sobriety Society|Location is: Back of old hospital on Monroe Street.|3|20:00:00|21:00:00|2000 N. Jackson, hutchinson, IA 67502|42.26756169999999|-91.55855539999999
ST. E&#39;s Sobriety Society|Location is: Back of old hospital on Monroe Street.|4|20:00:00|21:00:00|2000 N. Jackson, hutchinson, IA 67502|42.26756169999999|-91.55855539999999
ST. E&#39;s Sobriety Society|Location is: Back of old hospital on Monroe Street.|5|20:00:00|21:00:00|2000 N. Jackson, hutchinson, IA 67502|42.26756169999999|-91.55855539999999
ST. E&#39;s Sobriety Society|Location is: Back of old hospital on Monroe Street.|6|20:00:00|21:00:00|2000 N. Jackson, hutchinson, IA 67502|42.26756169999999|-91.55855539999999
ST. E&#39;s Sobriety Society|Location is: Back of old hospital on Monroe Street.|7|20:00:00|21:00:00|2000 N. Jackson, hutchinson, IA 67502|42.26756169999999|-91.55855539999999
Hope Group|Location is: Hope Group|5|20:00:00|21:00:00|901 W Douglas, WICHITA, IA 67213|41.1874638|-94.9770957
Hope Group|Location is: Hope Group|3|20:30:00|21:30:00|901 W Douglas, WICHITA, IA 67213|41.1874638|-94.9770957
INFORMED|Location is: St. Dominic`s Rectory|2|00:00:00|01:00:00|630 E St., Southwest, IA 67213|40.6033033|-95.6528758
LIFESAVER BIG BOOK|Location is: St. Dominic`s|3|00:00:00|01:00:00|630 E St, Southwest, IA 67213|40.6033033|-95.6528758
NEW BEGINNERS|Location is: St. Dominic`s|4|00:00:00|01:00:00|630 E St, Southwest, IA 67213|40.6033033|-95.6528758
OUT TO LUNCH|Location is: St. Dominic`s Rectory|5|00:00:00|01:00:00|630 E St., Southwest, IA 67213|40.6033033|-95.6528758
T.G.I.F.|Location is: St. Dominic`s Rectory|6|00:00:00|01:00:00|630 E St., Southwest, IA 67213|40.6033033|-95.6528758
Spencer Under Construction|Location is: Jesus Our Savior Catholic Church|5|20:00:00|21:00:00|326 N. Main St., Spencer, IA 47460|43.2420842|-95.15706890000001
New Garfield Group|Location is: Brightwater Methodist Church|4|19:30:00|20:30:00|14108 E. Hwy 62, Garfield, IA 72732|40.7394043|-93.01829609999999
New Garfield Group|Location is: Brightwater Methodist Church|6|19:30:00|20:30:00|14108 E. Hwy 62, Garfield, IA 72732|40.7394043|-93.01829609999999
Speaker Meeting|Location is: Community Svc Bldg (Annex)|7|19:30:00|20:30:00|4 W Oak, Fremont, IA 49412|41.901611|-91.24478269999997
Newaygo County|Location is: Community Svc Bldg (Annex)|1|11:00:00|12:00:00|4 W Oak, Fremont, IA 49412|41.901611|-91.24478269999997
Meeting in Fremont|Location is: Fremont Christian Church|7|11:00:00|12:00:00|10 E Elm, Fremont, IA 49412|41.4862184|-91.42568899999998
Meeting in Fremont|Location is: Fremont Christian Church|3|20:00:00|21:00:00|10 E Elm, Fremont, IA 49412|41.4862184|-91.42568899999998
Meeting in Fremont|Location is: Fremont Christian Church|5|20:00:00|21:00:00|10 E Elm, Fremont, IA 49412|41.4862184|-91.42568899999998
Midway Group|Location is: Midway Group|3|10:00:00|11:00:00|Hwy 5 N., Midway, IA 72651|41.4593815|-90.80893609999998
Sowing the Seed|Location is: First Assembly of God Church|2|19:00:00|20:00:00|902 East 7th street, winfield, IA 67156|41.661926|-90.59112909999999
Sowing the Seed|Location is: First Assembly of God Church|4|12:00:00|13:00:00|902 East 7th street, winfield, IA 67156|41.661926|-90.59112909999999
Grant|Location is: Grant Community Bldg|1|19:00:00|20:00:00|105 S Front St, Grant, IA 49327|42.462943|-92.62811210000001
Grant|Location is: Grant Community Bldg|4|19:00:00|20:00:00|105 S Front St, Grant, IA 49327|42.462943|-92.62811210000001
Grupo Esperanza|Location is: Grupo Esperanza|2|19:00:00|20:00:00|4727 South Division Ave, Wyoming, IA 49548|42.0695706|-90.87974539999999
Grupo Esperanza|Location is: Grupo Esperanza|3|19:00:00|20:00:00|4727 South Division Ave, Wyoming, IA 49548|42.0695706|-90.87974539999999
Grupo Esperanza|Location is: Grupo Esperanza|4|19:00:00|20:00:00|4727 South Division Ave, Wyoming, IA 49548|42.0695706|-90.87974539999999
Grupo Esperanza|Location is: Grupo Esperanza|5|19:00:00|20:00:00|4727 South Division Ave, Wyoming, IA 49548|42.0695706|-90.87974539999999
Grupo Esperanza|Location is: Grupo Esperanza|6|19:00:00|20:00:00|4727 South Division Ave, Wyoming, IA 49548|42.0695706|-90.87974539999999
Grupo Esperanza|Location is: Grupo Esperanza|1|12:00:00|13:00:00|4727 South Division Ave, Wyoming, IA 49548|42.0695706|-90.87974539999999
Grupo Esperanza|Location is: Grupo Esperanza|7|12:00:00|13:00:00|4727 South Division Ave, Wyoming, IA 49548|42.0695706|-90.87974539999999
MATT TALBOT|Location is: FIRST METHODIST CHURCH|4|20:00:00|21:00:00|333 N MAIN, SOUTH BEND, IA 67530|41.0380847|-93.7656619
PORTAGE GROUP|Location is: FIRST METHODIST CHURCH|5|20:00:00|21:00:00|333 N MAIN, SOUTH BEND, IA 67530|41.0380847|-93.7656619
Harrison Group|Location is: Harrison Group|3|12:00:00|13:00:00|206 S. Cherry, Harrison, IA 72601|41.6957954|-95.86898450000001
Harrison Group|Location is: Harrison Group|5|12:00:00|13:00:00|206 S. Cherry, Harrison, IA 72601|41.6957954|-95.86898450000001
Harrison Group|Location is: Harrison Group|6|12:00:00|13:00:00|206 S. Cherry, Harrison, IA 72601|41.6957954|-95.86898450000001
Harrison Group 2|Location is: Harrison Group|1|20:00:00|21:00:00|206 S. Cherry, Harrison, IA 72601|41.6957954|-95.86898450000001
Harrison Group 2|Location is: Harrison Group|2|20:00:00|21:00:00|206 S. Cherry, Harrison, IA 72601|41.6957954|-95.86898450000001
Harrison Group 2|Location is: Harrison Group|7|20:00:00|21:00:00|206 S. Cherry, Harrison, IA 72601|41.6957954|-95.86898450000001
Harrison Group 3|Location is: Harrison Group|4|18:00:00|19:00:00|206 S. Cherry, Harrison, IA 72601|41.6957954|-95.86898450000001
Harrison Group|Location is: Harrison Group|2|12:00:00|13:00:00|206 S. Cherry, Harrison, IA 72601|41.6957954|-95.86898450000001
Harrison Group|Location is: Harrison Group|4|12:00:00|13:00:00|206 S. Cherry, Harrison, IA 72601|41.6957954|-95.86898450000001
Harrison Group 2|Location is: Harrison Group|5|20:00:00|21:00:00|206 S. Cherry, Harrison, IA 72601|41.6957954|-95.86898450000001
Harrison Group 2|Location is: Harrison Group|6|20:00:00|21:00:00|206 S. Cherry, Harrison, IA 72601|41.6957954|-95.86898450000001
Harrison Group 4|Location is: Harrison Group|7|09:00:00|10:00:00|206 S. Cherry, Harrison, IA 72601|41.6957954|-95.86898450000001
Harrison Group|Location is: Harrison Group|7|12:00:00|13:00:00|206 S. Cherry, Harrison, IA 72601|41.6957954|-95.86898450000001
Harrison Group|Location is: Harrison Group|1|12:00:00|13:00:00|206 S. Cherry, Harrison, IA 72601|41.6957954|-95.86898450000001
Harrison Group 5|Location is: Harrison Group|1|21:00:00|22:00:00|206 S. Cherry, Harrison, IA 72601|41.6957954|-95.86898450000001
Harrison Group 2|Location is: Harrison Group|3|20:00:00|21:00:00|206 S. Cherry, Harrison, IA 72601|41.6957954|-95.86898450000001
Harrison Group 2|Location is: Harrison Group|4|20:00:00|21:00:00|206 S. Cherry, Harrison, IA 72601|41.6957954|-95.86898450000001
Harrison Group 3|Location is: Harrison Group|3|18:00:00|19:00:00|206 S. Cherry, Harrison, IA 72601|41.6957954|-95.86898450000001
VIOLA SERENITY GROUP|Location is: Old School House|6|13:00:00|14:00:00|Hwy. 108 North, Viola, IA 47522|43.4327033|-95.80117419999999
Maple St Misfits|Location is: United Meth Church|5|19:30:00|20:30:00|159 Maple St, Rockford, IA 49341|42.965979|-92.86918539999999
Rockford Fellowship|Location is: Algoma Estates|4|12:00:00|13:00:00|4456 13 Mile Road, Rockford, IA 49341|43.06006550000001|-92.80092489999998
Kingman AA Group #1|Location is: Upstairs, to the left!|1|20:00:00|21:00:00|115 A Ave E, Kingman, IA 67068|42.1368067|-94.43100900000002
Kingman AA Group #1|Location is: Upstairs, to the left!|6|20:00:00|21:00:00|115 A Ave E, Kingman, IA 67068|42.1368067|-94.43100900000002
Kingman AA Group #1|Location is: Upstairs, to the left!|4|01:00:00|02:00:00|113 A Ave E, Kingman, IA 67068|42.1368067|-94.43100900000002
Conscious Contact|Location is: 1st Methodist Church|3|11:30:00|12:30:00|206 West Johnson Ave, Springdale, IA 72764|41.6609665|-91.3663656
Parnell Meeting|Location is: Parnell Catholic Ch|1|19:30:00|20:30:00|4351 Parnell NE, Parnell, IA 49301|41.5830644|-92.00406620000001
Cedar Springs|Location is: East Nelson Methodist Church|7|10:00:00|11:00:00|9024 18 Mile Road, Cedar Springs, IA 49319|41.7624781|-91.59839769999996
New Beginnings (Hastings)|Location is: Automation Simplified|3|19:00:00|20:00:00|1506 State St., Hastings, IA 49058|41.0216748|-95.4978979
New Beginnings (Hastings)|Location is: Automation Simplified|5|19:00:00|20:00:00|1506 State St., Hastings, IA 49058|41.0216748|-95.4978979
NEW BEGINNINGS|Location is: St. Mark`s Episc. Church|6|18:15:00|19:15:00|118 3rd St., Southeast, IA 58458|43.0845125|-95.62828080000003
Hastings Meeting|Location is: St. Rose of Lima Catholic Church|4|20:00:00|21:00:00|805 S Jefferson, Hastings, IA 49058|41.0243404|-95.49522630000001
Sober Men|Location is: Grace Lutheran Church|1|19:00:00|20:00:00|239 E North Street, Hastings, IA 49058|41.6735729|-93.25552829999998
tuesday night serenity group|Location is: Main st. Nadc building around back|3|19:00:00|20:00:00|main st, melbourne, IA 72556|41.9402064|-93.10305570000003
Joe and Charlie|Location is: Monroe Street Fellowship|3|20:00:00|21:00:00|22 1/2 Monroe St., coldwater, IA 49036|41.9101928|-92.92210410000001
Monroe Street Fellowship|Location is: Behind Shorty's Barbershop|3|12:00:00|13:00:00|22 1/2 Monroe St, coldwater, IA 49036|41.9101928|-92.92210410000001
Monroe Street Fellowship|Location is: Behind Shorty's Barber Shop|1|20:00:00|21:00:00|22 1/2 Monroe St., coldwater, IA 49036|41.9101928|-92.92210410000001
Monroe Street|Location is: Behind Shorty's Barber Shop|2|12:00:00|13:00:00|22 1/2 Monroe St., coldwater, IA 49036|41.9101928|-92.92210410000001
Stanton|Location is: St. Bernadette ofLourdes Church|1|19:00:00|20:00:00|991 E Main St, Stanton, IA 48888|42.5286121|-90.65045150000003
Baldwin Group|Location is: Baldwin Group|3|20:00:00|21:00:00|120 Clark Street, Baldwin, IA 72450|42.0677488|-90.6593871
Baldwin Group|Location is: Baldwin Group|6|20:00:00|21:00:00|120 Clark Street, Baldwin, IA 72450|42.0677488|-90.6593871
Carson City|Location is: Congregational Ch|6|20:00:00|21:00:00|306 E Main St, Carson City, IA 48811|41.193503|-95.42737
Step Up To Sobriety|Location is: Divine Word Seminary|3|19:30:00|20:30:00|101 Park St., Florence, IA 43518|41.90537|-91.92620369999997
ZION UNITED CHURCH OF CHRIST|Location is: ZION UNITED CHURCH OF CHRIST|1|17:30:00|18:30:00|725 MAIN ST, TROY, IA 38260|41.0211298|-92.80708019999997
ZION UNITED CHURCH OF CHRIST|Location is: ZION UNITED CHURCH OF CHRIST|3|19:00:00|20:00:00|725 MAIN ST, TROY, IA 38260|41.0211298|-92.80708019999997
ZION UNITED CHURCH OF CHRIST|Location is: ZION UNITED CHURCH OF CHRIST|6|20:00:00|21:00:00|725 MAIN ST, TROY, IA 38260|41.0211298|-92.80708019999997
WE AGNOSTICS|Location is: G.w.u. Hosp|1|11:00:00|12:00:00|3 South Conf. Rm., Northwest, IA 48911|41.5826705|-93.7162528
Clarksville Group|Location is: Clarksville Group|2|12:00:00|13:00:00|211 Central, Clarksville, IA 72830|42.7317647|-93.64773400000001
Clarksville Group|Location is: Clarksville Group|3|20:00:00|21:00:00|211 Central, Clarksville, IA 72830|42.7317647|-93.64773400000001
Clarksville Group|Location is: Clarksville Group|5|20:00:00|21:00:00|211 Central, Clarksville, IA 72830|42.7317647|-93.64773400000001
Clarksville Group|Location is: Clarksville Group|7|12:00:00|13:00:00|211 Central, Clarksville, IA 72830|42.7317647|-93.64773400000001
Clarksville Group|Location is: Clarksville Group|1|20:00:00|21:00:00|211 Central, Clarksville, IA 72830|42.7317647|-93.64773400000001
ON THE ROAD TO GRACE|Location is: Grace Episciple Church|7|18:30:00|19:30:00|2nd Ave SE, Jamestown, IA 58401|43.3629416|-92.5533365
GAY GROUP|Location is: St. James Ch.parish Hall|1|18:00:00|19:00:00|222 8th St., Northeast, IA 58275|42.4757184|-91.89300739999999
ROOM WITH A VIEW|Location is: St. James Ch.parish Hall|2|18:30:00|19:30:00|222 8th St., Northeast, IA 58275|42.4757184|-91.89300739999999
ROOM WITH A VIEW|Location is: St. James Ch.parish Hall|4|18:30:00|19:30:00|222 8th St., Northeast, IA 58275|42.4757184|-91.89300739999999
GAY GROUP|Location is: St. James Ch.parish Hall|4|20:30:00|21:30:00|222 8th St., Northeast, IA 58275|42.4757184|-91.89300739999999
ROOM WITH A VIEW|Location is: St. James Ch.parish Hall|6|18:30:00|19:30:00|222 8th St., Northeast, IA 58275|42.4757184|-91.89300739999999
Sober Sister|Location is: Presbyterian Church|5|18:30:00|19:30:00|108 S. 10th, Van Buren, IA 72956|40.705805|-91.80197290000001
Serenity Haven|Location is: Serenity Haven|1|19:00:00|20:00:00|25212 US RT. 20, Fayette, IA 43521|42.6565617|-92.08161430000001
FAYETTE Womens|Location is: Serenity Haven|2|13:00:00|14:00:00|25212 US RT. 20, Fayette, IA 43521|42.6565617|-92.08161430000001
FAYETTE Women's|Location is: Serenity Haven|4|13:00:00|14:00:00|25212 US RT. 20, Fayette, IA 43521|42.6565617|-92.08161430000001
Serenity Haven|Location is: Serenity Haven|5|19:00:00|20:00:00|25212 US RT. 20, Fayette, IA 43521|42.6565617|-92.08161430000001
Serenity Haven|Location is: Serenity Haven|6|19:00:00|20:00:00|25212 US RT. 20, Fayette, IA 43521|42.6565617|-92.08161430000001
ROSEDALE SOBRIETY|Location is: Pilrgrim Ame Ch.|2|19:00:00|20:00:00|612 17th St., Northeast, IA 58278|41.9949312|-91.65321219999998
WED NOON UPBEATS|Location is: 1st Presbyterian Church|4|00:00:00|01:00:00|501 Washington St., Defiance, IA 43512|41.8705649|-95.4026101
FRIDAY LIVING SOBER|Location is: Defiance Hospital|6|20:00:00|21:00:00|1206 E. 2nd St., Defiance, IA 43512|41.8290578|-95.34016529999997
Osceola Group|Location is: Calvary Episcopal Church|4|19:30:00|20:30:00|101 N. Ash, Osceola, IA 72370|43.415214|-95.53078299999999
Against All Odds|Location is: upstairs|2|20:00:00|21:00:00|501 1/2 2nd , dodge_city, IA 67801|42.5044899|-94.18029100000001
AM GROUP|Location is: MIDLAND COMMUNITY CENTER|3|10:00:00|11:00:00|2001 GEORGE ST, MIDLAND, IA 48640|43.385701|-93.86260340000001
MIDLAND GROUP|Location is: MIDLAND COMMUNITY CENTER|3|20:00:00|21:00:00|2001 GEORGE ST, MIDLAND, IA 48640|43.385701|-93.86260340000001
WHAT’S THE POINT?|Location is: MIDLAND COMMUNITY CENTER|4|06:30:00|07:30:00|2001 GEORGE ST, MIDLAND, IA 48640|43.385701|-93.86260340000001
AL ANON GROUP|Location is: MIDLAND COMMUNITY CENTER|4|12:00:00|13:00:00|2001 GEORGE ST, MIDLAND, IA 48640|43.385701|-93.86260340000001
SUNRISE GROUP|Location is: MIDLAND COMMUNITY CENTER|6|06:30:00|07:30:00|2001 GEORGE ST, MIDLAND, IA 48640|43.385701|-93.86260340000001
BREAKFAST GROUP|Location is: MIDLAND COMMUNITY CENTER|7|11:00:00|12:00:00|2001 GEORGE ST, MIDLAND, IA 48640|43.385701|-93.86260340000001
CHAPEL LANE GROUP|Location is: CHAPEL LANE PRESBYTERIAN|5|19:00:00|20:00:00|5501 JEFFERSON AVE, MIDLAND, IA 48640|43.4105637|-96.01792390000003
Al-Anon Only|Location is: Chelsea Community Medical Center|6|12:30:00|13:30:00|775 S. Main St., Chelsea, IA 48118|41.9199752|-92.39147659999998
Women's Book Study|Location is: Chelsea Community Medical Center|6|19:00:00|20:00:00|775 S. Main St., Chelsea, IA 48118|41.9199752|-92.39147659999998
2nd Chance Group|Location is: Chelsea Community Medical Center|6|09:00:00|10:00:00|775 S. Main St., Chelsea, IA 48118|41.9199752|-92.39147659999998
Al-Anon|Location is: Chelsea Community Medical Center|2|19:30:00|20:30:00|775 S. Main St., Chelsea, IA 48118|41.9199752|-92.39147659999998
Chelsea Group|Location is: Chelsea Community Medical Center|2|20:30:00|21:30:00|775 S. Main St., Chelsea, IA 48118|41.9199752|-92.39147659999998
Chelsea Group|Location is: Chelsea Community Medical Center|7|19:00:00|20:00:00|775 S. Main St., Chelsea, IA 48118|41.9199752|-92.39147659999998
Chelsea Group|Location is: Chelsea Community Medical Center|1|19:00:00|20:00:00|775 S. Main St., Chelsea, IA 48118|41.9199752|-92.39147659999998
Chelsea Group|Location is: Chelsea Community Medical Center|5|20:00:00|21:00:00|775 S. Main St., Chelsea, IA 48118|41.9199752|-92.39147659999998
Sunshine Group|Location is: Chelsea Community Medical Center|3|09:00:00|10:00:00|775 S. Main St., Chelsea, IA 48118|41.9199752|-92.39147659999998
SUNDAY NIGHT GROUP|Location is: UNITARIAN FELLOWSHIP|1|20:00:00|21:00:00|6220 JEFFERSON, MIDLAND, IA 48640|43.385701|-93.86260340000001
BEGINNERS|Location is: UNITARIAN FELLOWSHIP HALL|2|19:00:00|20:00:00|6220 JEFFERSON AVE, MIDLAND, IA 48640|43.4105637|-96.01792390000003
WED SERENITY GROUP|Location is: UNITARIAN FELLOWSHIP HALL|4|20:00:00|21:00:00|6220 JEFFERSON ST, MIDLAND, IA 48640|42.0588977|-91.00410920000002
ALTERED STATES GROUP|Location is: ALDERSGATE METHODIST CHURCH|5|20:00:00|21:00:00|2206 AIRFIELD, MIDLAND, IA 48642|43.385701|-93.86260340000001
ANYTHING GOES|Location is: OKOBOJI GRILL|3|17:30:00|18:30:00|1225 COOPER CREEK DRIVE, PLEASANT HILL, IA 38041|41.601564|-93.52346399999999
NORTHEAST NEW HOPE|Location is: Randall Un. Meth Ch.|4|20:30:00|21:30:00|1002 46th St., Northeast, IA 58267|41.7904603|-93.52198420000002
Christ Episcopal Church|Location is: Christ Episcopal Church|3|20:30:00|21:30:00|301 W. North St., Lima, IA 45801|42.8506284|-91.80016890000002
Singleness of Purpose Book Study Group|Location is: Singleness of Purpose|6|19:00:00|20:00:00|222 S West St, Lima, IA 45801|42.848404|-91.8022436
Grace Methodist Church Annex|Location is: Grace Methodist Church Annex|5|17:30:00|18:30:00|713 S. Elizabeth St., , Ohio  USA, IA 45804|41.2132941|-93.84730009999998
Grace Methodist Church Annex 2|Location is: Grace Methodist Church Annex|5|null|N/A|713 S. Elizabeth St., , Ohio  USA, IA 45804|41.2132941|-93.84730009999998
Monroe Meeting|Location is: Firehouse|7|19:00:00|20:00:00|50 South State Street, Monroe, IA 45309|42.9590649|-92.52900199999999
Saturday Morning AA|Location is: St. Paul's Lutheran Church|7|10:30:00|11:30:00|7701 E. M-36, Hamburg, IA 48189|40.6047659|-95.66035679999999
Sunday|Location is: Brighton/Allston Cong. Ch.|1|19:30:00|20:30:00|404 Washington St., Brighton, IA 48116|41.174925|-91.82583149999999
Reflections On Sobriety.|Location is: 1st Presbyterian Church|1|19:00:00|20:00:00|14 Front St, Hamilton, IA 45011|40.639937|-93.81039479999998
franklin st. AA|Location is: in the basement of the new south coffee shop |4|19:00:00|20:00:00|110 franklin st., clarksville, IA 37040|42.7317647|-93.64773400000001
franklin st. |Location is: in the back of the new south coffee shop|1|14:00:00|15:00:00|110 franklin st., clarksville, IA 37040|42.7317647|-93.64773400000001
The Bridge|Location is: conference call|2|15:00:00|16:00:00|218-339-2626 ext 387870 #, butler, IA 45044|42.7538347|-92.79486509999998
WATERVILLE|Location is: Zion Methodist Church|2|20:30:00|21:30:00|22 N. Second St., Waterville, IA 43566|43.2082028|-91.29240040000002
chapte 2 group|Location is: main gen medical dean auditorium #1|6|19:15:00|20:15:00|149 north street, waterville, IA 43566|43.2145733|-91.29649710000001
South Lyon AM|Location is: First Presbyterian Church|4|11:00:00|12:00:00|205 East Lake, South Lyon, IA 48178|42.2997523|-93.64290890000001
Marion Group|Location is: Marion Group|2|20:00:00|21:00:00|98 Cypress Street, Marion, IA 72364|42.0700881|-91.6472675
Marion Group|Location is: Marion Group|4|20:00:00|21:00:00|98 Cypress Street, Marion, IA 72364|42.0700881|-91.6472675
WEDNESDAY NOON|Location is: Church of the Cross|4|00:00:00|01:00:00|1806 Cass Rd., Toledo, IA 43614|41.6460327|-95.61689810000001
NEW NOON SOUTH|Location is: Church of the Cross|5|00:00:00|01:00:00|1806 Cass Rd., Toledo, IA 43614|41.6460327|-95.61689810000001
PRIMARY PURPOSE|Location is: St. Andrew's Episcopal Church|2|20:00:00|21:00:00|2770 W. Central Ave., Toledo, IA 43606|41.9698054|-92.57912119999997
KENWOOD|Location is: St. Andrew's Episcopal Church|3|20:00:00|21:00:00|2770 W. Central Ave., Toledo, IA 43606|41.9698054|-92.57912119999997
OPEN MINDED|Location is: Reformation Lutheran Church|2|12:00:00|13:00:00|4543 Douglas Rd., Toledo, IA 43613|41.7349645|-95.6152667
OPEN MINDED|Location is: Reformation Lutheran Church|3|12:00:00|13:00:00|4543 Douglas Rd., Toledo, IA 43613|41.7349645|-95.6152667
OPEN MINDED|Location is: Reformation Lutheran Church|4|12:00:00|13:00:00|4543 Douglas Rd., Toledo, IA 43613|41.7349645|-95.6152667
OPEN MINDED|Location is: Reformation Lutheran Church|5|12:00:00|13:00:00|4543 Douglas Rd., Toledo, IA 43613|41.7349645|-95.6152667
OPEN MINDED|Location is: Reformation Lutheran Church|6|12:00:00|13:00:00|4543 Douglas Rd., Toledo, IA 43613|41.7349645|-95.6152667
OPEN MINDED|Location is: Reformation Lutheran Church|7|12:00:00|13:00:00|4543 Douglas Rd., Toledo, IA 43613|41.7349645|-95.6152667
SATURDAY NIGHT YOUNG PEOPLE|Location is: Reformation Lutheran Church|7|20:00:00|21:00:00|4543 Douglas Rd., Toledo, IA 43613|41.7349645|-95.6152667
WOMEN'S Step StudyS TO COURAGE|Location is: Faith Lutheran Church|5|20:00:00|21:00:00|2440 South Ave, Toledo, IA 43609|41.9939189|-92.57440099999997
SOBER WOMEN'S BB|Location is: WW Knight Bldg.|4|10:30:00|11:30:00|2051 Central, Bldg B, Toledo, IA 43606|41.9698054|-92.57912119999997
Wayne|Location is: Bethel Lutheran Church|6|20:00:00|21:00:00|1853 South St., Toledo, IA 43609|41.9939189|-92.57440099999997
tuesday nite 12 &12 group|Location is: promises club|3|20:00:00|21:00:00|116 W 9th St, Newport, IA 41071|41.681351|-91.563873
Vision Group|Location is: Vinyard Church basement|1|19:00:00|20:00:00|Linden Ave, Newport, IA 41071|41.657705|-91.49541999999997
SOBER SISTERS EAST|Location is: CHURCH OF CHRIST|5|19:00:00|20:00:00|0419 SE 11th St, BELLVUE, IA 41071|42.5046841|-90.6637905
Reservoir Group|Location is: Second Presbyterian Church|7|17:30:00|18:30:00|600 Pleasant Valley, Little Rock, IA 72227|41.5589519|-90.4508717
Reservoir Group|Location is: Second Presbyterian Church|2|17:30:00|18:30:00|600 Pleasant Valley, Little Rock, IA 72227|41.5589519|-90.4508717
Reservoir Group|Location is: Second Presbyterian Church|6|17:30:00|18:30:00|600 Pleasant Valley, Little Rock, IA 72227|41.5589519|-90.4508717
Reservoir Group|Location is: Second Presbyterian Church|5|17:30:00|18:30:00|600 Pleasant Valley, Little Rock, IA 72227|41.5589519|-90.4508717
Reservoir Group|Location is: Second Presbyterian Church|4|17:30:00|18:30:00|600 Pleasant Valley, Little Rock, IA 72227|41.5589519|-90.4508717
Reservoir Group|Location is: Second Presbyterian Church|1|17:30:00|18:30:00|600 Pleasant Valley, Little Rock, IA 72227|41.5589519|-90.4508717
Reservoir Group|Location is: Second Presbyterian Church|3|17:30:00|18:30:00|600 Pleasant Valley, Little Rock, IA 72227|41.5589519|-90.4508717
Reservoir Group 2|Location is: Second Presbyterian Church|6|19:00:00|20:00:00|600 Pleasant Valley, Little Rock, IA 72227|41.5589519|-90.4508717
Pacific Group|Location is: Second Presbyterian Church|3|19:00:00|20:00:00|600 Pleasant Valley, Little Rock, IA 72227|41.5589519|-90.4508717
Sterling Men Group|Location is: St. James Methodist Church|5|20:00:00|21:00:00|321 Pleasant Valley Drive, Little Rock, IA 72212|41.5589519|-90.4508717
Taproot Women Group|Location is: St. James Methodist Church|4|17:45:00|18:45:00|321 Pleasant Valley Drive, Little Rock, IA 72212|41.5589519|-90.4508717
St. Paul's Community Center|Location is: St. Paul's Community Center|4|19:00:00|20:00:00|230 E. 13th St., Toledo, IA 43604|41.97116|-92.5753636
Vision Group|Location is: Christian Church|1|19:00:00|20:00:00|Linden Ave, Newport, IA 41071|41.657705|-91.49541999999997
Hour Of Power|Location is: Lady /Victory|2|07:30:00|08:30:00|230 S. Main, Centerville, IA 45458|40.7315968|-92.8741872
Our Lady of Victory|Location is: Our Lady of Victory|7|19:30:00|20:30:00|230 S. Main St., Centerville, IA 45458|40.7315968|-92.8741872
OUR LADY OF VICTORY CHURCH 2|Location is: OUR LADY OF VICTORY CHURCH|7|19:30:00|20:30:00|230 S MAIN STREET, CENTERVILLE, IA 45458|40.7315968|-92.8741872
OUR LADY OF VICTORY CHURCH|Location is: OUR LADY OF VICTORY CHURCH|2|07:30:00|08:30:00|230 S MAIN STREET, CENTERVILLE, IA 45458|40.7315968|-92.8741872
OUR LADY OF VICTORY CHURCH|Location is: OUR LADY OF VICTORY CHURCH|3|07:30:00|08:30:00|230 S MAIN STREET, CENTERVILLE, IA 45458|40.7315968|-92.8741872
OUR LADY OF VICTORY CHURCH|Location is: OUR LADY OF VICTORY CHURCH|4|07:30:00|08:30:00|230 S MAIN STREET, CENTERVILLE, IA 45458|40.7315968|-92.8741872
OUR LADY OF VICTORY CHURCH|Location is: OUR LADY OF VICTORY CHURCH|5|07:30:00|08:30:00|230 S MAIN STREET, CENTERVILLE, IA 45458|40.7315968|-92.8741872
OUR LADY OF VICTORY CHURCH|Location is: OUR LADY OF VICTORY CHURCH|6|07:30:00|08:30:00|230 S MAIN STREET, CENTERVILLE, IA 45458|40.7315968|-92.8741872
OUR LADY OF VICTORY CHURCH|Location is: OUR LADY OF VICTORY CHURCH|7|07:30:00|08:30:00|230 S MAIN STREET, CENTERVILLE, IA 45458|40.7315968|-92.8741872
NORTHEND|Location is: Jamie Farr Park Shelter House|4|20:00:00|21:00:00|2140 N. Summit St., Toledo, IA 43611|41.9809382|-92.58172460000003
Serenity on Saturday|Location is: Salvation Army|7|10:00:00|11:00:00|9451 S. Main, Plymouth, IA 48170|43.245491|-93.12192800000003
Big Book Study|Location is: Salvation Army|5|20:00:00|21:00:00|9451 S. Main St., Plymouth, IA 48170|43.245491|-93.12192800000003
Plymouth AM|Location is: First United Presbyterian Church|2|10:00:00|11:00:00|701 Church St., Plymouth, IA 48170|43.2428116|-93.12023909999999
Plymouth AM|Location is: First United Presbyterian Church|5|10:00:00|11:00:00|701 Church St., Plymouth, IA 48170|43.2428116|-93.12023909999999
Plymouth Change to Live|Location is: First United Presbyterian Church|5|20:00:00|21:00:00|701 Church St., Plymouth, IA 48170|43.2428116|-93.12023909999999
Plymouth AM|Location is: First United Presbyterian Church|3|10:00:00|11:00:00|701 Church St., Plymouth, IA 48170|43.2428116|-93.12023909999999
Plymouth AM|Location is: First United Presbyterian Church|4|10:00:00|11:00:00|701 Church St., Plymouth, IA 48170|43.2428116|-93.12023909999999
Wye Mountain Group|Location is: Wye Mountain Group|5|20:00:00|21:00:00|Hwy 113, Little Rock, IA 72117|43.4326199|-95.90998969999998
Downtown Nooners|Location is: Christ Episcopal Church|3|12:10:00|13:10:00|509 Scott Street, Little Rock, IA 72201|41.5589519|-90.4508717
Downtown Nooners|Location is: Christ Episcopal Church|5|12:10:00|13:10:00|509 Scott Street, Little Rock, IA 72201|41.5589519|-90.4508717
Downtown Nooners|Location is: Christ Episcopal Church|2|12:10:00|13:10:00|509 Scott Street, Little Rock, IA 72201|41.5589519|-90.4508717
Above the Clouds|Location is: Town Hall|1|19:00:00|20:00:00|Main St??, MOUNT WASHINGTON, IA 45244|42.6518519|-92.4617728
Big Book Study|Location is: Daniel Sobel Friendship House|1|19:30:00|20:30:00|6892 West Maple Road, west_bloomfield, IA 48322|40.7457508|-92.41637129999998
MONROE WEDNESDAY MEN'S|Location is: Marian Place|4|19:00:00|20:00:00|408 W. Front St., Monroe, IA 48161|42.0975095|-91.71730079999998
A VISION FOR YOU|Location is: St John's Catholic Church|1|19:00:00|20:00:00|521 S. Monroe St., Monroe, IA 48161|41.525617|-93.10178229999997
WOMEN HELPING WOMEN|Location is: Trinity Episcopal Church|2|17:30:00|18:30:00|304 S. Monroe St., Monroe, IA 48161|41.5215295|-93.1017961
CLEAR VIEW|Location is: St. Mary's Catholic High School|5|19:00:00|20:00:00|108 W. Elm Ave., Monroe, IA 48162|42.09576759999999|-91.7453635
MONROE MONDAY MORNING|Location is: Trinity Episcopal Church Hall|2|10:00:00|11:00:00|30 S. Monroe St, Monroe, IA 48161|41.5206917|-93.10174269999999
12 Steps Guidance Group|Location is: Northwest Alano Club|2|23:30:00|00:30:00|2903 S. Wayne Road, wayne, IA 48184|40.7046025|-93.36658499999999
12 Steps Guidance Group|Location is: Northwest Alano Club|1|23:00:00|00:00:00|2903 S. Wayne Road, wayne, IA 48184|40.7046025|-93.36658499999999
12 Steps Guidance Group|Location is: Northwest Alano Club|3|23:30:00|00:30:00|2903 S. Wayne Road, wayne, IA 48184|40.7046025|-93.36658499999999
12 Step Guidance Group |Location is: Northwest Alano Club|3|23:30:00|00:30:00|2903 S. Wayne Road, wayne, IA 48184|40.7046025|-93.36658499999999
MONROE NOON|Location is: Monroe Alano Club|1|00:00:00|01:00:00|148 N Monroe St., Monroe, IA 48162|41.5215295|-93.1017961
KEEP IT SIMPLE|Location is: Monroe Alano Club|2|00:00:00|01:00:00|148 N Monroe St, Monroe, IA 48162|41.5215295|-93.1017961
MONROE MONDAY 6PM|Location is: Monroe Alano Club|2|18:00:00|19:00:00|148 N Monroe St, Monroe, IA 48162|41.5215295|-93.1017961
MONROE NOON|Location is: Monroe Alano Club|3|00:00:00|01:00:00|148 N Monroe St., Monroe, IA 48162|41.5215295|-93.1017961
MONROE NOON|Location is: Monroe Alano Club|4|00:00:00|01:00:00|148 N Monroe St, Monroe, IA 48162|41.5215295|-93.1017961
Monroe Wednesday|Location is: Monroe Alano Club|4|20:00:00|21:00:00|148 N Monroe St, Monroe, IA 48162|41.5215295|-93.1017961
Monroe Alano Club|Location is: Monroe Alano Club|5|00:00:00|01:00:00|148 N Monroe St., Monroe, IA 48162|41.5215295|-93.1017961
FRIDAY NITE LIVE|Location is: Monroe Alano Club|6|20:00:00|21:00:00|148 N Monroe St., Monroe, IA 48162|41.5215295|-93.1017961
LAST CALL|Location is: Monroe Alano Club|6|12:00:00|13:00:00|148 N Monroe St., Monroe, IA 48162|41.5215295|-93.1017961
FIRST THINGS FIRST|Location is: Monroe Alano Club|7|10:00:00|11:00:00|148 N Monroe St., Monroe, IA 48162|41.5215295|-93.1017961
Monroe Alano Club|Location is: Monroe Alano Club|7|15:00:00|16:00:00|148 N Monroe St., Monroe, IA 48162|41.5215295|-93.1017961
LAST CALL|Location is: Monroe Alano Club|7|12:00:00|13:00:00|148 N Monroe St., Monroe, IA 48162|41.5215295|-93.1017961
Walnut Lake Group|Location is: Temple Israel|5|20:00:00|21:00:00|Walnut Lake Road, west bloomfield, IA 48322|41.5490384|-93.79896329999997
